"","County","SubCounty","AdminArea","TP_Total","TP_Male","TP_Female","PWA_Total","PWA_Male","PWA_Female"
"1","xxx","KENYA","xxx",47213282,23315538,23896364,9729,4467,5261
"2","xxx","RURAL","xxx",32615723,16121886,16493031,7470,3414,4055
"3","xxx","URBAN","xxx",14597559,7193652,7403333,2259,1053,1206
"4","MOMBASA","MOMBASA","County",1190987,598314,592656,209,102,107
"5","MOMBASA","CHANGAMWE","SubCounty",130541,67825,62716,25,15,10
"6","MOMBASA","JOMVU","SubCounty",162760,82608,80149,35,12,23
"7","MOMBASA","KISAUNI","SubCounty",287131,143186,143942,59,30,29
"8","MOMBASA","LIKONI","SubCounty",249230,126161,123065,37,20,17
"9","MOMBASA","MVITA","SubCounty",147983,71229,76752,20,9,11
"10","MOMBASA","NYALI","SubCounty",213342,107305,106032,33,16,17
"11","KWALE","KWALE","County",858748,420556,438176,171,79,92
"12","KWALE","KINANGO","SubCounty",93789,45099,48689,21,9,12
"13","KWALE","LUNGALUNGA","SubCounty",198195,97019,101173,40,15,25
"14","KWALE","MATUGA","SubCounty",192999,95096,97901,32,18,14
"15","KWALE","MSAMBWENI","SubCounty",173213,86899,86311,33,16,17
"16","KWALE","SAMBURU-KWALE","SubCounty",200552,96443,104102,45,21,24
"17","KILIFI","KILIFI","County",1440958,695879,745059,265,122,143
"18","KILIFI","CHONYI","SubCounty",62318,29517,32800,4,NA,4
"19","KILIFI","GANZE","SubCounty",143590,66741,76845,32,15,17
"20","KILIFI","KALOLENI","SubCounty",192905,92000,100900,31,13,18
"21","KILIFI","KAUMA","SubCounty",22613,10951,11662,8,6,2
"22","KILIFI","KILIFI NORTH","SubCounty",177527,86099,91426,55,25,30
"23","KILIFI","KILIFI SOUTH","SubCounty",203891,100019,103871,38,16,22
"24","KILIFI","MAGARINI","SubCounty",190644,92592,98052,38,20,18
"25","KILIFI","MALINDI","SubCounty",326991,159583,167401,44,20,24
"26","KILIFI","RABAI","SubCounty",120479,58377,62102,15,7,8
"27","TANA RIVER","TANA RIVER","County",314710,157511,157197,82,52,30
"28","TANA RIVER","TANA DELTA","SubCounty",110293,55426,54867,27,17,10
"29","TANA RIVER","TANA NORTH","SubCounty",116463,58863,57598,34,21,13
"30","TANA RIVER","TANA RIVER","SubCounty",87954,43222,44732,21,14,7
"31","LAMU","LAMU","County",141909,74669,67237,17,8,9
"32","LAMU","LAMU EAST","SubCounty",22212,11633,10579,4,1,3
"33","LAMU","LAMU WEST","SubCounty",119697,63036,56658,13,7,6
"34","TAITA/TAVETA","TAITA/TAVETA","County",335747,169778,165963,79,36,43
"35","TAITA/TAVETA","MWATATE","SubCounty",81389,41280,40107,23,9,14
"36","TAITA/TAVETA","TAITA","SubCounty",55643,28163,27480,23,9,14
"37","TAITA/TAVETA","TAVETA","SubCounty",89319,45797,43522,5,2,3
"38","TAITA/TAVETA","VOI","SubCounty",109396,54538,54854,28,16,12
"39","GARISSA","GARISSA","County",835482,454437,381012,514,259,255
"40","GARISSA","BALAMBALA","SubCounty",31819,19894,11924,1,1,NA
"41","GARISSA","DADAAB","SubCounty",183410,97713,85690,43,26,17
"42","GARISSA","FAFI","SubCounty",133286,72043,61233,20,9,11
"43","GARISSA","GARISSA","SubCounty",161951,81846,80100,35,12,23
"44","GARISSA","HULUGHO","SubCounty",133746,77885,55856,179,95,84
"45","GARISSA","IJARA","SubCounty",141418,80351,61063,224,110,114
"46","GARISSA","LAGDERA","SubCounty",49852,24705,25146,12,6,6
"47","WAJIR","WAJIR","County",775302,411369,363886,122,66,56
"48","WAJIR","BUNA","SubCounty",48117,25758,22357,4,1,3
"49","WAJIR","ELDAS","SubCounty",88905,44884,44014,40,22,18
"50","WAJIR","HABASWEIN","SubCounty",173446,94211,79220,30,19,11
"51","WAJIR","TARBAJ","SubCounty",56388,26711,29672,9,6,3
"52","WAJIR","WAJIR EAST","SubCounty",109316,58252,51062,7,5,2
"53","WAJIR","WAJIR NORTH","SubCounty",61867,31758,30102,6,2,4
"54","WAJIR","WAJIR SOUTH","SubCounty",116225,64536,51686,10,4,6
"55","WAJIR","WAJIR WEST","SubCounty",121038,65259,55773,16,7,9
"56","MANDERA","MANDERA","County",862079,431285,430758,162,89,73
"57","MANDERA","MANDERA WEST","SubCounty",97983,47937,50042,10,5,5
"58","MANDERA","BANISA","SubCounty",152043,78052,73983,55,37,18
"59","MANDERA","KOTULO","SubCounty",71602,35279,36321,23,12,11
"60","MANDERA","LAFEY","SubCounty",83001,40159,42837,32,12,20
"61","MANDERA","MANDERA CENTRAL","SubCounty",156623,71225,85393,16,10,6
"62","MANDERA","MANDERA EAST","SubCounty",158586,82668,75913,11,4,7
"63","MANDERA","MANDERA NORTH","SubCounty",142241,75965,66269,15,9,6
"64","MARSABIT","MARSABIT","County",447150,234237,212896,29,13,16
"65","MARSABIT","LOIYANGALANI","SubCounty",35274,17279,17993,5,1,4
"66","MARSABIT","MARSABIT CENTRAL","SubCounty",78167,40141,38015,3,2,1
"67","MARSABIT","MARSABIT NORTH","SubCounty",49056,26579,22476,5,3,2
"68","MARSABIT","MARSABIT SOUTH","SubCounty",64937,32884,32053,3,1,2
"69","MARSABIT","MOYALE","SubCounty",108223,55892,52330,6,3,3
"70","MARSABIT","NORTH HORR","SubCounty",67154,38247,28905,4,3,1
"71","MARSABIT","SOLOLO","SubCounty",44339,23215,21124,3,NA,3
"72","ISIOLO","ISIOLO","County",267997,139510,128483,20,11,9
"73","ISIOLO","GARBATULLA","SubCounty",99730,54661,45068,9,6,3
"74","ISIOLO","ISIOLO","SubCounty",121061,60414,60647,9,5,4
"75","ISIOLO","MERTI","SubCounty",47206,24435,22768,2,NA,2
"76","MERU","MERU","County",1535635,760915,774683,563,260,303
"77","MERU","BUURI EAST","SubCounty",75943,37814,38129,32,18,14
"78","MERU","BUURI WEST","SubCounty",80419,40265,40152,25,13,12
"79","MERU","IGEMBE CENTRAL","SubCounty",219887,109825,110058,63,34,29
"80","MERU","IGEMBE NORTH","SubCounty",168903,83050,85849,39,16,23
"81","MERU","IGEMBE SOUTH","SubCounty",160851,79684,81159,100,47,53
"82","MERU","IMENTI NORTH","SubCounty",173876,86052,87820,46,17,29
"83","MERU","IMENTI SOUTH","SubCounty",205487,102569,102913,75,40,35
"84","MERU","MERU CENTRAL","SubCounty",133165,66558,66604,53,23,30
"85","MERU","TIGANIA CENTRAL","SubCounty",104558,51674,52884,35,14,21
"86","MERU","TIGANIA EAST","SubCounty",72471,35326,37142,38,15,23
"87","MERU","TIGANIA WEST","SubCounty",139312,67473,71835,57,23,34
"88","MERU","MERU NATIONAL PARK","SubCounty",317,232,85,NA,NA,NA
"89","MERU","MT. KENYA FOREST","SubCounty",446,393,53,NA,NA,NA
"90","THARAKA-NITHI","THARAKA-NITHI","County",391303,192586,198710,119,45,74
"91","THARAKA-NITHI","IGAMBANG'OMBE","SubCounty",52802,26106,26695,23,9,14
"92","THARAKA-NITHI","MAARA","SubCounty",114734,57577,57157,40,13,27
"93","THARAKA-NITHI","MERU SOUTH","SubCounty",90520,44678,45840,21,6,15
"94","THARAKA-NITHI","THARAKA NORTH","SubCounty",58252,28239,30011,17,9,8
"95","THARAKA-NITHI","THARAKA SOUTH","SubCounty",74824,35906,38916,18,8,10
"96","THARAKA-NITHI","MT. KENYA FOREST","SubCounty",171,80,91,NA,NA,NA
"97","EMBU","EMBU","County",604769,301491,303254,215,97,118
"98","EMBU","EMBU EAST","SubCounty",129097,64350,64745,49,22,27
"99","EMBU","EMBU NORTH","SubCounty",79465,39611,39851,25,9,16
"100","EMBU","EMBU WEST","SubCounty",124616,61248,63359,30,18,12
"101","EMBU","MBEERE SOUTH","SubCounty",162918,82850,80062,87,35,52
"102","EMBU","MBEERE NORTH","SubCounty",108651,53413,55234,24,13,11
"103","EMBU","MT. KENYA FOREST","SubCounty",22,19,3,NA,NA,NA
"104","KITUI","KITUI","County",1130134,545080,585022,296,124,172
"105","KITUI","IKUTHA","SubCounty",82463,39713,42748,22,9,13
"106","KITUI","KATULANI","SubCounty",46913,23053,23859,9,4,5
"107","KITUI","KISASI","SubCounty",46003,22565,23438,13,6,7
"108","KITUI","KITUI CENTRAL","SubCounty",104128,50809,53314,32,17,15
"109","KITUI","KITUI WEST","SubCounty",70635,33773,36861,31,14,17
"110","KITUI","KYUSO","SubCounty",76452,36580,39871,27,12,15
"111","KITUI","LOWER YATTA","SubCounty",62938,31413,31525,14,6,8
"112","KITUI","MATINYANI","SubCounty",47802,23356,24445,16,5,11
"113","KITUI","MIGWANI","SubCounty",79066,37472,41590,15,6,9
"114","KITUI","MUMONI","SubCounty",29321,13728,15593,17,9,8
"115","KITUI","MUTITU","SubCounty",55136,26277,28856,8,4,4
"116","KITUI","MUTITU NORTH","SubCounty",21128,10277,10850,10,1,9
"117","KITUI","MUTOMO","SubCounty",112703,54370,58328,20,6,14
"118","KITUI","MWINGI CENTRAL","SubCounty",107973,51964,56009,23,12,11
"119","KITUI","MWINGI EAST","SubCounty",84973,40220,44748,15,8,7
"120","KITUI","NZAMBANI","SubCounty",46710,22889,23819,11,3,8
"121","KITUI","THAGICU","SubCounty",15096,7123,7972,2,1,1
"122","KITUI","TSEIKURU","SubCounty",40694,19498,21196,11,1,10
"123","MACHAKOS","MACHAKOS","County",1414022,705673,708318,287,129,158
"124","MACHAKOS","ATHI RIVER","SubCounty",319526,162520,157003,31,19,12
"125","MACHAKOS","KALAMA","SubCounty",54408,26723,27679,8,4,4
"126","MACHAKOS","KANGUNDO","SubCounty",97700,48577,49122,33,13,20
"127","MACHAKOS","KATHIANI","SubCounty",111757,54859,56894,26,10,16
"128","MACHAKOS","MACHAKOS","SubCounty",168255,83888,84361,39,17,22
"129","MACHAKOS","MASINGA","SubCounty",148181,73296,74883,39,18,21
"130","MACHAKOS","MATUNGULU","SubCounty",161080,80881,80195,33,12,21
"131","MACHAKOS","MWALA","SubCounty",181671,90287,91381,46,22,24
"132","MACHAKOS","YATTA","SubCounty",171444,84642,86800,32,14,18
"133","MAKUENI","MAKUENI","County",977015,481967,495030,296,132,164
"134","MAKUENI","KATHONZWENI","SubCounty",79281,39022,40256,50,23,27
"135","MAKUENI","KIBWEZI","SubCounty",194004,96138,97862,67,28,39
"136","MAKUENI","KILUNGU","SubCounty",60869,28969,31899,15,7,8
"137","MAKUENI","MAKINDU","SubCounty",83391,40934,42457,25,11,14
"138","MAKUENI","MAKUENI","SubCounty",128880,64270,64608,28,12,16
"139","MAKUENI","MBOONI EAST","SubCounty",97523,47982,49538,39,17,22
"140","MAKUENI","MBOONI WEST","SubCounty",102292,49273,53018,17,7,10
"141","MAKUENI","MUKAA","SubCounty",106239,53594,52645,25,16,9
"142","MAKUENI","NZAUI","SubCounty",124536,61785,62747,30,11,19
"143","NYANDARUA","NYANDARUA","County",636002,313718,322266,75,36,39
"144","NYANDARUA","KINANGOP","SubCounty",111119,54541,56574,6,2,4
"145","NYANDARUA","NYANDARUA SOUTH","SubCounty",93228,45828,47396,11,4,7
"146","NYANDARUA","MIRANGINE","SubCounty",67121,33388,33732,5,2,3
"147","NYANDARUA","KIPIPIRI","SubCounty",93698,46029,47667,19,11,8
"148","NYANDARUA","NYANDARUA CENTRAL","SubCounty",74835,37136,37698,7,2,5
"149","NYANDARUA","NYANDARUA WEST","SubCounty",97590,48470,49116,14,6,8
"150","NYANDARUA","NYANDARUA NORTH","SubCounty",98396,48315,50079,13,9,4
"151","NYANDARUA","ABERDARE NATIONAL PARK","SubCounty",15,11,4,NA,NA,NA
"152","NYERI","NYERI","County",752695,370072,382596,121,49,72
"153","NYERI","TETU","SubCounty",80283,39213,41068,13,4,9
"154","NYERI","KIENI EAST","SubCounty",109624,54882,54738,18,8,10
"155","NYERI","KIENI WEST","SubCounty",88014,43598,44411,17,8,9
"156","NYERI","MATHIRA EAST","SubCounty",98425,47717,50705,9,3,6
"157","NYERI","MATHIRA WEST","SubCounty",59729,29407,30319,14,6,8
"158","NYERI","NYERI SOUTH","SubCounty",90803,43952,46849,18,6,12
"159","NYERI","MUKURWE-INI","SubCounty",88674,43746,44922,21,12,9
"160","NYERI","NYERI CENTRAL","SubCounty",136849,67360,69487,11,2,9
"161","NYERI","MT. KENYA FOREST","SubCounty",188,123,65,NA,NA,NA
"162","NYERI","ABERDARE FOREST","SubCounty",106,74,32,NA,NA,NA
"163","KIRINYAGA","KIRINYAGA","County",605630,298845,306757,96,39,57
"164","KIRINYAGA","KIRINYAGA CENTRAL","SubCounty",121419,59201,62213,15,5,10
"165","KIRINYAGA","KIRINYAGA EAST","SubCounty",135085,66793,68284,27,15,12
"166","KIRINYAGA","KIRINYAGA WEST","SubCounty",114191,55876,58311,20,7,13
"167","KIRINYAGA","MWEA EAST","SubCounty",130571,64988,65577,22,7,15
"168","KIRINYAGA","MWEA WEST","SubCounty",104327,51961,52361,12,5,7
"169","KIRINYAGA","MT. KENYA FOREST","SubCounty",37,26,11,NA,NA,NA
"170","MURANG'A","MURANG'A","County",1053059,521518,531510,168,62,106
"171","MURANG'A","MURANG'A EAST","SubCounty",108675,53446,55228,12,3,9
"172","MURANG'A","KANGEMA","SubCounty",80189,39420,40766,18,8,10
"173","MURANG'A","MATHIOYA","SubCounty",92656,45371,47284,21,9,12
"174","MURANG'A","KAHURO","SubCounty",88059,43271,44781,18,4,14
"175","MURANG'A","MURANG'A SOUTH","SubCounty",184190,91287,92898,27,10,17
"176","MURANG'A","GATANGA","SubCounty",187631,94225,93402,26,11,15
"177","MURANG'A","KIGUMO","SubCounty",136827,67946,68878,18,5,13
"178","MURANG'A","KANDARA","SubCounty",174789,86521,88261,28,12,16
"179","MURANG'A","ABERDARE FOREST","SubCounty",43,31,12,NA,NA,NA
"180","KIAMBU","KIAMBU","County",2402834,1178685,1224022,284,129,155
"181","KIAMBU","GATUNDU NORTH","SubCounty",109654,54069,55582,11,2,9
"182","KIAMBU","GATUNDU SOUTH","SubCounty",121693,60169,61519,20,11,9
"183","KIAMBU","GITHUNGURI","SubCounty",164939,81847,83084,20,11,9
"184","KIAMBU","JUJA","SubCounty",299671,147737,151912,38,16,22
"185","KIAMBU","KABETE","SubCounty",199114,97504,101596,22,8,14
"186","KIAMBU","KIAMBAA","SubCounty",235858,115482,120363,24,10,14
"187","KIAMBU","KIAMBU","SubCounty",144241,68670,75555,19,10,9
"188","KIAMBU","KIKUYU","SubCounty",186093,90340,95749,32,13,19
"189","KIAMBU","LARI","SubCounty",134651,66751,67897,15,8,7
"190","KIAMBU","LIMURU","SubCounty",157873,78944,78929,25,11,14
"191","KIAMBU","RUIRU","SubCounty",369618,179918,189681,30,15,15
"192","KIAMBU","THIKA EAST","SubCounty",38573,19559,19010,2,1,1
"193","KIAMBU","THIKA WEST","SubCounty",240856,117695,123145,26,13,13
"194","TURKANA","TURKANA","County",922210,474906,447284,255,145,110
"195","TURKANA","KIBISH","SubCounty",36401,18425,17975,1,1,NA
"196","TURKANA","LOIMA","SubCounty",106625,53686,52939,5,1,4
"197","TURKANA","TURKANA CENTRAL","SubCounty",183121,91544,91577,22,9,13
"198","TURKANA","TURKANA EAST","SubCounty",138265,76683,61570,24,12,12
"199","TURKANA","TURKANA NORTH","SubCounty",65125,32783,32342,5,1,4
"200","TURKANA","TURKANA SOUTH","SubCounty",153350,78125,75220,23,11,12
"201","TURKANA","TURKANA WEST","SubCounty",239323,123660,115661,175,110,65
"202","WEST POKOT","WEST POKOT","County",618867,305469,313384,75,36,39
"203","WEST POKOT","KIPKOMO","SubCounty",102311,50748,51557,9,5,4
"204","WEST POKOT","POKOT CENTRAL","SubCounty",118721,59493,59225,10,4,6
"205","WEST POKOT","POKOT NORTH","SubCounty",134012,64576,69433,18,11,7
"206","WEST POKOT","POKOT SOUTH","SubCounty",80590,39762,40826,5,2,3
"207","WEST POKOT","WEST POKOT","SubCounty",183233,90890,92343,33,14,19
"208","SAMBURU","SAMBURU","County",307957,155110,152841,36,19,17
"209","SAMBURU","SAMBURU CENTRAL","SubCounty",163942,82993,80947,14,11,3
"210","SAMBURU","SAMBURU EAST","SubCounty",77136,37644,39491,15,6,9
"211","SAMBURU","SAMBURU NORTH","SubCounty",66879,34473,32403,7,2,5
"212","TRANS NZOIA","TRANS NZOIA","County",985333,485792,499515,211,102,109
"213","TRANS NZOIA","TRANS NZOIA WEST","SubCounty",199644,99081,100558,30,15,15
"214","TRANS NZOIA","TRANS NZOIA EAST","SubCounty",229117,113264,115843,28,12,16
"215","TRANS NZOIA","KWANZA","SubCounty",203586,100063,103520,54,25,29
"216","TRANS NZOIA","ENDEBESS","SubCounty",111681,56050,55628,41,21,20
"217","TRANS NZOIA","KIMININI","SubCounty",241305,117334,123966,58,29,29
"218","UASIN GISHU","UASIN GISHU","County",1152671,573060,579585,129,60,69
"219","UASIN GISHU","AINABKOI","SubCounty",137117,67686,69431,19,8,11
"220","UASIN GISHU","KAPSERET","SubCounty",196883,98482,98397,23,14,9
"221","UASIN GISHU","KESSES","SubCounty",148228,74033,74191,10,5,5
"222","UASIN GISHU","MOIBEN","SubCounty",178105,88005,90098,22,13,9
"223","UASIN GISHU","SOY","SubCounty",228219,113437,114777,31,12,19
"224","UASIN GISHU","TURBO","SubCounty",264119,131417,132691,24,8,16
"225","ELGEYO/MARAKWET","ELGEYO/MARAKWET","County",453403,226606,226785,46,20,26
"226","ELGEYO/MARAKWET","KEIYO NORTH","SubCounty",98683,49265,49417,9,6,3
"227","ELGEYO/MARAKWET","KEIYO SOUTH","SubCounty",120643,60834,59805,17,7,10
"228","ELGEYO/MARAKWET","MARAKWET EAST","SubCounty",96897,47748,49147,7,3,4
"229","ELGEYO/MARAKWET","MARAKWET WEST","SubCounty",137180,68759,68416,13,4,9
"230","NANDI","NANDI","County",883634,439958,443654,137,60,77
"231","NANDI","CHESUMEI","SubCounty",163564,80707,82853,22,12,10
"232","NANDI","NANDI CENTRAL","SubCounty",146634,72601,74026,31,13,18
"233","NANDI","NANDI EAST","SubCounty",118997,59795,59199,16,9,7
"234","NANDI","NANDI NORTH","SubCounty",166023,82404,83616,26,13,13
"235","NANDI","NANDI SOUTH","SubCounty",172672,85672,86997,25,9,16
"236","NANDI","TINDERET","SubCounty",115744,58779,56963,17,4,13
"237","BARINGO","BARINGO","County",662760,333819,328929,76,44,32
"238","BARINGO","BARINGO CENTRAL","SubCounty",96195,47661,48533,15,8,7
"239","BARINGO","BARINGO NORTH","SubCounty",104654,52248,52404,6,6,NA
"240","BARINGO","EAST POKOT","SubCounty",79770,40361,39407,9,4,5
"241","BARINGO","KOIBATEK","SubCounty",128874,64801,64071,13,8,5
"242","BARINGO","MARIGAT","SubCounty",89210,44666,44541,6,4,2
"243","BARINGO","MOGOTIO","SubCounty",90911,45860,45049,17,9,8
"244","BARINGO","TIATY EAST","SubCounty",73146,38222,34924,10,5,5
"245","LAIKIPIA","LAIKIPIA","County",513879,255998,257869,44,21,23
"246","LAIKIPIA","LAIKIPIA CENTRAL","SubCounty",95281,47702,47579,10,5,5
"247","LAIKIPIA","LAIKIPIA EAST","SubCounty",100874,50604,50265,15,5,10
"248","LAIKIPIA","LAIKIPIA NORTH","SubCounty",35870,17893,17976,2,1,1
"249","LAIKIPIA","LAIKIPIA WEST","SubCounty",128693,64658,64032,7,5,2
"250","LAIKIPIA","NYAHURURU","SubCounty",153161,75141,78017,10,5,5
"251","NAKURU","NAKURU","County",2142667,1064095,1078483,232,100,132
"252","NAKURU","GILGIL","SubCounty",182862,91648,91207,22,9,13
"253","NAKURU","KURESOI NORTH","SubCounty",174898,87352,87543,13,6,7
"254","NAKURU","KURESOI SOUTH","SubCounty",154998,78017,76978,11,5,6
"255","NAKURU","MOLO","SubCounty",156279,77872,78402,19,5,14
"256","NAKURU","NAIVASHA","SubCounty",349067,174423,174617,37,14,23
"257","NAKURU","NAKURU EAST","SubCounty",190161,90612,99539,23,10,13
"258","NAKURU","NAKURU NORTH","SubCounty",217425,105728,111682,36,14,22
"259","NAKURU","NAKURU WEST","SubCounty",194723,98971,95742,21,9,12
"260","NAKURU","NJORO","SubCounty",238233,118113,120116,31,20,11
"261","NAKURU","RONGAI","SubCounty",199004,99419,99581,12,4,8
"262","NAKURU","SUBUKIA","SubCounty",85017,41940,43076,7,4,3
"263","NAROK","NAROK","County",1149379,573009,576344,86,38,48
"264","NAROK","NAROK EAST","SubCounty",115091,58536,56548,6,2,4
"265","NAROK","NAROK NORTH","SubCounty",250105,126740,123356,15,7,8
"266","NAROK","NAROK SOUTH","SubCounty",238301,118304,119995,15,8,7
"267","NAROK","NAROK WEST","SubCounty",190237,93421,96812,7,2,5
"268","NAROK","TRANS MARA EAST","SubCounty",111119,54507,56611,17,8,9
"269","NAROK","TRANS MARA WEST","SubCounty",244494,121473,123018,26,11,15
"270","NAROK","MAU FOREST","SubCounty",32,28,4,NA,NA,NA
"271","KAJIADO","KAJIADO","County",1107296,550146,557118,115,57,58
"272","KAJIADO","ISINYA","SubCounty",207715,103573,104136,19,11,8
"273","KAJIADO","KAJIADO CENTRAL","SubCounty",159520,79927,79590,13,2,11
"274","KAJIADO","KAJIADO NORTH","SubCounty",304404,149296,155096,35,19,16
"275","KAJIADO","KAJIADO WEST","SubCounty",181622,90867,90750,14,9,5
"276","KAJIADO","LOITOKITOK","SubCounty",190174,93667,96502,29,15,14
"277","KAJIADO","MASHUURU","SubCounty",63861,32816,31044,5,1,4
"278","KERICHO","KERICHO","County",896863,447468,449367,59,28,31
"279","KERICHO","BELGUT","SubCounty",144882,72386,72496,7,5,2
"280","KERICHO","BURETI","SubCounty",198781,98462,100314,13,7,6
"281","KERICHO","KERICHO EAST","SubCounty",167898,84671,83220,13,4,9
"282","KERICHO","KIPKELION","SubCounty",122380,60983,61393,9,5,4
"283","KERICHO","LONDIANI","SubCounty",137013,68173,68830,9,4,5
"284","KERICHO","SOIN SIGOWET","SubCounty",125909,62793,63114,8,3,5
"285","BOMET","BOMET","County",873023,432591,440410,88,49,39
"286","BOMET","BOMET EAST","SubCounty",143816,70859,72950,20,10,10
"287","BOMET","CHEPALUNGU","SubCounty",164710,79831,84875,19,11,8
"288","BOMET","KONOIN","SubCounty",163359,83031,80325,13,8,5
"289","BOMET","SOTIK","SubCounty",227380,112012,115364,24,15,9
"290","BOMET","BOMET CENTRAL","SubCounty",173758,86858,86896,12,5,7
"291","KAKAMEGA","KAKAMEGA","County",1861332,893121,968174,568,254,314
"292","KAKAMEGA","BUTERE","SubCounty",153926,73570,80353,47,17,30
"293","KAKAMEGA","KAKAMEGA CENTRAL","SubCounty",185625,90840,94781,53,30,23
"294","KAKAMEGA","KAKAMEGA EAST","SubCounty",166288,79843,86441,60,19,41
"295","KAKAMEGA","KAKAMEGA NORTH","SubCounty",238093,115401,122687,78,39,39
"296","KAKAMEGA","KAKAMEGA SOUTH","SubCounty",111608,53157,58451,28,12,16
"297","KAKAMEGA","KHWISERO","SubCounty",113294,53577,59714,50,22,28
"298","KAKAMEGA","LIKUYANI","SubCounty",151773,73554,78216,48,22,26
"299","KAKAMEGA","LUGARI","SubCounty",122584,59075,63509,26,15,11
"300","KAKAMEGA","MATETE","SubCounty",66155,31740,34415,21,9,12
"301","KAKAMEGA","MATUNGU","SubCounty",166755,78721,88030,40,20,20
"302","KAKAMEGA","MUMIAS EAST","SubCounty",116712,55833,60876,32,14,18
"303","KAKAMEGA","MUMIAS WEST","SubCounty",114601,54556,60044,31,10,21
"304","KAKAMEGA","NAVAKHOLO","SubCounty",153918,73254,80657,54,25,29
"305","VIHIGA","VIHIGA","County",587189,282231,304949,190,76,114
"306","VIHIGA","EMUHAYA","SubCounty",97035,46448,50586,50,21,29
"307","VIHIGA","VIHIGA","SubCounty",94509,45355,49152,24,8,16
"308","VIHIGA","SABATIA","SubCounty",130851,62596,68254,34,14,20
"309","VIHIGA","LUANDA","SubCounty",105707,51024,54681,42,16,26
"310","VIHIGA","HAMISI","SubCounty",159070,76795,82272,40,17,23
"311","VIHIGA","KAKAMEGA FOREST","SubCounty",17,13,4,NA,NA,NA
"312","BUNGOMA","BUNGOMA","County",1663898,808115,855749,481,212,269
"313","BUNGOMA","BUMULA","SubCounty",215546,103197,112348,45,19,26
"314","BUNGOMA","BUNGOMA CENTRAL","SubCounty",177175,85965,91202,48,24,24
"315","BUNGOMA","BUNGOMA EAST","SubCounty",114242,55580,58660,39,19,20
"316","BUNGOMA","BUNGOMA NORTH","SubCounty",120871,58575,62295,34,15,19
"317","BUNGOMA","BUNGOMA SOUTH","SubCounty",284662,137597,147060,69,25,44
"318","BUNGOMA","CHEPTAIS","SubCounty",135864,67621,68237,53,24,29
"319","BUNGOMA","KIMILILI","SubCounty",161628,78329,83296,59,31,28
"320","BUNGOMA","MT. ELGON","SubCounty",78782,38933,39846,20,11,9
"321","BUNGOMA","BUNGOMA WEST","SubCounty",119585,58077,61507,33,12,21
"322","BUNGOMA","TONGAREN","SubCounty",100268,48645,51622,21,8,13
"323","BUNGOMA","WEBUYE WEST","SubCounty",151654,73734,77917,60,24,36
"324","BUNGOMA","MT. ELGON FOREST","SubCounty",3621,1862,1759,NA,NA,NA
"325","BUSIA","BUSIA","County",886856,421657,465171,314,143,171
"326","BUSIA","BUNYALA","SubCounty",85645,41241,44403,24,15,9
"327","BUSIA","BUSIA","SubCounty",138274,66057,72216,40,22,18
"328","BUSIA","BUTULA","SubCounty",140051,64998,75050,41,14,27
"329","BUSIA","NAMBALE","SubCounty",111543,52840,58699,33,11,22
"330","BUSIA","SAMIA","SubCounty",107004,50738,56252,33,16,17
"331","BUSIA","TESO NORTH","SubCounty",136804,65640,71161,23,10,13
"332","BUSIA","TESO SOUTH","SubCounty",167535,80143,87390,120,55,65
"333","SIAYA","SIAYA","County",989708,469633,520058,342,137,205
"334","SIAYA","SIAYA","SubCounty",223182,105131,118047,71,27,44
"335","SIAYA","GEM","SubCounty",179570,85573,93993,72,26,46
"336","SIAYA","UGENYA","SubCounty",134166,62534,71628,47,20,27
"337","SIAYA","UGUNJA","SubCounty",103892,48738,55154,27,12,15
"338","SIAYA","BONDO","SubCounty",196835,95370,101462,91,40,51
"339","SIAYA","RARIEDA","SubCounty",152063,72287,79774,34,12,22
"340","KISUMU","KISUMU","County",1144777,553465,591289,298,125,173
"341","KISUMU","KISUMU EAST","SubCounty",219996,107852,112140,46,20,26
"342","KISUMU","KISUMU CENTRAL","SubCounty",170592,81981,88606,20,11,9
"343","KISUMU","KISUMU WEST","SubCounty",169806,83118,86685,43,20,23
"344","KISUMU","SEME","SubCounty",121461,57520,63939,40,12,28
"345","KISUMU","MUHORONI","SubCounty",151799,75009,76789,39,17,22
"346","KISUMU","NYANDO","SubCounty",160804,76749,84048,62,29,33
"347","KISUMU","NYAKACH","SubCounty",150319,71236,79082,48,16,32
"348","HOMA BAY","HOMA BAY","County",1125823,536085,589717,375,169,206
"349","HOMA BAY","HOMA BAY","SubCounty",116034,54872,61161,26,13,13
"350","HOMA BAY","NDHIWA","SubCounty",217549,103456,114085,60,28,32
"351","HOMA BAY","RACHUONYO NORTH","SubCounty",178036,84978,93054,60,25,35
"352","HOMA BAY","RACHUONYO EAST","SubCounty",121233,57406,63825,40,18,22
"353","HOMA BAY","RACHUONYO SOUTH","SubCounty",130212,61349,68863,45,19,26
"354","HOMA BAY","RANGWE","SubCounty",117128,55111,62014,52,24,28
"355","HOMA BAY","SUBA NORTH","SubCounty",123892,60022,63869,37,20,17
"356","HOMA BAY","SUBA SOUTH","SubCounty",121739,58891,62846,55,22,33
"357","MIGORI","MIGORI","County",1108950,532162,576756,242,96,146
"358","MIGORI","AWENDO","SubCounty",116268,55921,60345,40,16,24
"359","MIGORI","KURIA EAST","SubCounty",96455,46732,49714,17,9,8
"360","MIGORI","KURIA WEST","SubCounty",207528,100576,106946,33,15,18
"361","MIGORI","NYATIKE","SubCounty",175180,83382,91791,44,19,25
"362","MIGORI","RONGO","SubCounty",123984,58928,65055,33,14,19
"363","MIGORI","SUNA EAST","SubCounty",121365,58104,63258,20,9,11
"364","MIGORI","SUNA WEST","SubCounty",127113,60601,66511,27,9,18
"365","MIGORI","URIRI","SubCounty",141057,67918,73136,28,5,23
"366","KISII","KISII","County",1260509,602031,658441,425,194,230
"367","KISII","ETAGO","SubCounty",83661,40081,43577,28,17,11
"368","KISII","GUCHA","SubCounty",83098,39313,43784,27,12,14
"369","KISII","GUCHA SOUTH","SubCounty",83209,39851,43355,21,10,11
"370","KISII","KENYENYA","SubCounty",131325,62662,68660,56,22,34
"371","KISII","KISII CENTRAL","SubCounty",163782,79203,84576,42,16,26
"372","KISII","KISII SOUTH","SubCounty",134940,64429,70506,50,26,24
"373","KISII","KITUTU CENTRAL","SubCounty",153686,74319,79361,38,17,21
"374","KISII","MARANI","SubCounty",107230,50430,56799,50,27,23
"375","KISII","MASABA SOUTH","SubCounty",122149,58023,64121,45,20,25
"376","KISII","NYAMACHE","SubCounty",130666,62010,68653,56,20,36
"377","KISII","SAMETA","SubCounty",66763,31710,35049,12,7,5
"378","NYAMIRA","NYAMIRA","County",603051,289443,313595,190,86,104
"379","NYAMIRA","BORABU","SubCounty",72797,36471,36326,21,12,9
"380","NYAMIRA","MANGA","SubCounty",94056,44779,49275,36,9,27
"381","NYAMIRA","MASABA NORTH","SubCounty",110914,52344,58568,49,20,29
"382","NYAMIRA","NYAMIRA NORTH","SubCounty",166959,80128,86825,32,16,16
"383","NYAMIRA","NYAMIRA SOUTH","SubCounty",158325,75721,82601,52,29,23
"384","NAIROBI CITY","NAIROBI CITY","County",4337080,2151473,2185406,525,257,268
"385","NAIROBI CITY","DAGORETTI","SubCounty",432331,216528,215776,50,18,32
"386","NAIROBI CITY","EMBAKASI","SubCounty",983232,489380,493813,102,56,46
"387","NAIROBI CITY","KAMUKUNJI","SubCounty",263462,132785,130670,30,16,14
"388","NAIROBI CITY","KASARANI","SubCounty",772586,375173,397379,87,32,55
"389","NAIROBI CITY","KIBRA","SubCounty",181509,91842,89660,22,19,3
"390","NAIROBI CITY","LANG'ATA","SubCounty",191207,92845,98354,27,12,15
"391","NAIROBI CITY","MAKADARA","SubCounty",188792,95811,92971,26,15,11
"392","NAIROBI CITY","MATHARE","SubCounty",204469,105047,99408,32,18,14
"393","NAIROBI CITY","NJIRU","SubCounty",623471,305774,317667,79,35,44
"394","NAIROBI CITY","STAREHE","SubCounty",194726,96858,97858,27,13,14
"395","NAIROBI CITY","WESTLANDS","SubCounty",301295,149430,151850,43,23,20
