"","County","SubCounty","AdminArea","PopAge>5_Total","PopAge>5_Male","PopAge>5_Female","WithDisability_Total","WithDisability_Male","WithDisability_Female","WithoutDisability_Total","WithoutDisability_Male","WithoutDisability_Female","NotStated_Total","NotStated_Male","NotStated_Female","PercentageWithDisability"
"1","xxx","KENYA","xxx",41235190,20317125,20916821,918270,394330,523883,40300907,19914342,20385385,7652,3821,3827,2.2
"2","xxx","RURAL","xxx",28451359,14034674,14415969,738778,316071,422678,27701370,13712663,13988022,4384,2159,2224,2.6
"3","xxx","URBAN","xxx",12783831,6282451,6500852,179492,78259,101205,12599537,6201679,6397363,3268,1662,1603,1.4
"4","MOMBASA","MOMBASA","County",1043603,523840,519747,14241,6383,7857,1029060,517293,511752,214,114,100,1.4
"5","MOMBASA","CHANGAMWE","SubCounty",115799,60352,55447,1350,633,717,114431,59712,54719,10,3,7,1.2
"6","MOMBASA","JOMVU","SubCounty",141623,71845,69775,2079,952,1127,139503,70872,68628,23,11,12,1.5
"7","MOMBASA","KISAUNI","SubCounty",249250,124035,125212,3691,1615,2075,245483,122379,123102,61,34,27,1.5
"8","MOMBASA","LIKONI","SubCounty",215656,109317,106336,2198,972,1226,213422,108321,105098,19,13,6,1
"9","MOMBASA","MVITA","SubCounty",132701,63405,69294,2480,1050,1430,130153,62314,67837,55,32,23,1.9
"10","MOMBASA","NYALI","SubCounty",188574,94886,93683,2443,1161,1282,186068,93695,92368,46,21,25,1.3
"11","KWALE","KWALE","County",728767,355194,373559,12152,5722,6430,716361,349333,367014,134,70,64,1.7
"12","KWALE","KINANGO","SubCounty",77706,37031,40674,1281,601,680,76403,36422,39980,12,4,8,1.6
"13","KWALE","LUNGALUNGA","SubCounty",166539,81145,85393,2638,1297,1341,163848,79814,84033,10,6,4,1.6
"14","KWALE","MATUGA","SubCounty",81795,81795,84826,2511,1162,1349,164059,80602,83455,28,16,12,3.1
"15","KWALE","MSAMBWENI","SubCounty",75482,75482,75204,2875,1309,1566,147770,74148,73619,28,17,11,3.8
"16","KWALE","SAMBURU-KWALE","SubCounty",167210,79741,87462,2847,1353,1494,164281,78347,85927,56,27,29,1.7
"17","KILIFI","KILIFI","County",1240674,595251,645404,20064,9004,11060,1220244,586064,634162,208,96,112,1.6
"18","KILIFI","CHONYI","SubCounty",53618,25089,28528,752,370,382,52864,24719,28144,1,NA,1,1.4
"19","KILIFI","GANZE","SubCounty",121762,55805,65954,2170,997,1173,119511,54773,64735,42,17,25,1.8
"20","KILIFI","KALOLENI","SubCounty",165266,78232,87029,2832,1227,1605,162357,76969,85384,53,22,31,1.7
"21","KILIFI","KAUMA","SubCounty",19582,9464,10118,331,179,152,19249,9283,9966,NA,NA,NA,1.7
"22","KILIFI","KILIFI NORTH","SubCounty",153360,73936,79422,2529,1028,1501,150811,72895,77914,9,4,5,1.6
"23","KILIFI","KILIFI SOUTH","SubCounty",177283,86672,90610,2253,985,1268,175000,85673,89326,10,6,4,1.3
"24","KILIFI","MAGARINI","SubCounty",162132,78199,83933,3064,1491,1573,159024,76678,82346,19,13,6,1.9
"25","KILIFI","MALINDI","SubCounty",282704,137264,145433,4566,2064,2502,278039,135153,142879,67,31,36,1.6
"26","KILIFI","RABAI","SubCounty",104967,50590,54377,1567,663,904,103389,49921,53468,7,3,4,1.5
"27","TANA RIVER","TANA RIVER","County",261570,130361,131207,4040,1980,2060,257388,128315,129072,91,38,53,1.5
"28","TANA RIVER","TANA DELTA","SubCounty",91908,45952,45956,1647,842,805,90210,45092,45118,40,12,28,1.8
"29","TANA RIVER","TANA NORTH","SubCounty",96863,48884,47977,1099,526,573,95726,48337,47388,15,8,7,1.1
"30","TANA RIVER","TANA RIVER","SubCounty",72799,35525,37274,1294,612,682,71452,34886,36566,36,18,18,1.8
"31","LAMU","LAMU","County",123237,65099,58135,2403,1134,1269,120791,63942,56846,31,15,16,1.9
"32","LAMU","LAMU EAST","SubCounty",19425,10165,9260,489,227,262,18936,9938,8998,NA,NA,NA,2.5
"33","LAMU","LAMU WEST","SubCounty",103812,54934,48875,1914,907,1007,101855,54004,47848,31,15,16,1.8
"34","TAITA/TAVETA","TAITA/TAVETA","County",297186,150452,146728,8305,3636,4666,288795,146771,142021,55,26,29,2.8
"35","TAITA/TAVETA","MWATATE","SubCounty",72491,36854,35635,2766,1166,1599,69718,35685,34032,4,1,3,3.8
"36","TAITA/TAVETA","TAITA","SubCounty",49998,25311,24687,1509,627,882,48485,24684,23801,1,NA,1,3
"37","TAITA/TAVETA","TAVETA","SubCounty",78376,40318,38058,1556,746,810,76789,39557,37232,20,7,13,2
"38","TAITA/TAVETA","VOI","SubCounty",96321,47969,48348,2474,1097,1375,93803,46845,46956,30,18,12,2.6
"39","GARISSA","GARISSA","County",723909,397437,326443,5220,2892,2327,718297,394321,323948,132,81,51,0.7
"40","GARISSA","BALAMBALA","SubCounty",29652,18691,10960,73,55,17,29576,18633,10943,NA,NA,NA,0.2
"41","GARISSA","DADAAB","SubCounty",160061,85655,74400,1320,713,607,158668,84895,73767,52,37,15,0.8
"42","GARISSA","FAFI","SubCounty",115270,62614,52647,509,279,230,114720,62309,52402,23,14,9,0.4
"43","GARISSA","GARISSA","SubCounty",138764,70032,68727,687,336,351,137976,69644,68327,35,17,18,0.5
"44","GARISSA","HULUGHO","SubCounty",115667,68479,47184,1545,982,563,114102,67484,46614,7,4,3,1.3
"45","GARISSA","IJARA","SubCounty",121824,70387,51434,781,382,399,120897,69926,50968,15,9,6,0.6
"46","GARISSA","LAGDERA","SubCounty",42671,21579,21091,305,145,160,42358,21430,20927,NA,NA,NA,0.7
"47","WAJIR","WAJIR","County",652575,349898,302633,3793,2064,1729,648267,347545,300678,54,35,19,0.6
"48","WAJIR","BUNA","SubCounty",40518,22155,18361,148,78,70,40369,22076,18291,NA,NA,NA,0.4
"49","WAJIR","ELDAS","SubCounty",75215,38753,36456,1104,609,495,74101,38138,35957,NA,NA,NA,1.5
"50","WAJIR","HABASWEIN","SubCounty",145308,78906,66387,608,334,274,144661,78550,66096,14,6,8,0.4
"51","WAJIR","TARBAJ","SubCounty",45780,22148,23627,194,97,97,45578,22047,23526,NA,NA,NA,0.4
"52","WAJIR","WAJIR EAST","SubCounty",93906,50412,43492,404,222,182,93077,49952,43123,27,22,5,0.4
"53","WAJIR","WAJIR NORTH","SubCounty",50415,26303,24106,121,53,68,50289,26247,24036,NA,NA,NA,0.2
"54","WAJIR","WAJIR SOUTH","SubCounty",99289,55566,43721,774,438,336,98494,55117,43375,13,7,6,0.8
"55","WAJIR","WAJIR WEST","SubCounty",102144,55655,46483,440,233,207,101698,55418,46274,NA,NA,NA,0.4
"56","MANDERA","MANDERA","County",701187,356867,344294,6237,3210,3026,694589,353456,341108,114,63,51,0.9
"57","MANDERA","MANDERA WEST","SubCounty",77147,38240,38905,602,307,295,76494,37906,38586,3,1,2,0.8
"58","MANDERA","BANISA","SubCounty",121224,63508,57710,1133,643,490,120040,62841,57193,3,2,1,0.9
"59","MANDERA","KOTULO","SubCounty",57580,29230,28348,689,331,357,56874,28889,27984,NA,NA,NA,1.2
"60","MANDERA","LAFEY","SubCounty",68008,33482,34522,1192,599,593,66774,32857,33913,1,1,NA,1.8
"61","MANDERA","MANDERA CENTRAL","SubCounty",126900,58964,67932,744,368,376,126000,58509,67487,107,59,48,0.6
"62","MANDERA","MANDERA EAST","SubCounty",132370,69376,62990,801,411,390,131547,68952,62591,NA,NA,NA,0.6
"63","MANDERA","MANDERA NORTH","SubCounty",117958,64067,53887,1076,551,525,116860,63502,53354,NA,NA,NA,0.9
"64","MARSABIT","MARSABIT","County",378184,199157,179010,3100,1527,1573,374841,197503,177321,183,93,90,0.8
"65","MARSABIT","LOIYANGALANI","SubCounty",28660,13886,14772,313,131,182,28343,13755,14586,NA,NA,NA,1.1
"66","MARSABIT","MARSABIT CENTRAL","SubCounty",66631,34372,32248,628,310,318,65997,34059,31927,NA,NA,NA,0.9
"67","MARSABIT","MARSABIT NORTH","SubCounty",42556,23210,19345,242,127,115,42293,23069,19223,NA,NA,NA,0.6
"68","MARSABIT","MARSABIT SOUTH","SubCounty",54880,27822,27058,464,208,256,54404,27609,26795,9,4,5,0.8
"69","MARSABIT","MOYALE","SubCounty",89277,46216,43060,622,315,307,88642,45893,42748,8,5,3,0.7
"70","MARSABIT","NORTH HORR","SubCounty",58787,33891,24894,417,227,190,58191,33570,24619,160,81,79,0.7
"71","MARSABIT","SOLOLO","SubCounty",37393,19760,17633,414,209,205,36971,19548,17423,6,3,3,1.1
"72","ISIOLO","ISIOLO","County",227379,119065,108311,2699,1261,1438,224623,117769,106851,35,20,15,1.2
"73","ISIOLO","GARBATULLA","SubCounty",85248,47217,38030,432,233,199,84800,46972,37827,12,8,4,0.5
"74","ISIOLO","ISIOLO","SubCounty",103189,51405,51784,1760,781,979,101392,50605,50787,23,12,11,1.7
"75","ISIOLO","MERTI","SubCounty",38942,20443,18497,507,247,260,38431,20192,18237,NA,NA,NA,1.3
"76","MERU","MERU","County",1365848,675792,690020,49815,21819,27994,1315478,653662,661782,312,166,146,3.6
"77","MERU","BUURI EAST","SubCounty",68799,34234,34565,3543,1388,2155,65226,32827,32399,23,15,8,5.1
"78","MERU","BUURI WEST","SubCounty",71992,36024,35966,2400,1038,1362,69569,34976,34591,8,3,5,3.3
"79","MERU","IGEMBE CENTRAL","SubCounty",192892,96149,96739,4836,2385,2451,187987,93722,94261,36,19,17,2.5
"80","MERU","IGEMBE NORTH","SubCounty",147628,72456,75168,4090,1933,2157,143469,70481,72984,37,20,17,2.8
"81","MERU","IGEMBE SOUTH","SubCounty",141314,69990,71316,3509,1646,1863,137697,68289,69400,46,25,21,2.5
"82","MERU","IMENTI NORTH","SubCounty",155806,76993,78810,5771,2409,3362,149971,74545,75423,43,26,17,3.7
"83","MERU","IMENTI SOUTH","SubCounty",185547,92634,92908,8320,3533,4786,177191,89082,88105,17,8,9,4.5
"84","MERU","MERU CENTRAL","SubCounty",120380,60118,60259,6002,2561,3441,114320,57527,56790,42,20,22,5
"85","MERU","TIGANIA CENTRAL","SubCounty",92213,45461,46752,3842,1730,2112,88356,43720,44636,3,2,1,4.2
"86","MERU","TIGANIA EAST","SubCounty",63971,30997,32971,2267,998,1268,61645,29971,31672,51,26,25,3.5
"87","MERU","TIGANIA WEST","SubCounty",124581,60129,64448,5218,2184,3034,119339,57929,61406,6,2,4,4.2
"88","MERU","MERU NATIONAL PARK","SubCounty",285,215,70,1,NA,1,284,215,69,NA,NA,NA,0.4
"89","MERU","MT. KENYA FOREST","SubCounty",440,392,48,16,14,2,424,378,46,NA,NA,NA,3.6
"90","THARAKA-NITHI","THARAKA-NITHI","County",351034,172478,178549,13029,5648,7381,337882,166755,171120,61,33,28,3.7
"91","THARAKA-NITHI","IGAMBANG'OMBE","SubCounty",46981,23183,23797,1663,733,930,45293,22433,22859,13,8,5,3.5
"92","THARAKA-NITHI","MAARA","SubCounty",104117,52259,51858,4396,1919,2477,99702,50330,49372,11,6,5,4.2
"93","THARAKA-NITHI","MERU SOUTH","SubCounty",81672,40253,41417,3160,1321,1839,78482,38916,39564,17,8,9,3.9
"94","THARAKA-NITHI","THARAKA NORTH","SubCounty",51464,24878,26584,1264,579,685,50162,24272,25888,15,8,7,2.5
"95","THARAKA-NITHI","THARAKA SOUTH","SubCounty",66646,31835,34809,2545,1096,1449,64090,30734,33354,5,3,2,3.8
"96","THARAKA-NITHI","MT. KENYA FOREST","SubCounty",154,70,84,1,NA,1,153,70,83,NA,NA,NA,0.6
"97","EMBU","EMBU","County",543425,270430,272976,23816,9681,14133,519524,260698,258809,40,19,21,4.4
"98","EMBU","EMBU EAST","SubCounty",117073,58277,58795,6152,2492,3660,110912,55780,55131,3,1,2,5.3
"99","EMBU","EMBU NORTH","SubCounty",72125,35878,36244,2941,1163,1778,69176,34710,34463,5,2,3,4.1
"100","EMBU","EMBU WEST","SubCounty",112061,54883,57169,3806,1506,2300,108242,53369,54864,5,3,2,3.4
"101","EMBU","MBEERE SOUTH","SubCounty",145688,74120,71563,6400,2706,3692,139243,71387,67853,23,13,10,4.4
"102","EMBU","MBEERE NORTH","SubCounty",96457,47254,49202,4516,1813,2703,91931,45435,46495,4,NA,4,4.7
"103","EMBU","MT. KENYA FOREST","SubCounty",21,18,3,1,1,NA,20,17,3,NA,NA,NA,4.8
"104","KITUI","KITUI","County",1004160,481638,522497,27029,11655,15373,976862,469862,506976,122,47,75,2.7
"105","KITUI","IKUTHA","SubCounty",73789,35397,38392,1968,855,1113,71808,34533,37275,1,NA,1,2.7
"106","KITUI","KATULANI","SubCounty",42501,20855,21645,980,455,525,41517,20400,21116,NA,NA,NA,2.3
"107","KITUI","KISASI","SubCounty",41232,20130,21102,1299,557,742,39922,19570,20352,6,1,5,3.2
"108","KITUI","KITUI CENTRAL","SubCounty",92891,45116,47772,1741,754,987,91129,44353,46773,6,3,3,1.9
"109","KITUI","KITUI WEST","SubCounty",63091,30051,33039,1828,733,1095,61261,29316,31944,NA,NA,NA,2.9
"110","KITUI","KYUSO","SubCounty",66959,31803,35155,1902,884,1018,65035,30911,34123,8,2,6,2.8
"111","KITUI","LOWER YATTA","SubCounty",56643,28271,28372,1782,752,1030,54853,27516,27337,6,1,5,3.1
"112","KITUI","MATINYANI","SubCounty",42736,20853,21882,1642,649,993,41090,20202,20887,NA,NA,NA,3.8
"113","KITUI","MIGWANI","SubCounty",70208,32995,37210,1785,713,1072,68386,32265,36118,20,11,9,2.5
"114","KITUI","MUMONI","SubCounty",25778,11945,13833,736,309,427,25036,11632,13404,2,2,NA,2.9
"115","KITUI","MUTITU","SubCounty",48615,22953,25660,1284,557,727,47292,22379,24911,34,14,20,2.6
"116","KITUI","MUTITU NORTH","SubCounty",18901,9150,9750,765,301,464,18130,8845,9284,5,3,2,4
"117","KITUI","MUTOMO","SubCounty",100046,47946,52095,2736,1270,1466,97290,46668,50617,5,4,1,2.7
"118","KITUI","MWINGI CENTRAL","SubCounty",95365,45511,49854,2048,911,1137,93292,44591,48701,13,3,10,2.1
"119","KITUI","MWINGI EAST","SubCounty",74692,35082,39606,2449,1054,1395,72210,34013,38193,16,3,13,3.3
"120","KITUI","NZAMBANI","SubCounty",41618,20297,21319,899,371,527,40712,19924,20787,NA,NA,NA,2.2
"121","KITUI","THAGICU","SubCounty",13260,6214,7045,403,199,204,12855,6013,6841,NA,NA,NA,3
"122","KITUI","TSEIKURU","SubCounty",35835,17069,18766,782,331,451,35044,16731,18313,NA,NA,NA,2.2
"123","MACHAKOS","MACHAKOS","County",1267555,631785,635743,31701,13477,18223,1235601,618173,617402,174,90,84,2.5
"124","MACHAKOS","ATHI RIVER","SubCounty",281352,143220,138131,3150,1519,1631,278075,141634,136440,111,57,54,1.1
"125","MACHAKOS","KALAMA","SubCounty",49428,24196,25227,1233,523,710,48193,23672,24516,1,1,NA,2.5
"126","MACHAKOS","KANGUNDO","SubCounty",88696,43984,44711,3560,1452,2108,85132,42530,42601,2,1,1,4
"127","MACHAKOS","KATHIANI","SubCounty",100921,49330,51587,3953,1437,2516,96952,47884,49064,12,6,6,3.9
"128","MACHAKOS","MACHAKOS","SubCounty",151412,75452,75954,3926,1612,2314,147459,73826,73627,12,6,6,2.6
"129","MACHAKOS","MASINGA","SubCounty",132186,65232,66952,3600,1604,1996,128560,63610,64948,16,9,7,2.7
"130","MACHAKOS","MATUNGULU","SubCounty",144730,72712,72014,4241,1818,2423,140465,70886,69575,7,2,5,2.9
"131","MACHAKOS","MWALA","SubCounty",164893,81782,83108,4409,1924,2484,160469,79849,80618,8,6,2,2.7
"132","MACHAKOS","YATTA","SubCounty",153937,75877,78059,3629,1588,2041,150296,74282,76013,5,2,3,2.4
"133","MAKUENI","MAKUENI","County",880923,433423,447482,36369,14896,21472,844243,418374,425852,113,48,65,4.1
"134","MAKUENI","KATHONZWENI","SubCounty",71750,35235,36512,3041,1336,1705,68680,33886,34791,5,2,3,4.2
"135","MAKUENI","KIBWEZI","SubCounty",174307,86080,88223,7962,3269,4693,166287,82780,83503,17,7,10,4.6
"136","MAKUENI","KILUNGU","SubCounty",54838,25930,28907,1858,717,1141,52961,25201,27759,8,5,3,3.4
"137","MAKUENI","MAKINDU","SubCounty",74860,36636,38224,3106,1256,1850,71723,35366,36357,24,11,13,4.1
"138","MAKUENI","MAKUENI","SubCounty",116457,57980,58475,4773,1892,2881,111643,56070,55571,4,1,3,4.1
"139","MAKUENI","MBOONI EAST","SubCounty",88212,43242,44967,4059,1661,2397,84140,41577,42561,2,NA,2,4.6
"140","MAKUENI","MBOONI WEST","SubCounty",92219,44238,47980,3553,1471,2082,88638,42753,45884,8,3,5,3.9
"141","MAKUENI","MUKAA","SubCounty",95967,48488,47479,3943,1640,2303,91981,46828,45153,14,4,10,4.1
"142","MAKUENI","NZAUI","SubCounty",112313,55594,56715,4074,1654,2420,108190,53913,54273,31,15,16,3.6
"143","NYANDARUA","NYANDARUA","County",566158,278437,287704,16228,6649,9578,549839,271743,278081,60,27,32,2.9
"144","NYANDARUA","KINANGOP","SubCounty",98683,48254,50425,2308,928,1380,96356,47315,49037,13,6,7,2.3
"145","NYANDARUA","NYANDARUA SOUTH","SubCounty",83036,40716,42317,2242,934,1308,80788,39779,41006,4,2,2,2.7
"146","NYANDARUA","MIRANGINE","SubCounty",59612,29594,30017,1592,670,922,58013,28921,29091,6,2,4,2.7
"147","NYANDARUA","KIPIPIRI","SubCounty",83760,41057,42701,2857,1122,1734,80888,39929,40958,14,6,8,3.4
"148","NYANDARUA","NYANDARUA CENTRAL","SubCounty",66255,32787,33467,1690,738,952,64550,32040,32509,8,5,3,2.6
"149","NYANDARUA","NYANDARUA WEST","SubCounty",86896,43076,43816,2655,1089,1566,84234,41985,42245,4,1,3,3.1
"150","NYANDARUA","NYANDARUA NORTH","SubCounty",87902,42943,44957,2884,1168,1716,84996,41764,43231,11,5,5,3.3
"151","NYANDARUA","ABERDARE NATIONAL PARK","SubCounty",14,10,4,NA,NA,NA,14,10,4,NA,NA,NA,NA
"152","NYERI","NYERI","County",679998,333275,346697,21875,8599,13274,658029,324623,333382,34,24,10,3.2
"153","NYERI","TETU","SubCounty",72884,35534,37348,2346,923,1423,70525,34604,35919,2,1,1,3.2
"154","NYERI","KIENI EAST","SubCounty",98194,49094,49096,3243,1286,1957,94939,47800,47135,6,5,1,3.3
"155","NYERI","KIENI WEST","SubCounty",79260,39204,40051,3109,1229,1880,76145,37971,38169,5,3,2,3.9
"156","NYERI","MATHIRA EAST","SubCounty",89463,43194,46266,2624,994,1630,86833,42196,44634,3,1,2,2.9
"157","NYERI","MATHIRA WEST","SubCounty",54372,26669,27700,2378,923,1455,51983,25740,26240,3,1,2,4.4
"158","NYERI","NYERI SOUTH","SubCounty",82350,39661,42688,2502,996,1506,79838,38659,41178,2,1,1,3
"159","NYERI","MUKURWE-INI","SubCounty",80638,39699,40933,3085,1190,1893,77545,38506,39035,2,2,NA,3.8
"160","NYERI","NYERI CENTRAL","SubCounty",122567,60038,62527,2587,1057,1530,119952,58966,60984,11,10,1,2.1
"161","NYERI","MT. KENYA FOREST","SubCounty",174,115,59,1,1,NA,173,114,59,NA,NA,NA,0.6
"162","NYERI","ABERDARE FOREST","SubCounty",96,67,29,NA,NA,NA,96,67,29,NA,NA,NA,NA
"163","KIRINYAGA","KIRINYAGA","County",548367,270128,278213,18875,7279,11594,529420,262807,266589,26,16,10,3.4
"164","KIRINYAGA","KIRINYAGA CENTRAL","SubCounty",110255,53667,56584,3365,1274,2091,106879,52386,54489,2,2,NA,3.1
"165","KIRINYAGA","KIRINYAGA EAST","SubCounty",123147,60901,62238,4666,1820,2846,118454,59066,59380,12,7,5,3.8
"166","KIRINYAGA","KIRINYAGA WEST","SubCounty",103301,50359,52938,4114,1558,2555,99181,48798,50380,2,2,NA,4
"167","KIRINYAGA","MWEA EAST","SubCounty",117240,58176,59058,3555,1385,2169,113663,56776,56882,9,5,4,3
"168","KIRINYAGA","MWEA WEST","SubCounty",94392,47001,47387,3175,1242,1933,91211,45757,45450,1,NA,1,3.4
"169","KIRINYAGA","MT. KENYA FOREST","SubCounty",32,24,8,NA,NA,NA,32,24,8,NA,NA,NA,NA
"170","MURANG'A","MURANG'A","County",942756,465942,476786,35141,13808,21331,907431,452031,455374,115,58,57,3.7
"171","MURANG'A","MURANG'A EAST","SubCounty",96939,47476,49462,3181,1250,1931,93748,46221,47526,4,2,2,3.3
"172","MURANG'A","KANGEMA","SubCounty",72457,35526,36928,3171,1217,1954,69282,34306,34973,NA,NA,NA,4.4
"173","MURANG'A","MATHIOYA","SubCounty",83435,40733,42701,3420,1317,2103,79999,39409,40589,9,3,6,4.1
"174","MURANG'A","KAHURO","SubCounty",79917,39127,40785,3725,1465,2260,76180,37654,38521,8,5,3,4.7
"175","MURANG'A","MURANG'A SOUTH","SubCounty",163919,81203,82711,5713,2239,3474,158171,78944,79222,21,11,10,3.5
"176","MURANG'A","GATANGA","SubCounty",167348,83964,83381,5213,2144,3068,162090,81793,80295,27,13,14,3.1
"177","MURANG'A","KIGUMO","SubCounty",122565,60729,61833,4725,1879,2846,117816,58838,58975,19,11,8,3.9
"178","MURANG'A","KANDARA","SubCounty",156135,77154,78974,5993,2297,3695,150104,74836,75262,27,13,14,3.8
"179","MURANG'A","ABERDARE FOREST","SubCounty",41,30,11,NA,NA,NA,41,30,11,NA,NA,NA,NA
"180","KIAMBU","KIAMBU","County",2125316,1038886,1086316,44519,18159,26353,2080180,1020406,1059667,453,224,229,2.1
"181","KIAMBU","GATUNDU NORTH","SubCounty",98229,48279,49948,3572,1375,2197,94633,46894,47737,17,6,11,3.6
"182","KIAMBU","GATUNDU SOUTH","SubCounty",109564,54098,55462,3783,1522,2260,105737,52556,53178,31,13,18,3.5
"183","KIAMBU","GITHUNGURI","SubCounty",148200,73432,74760,4586,1825,2761,143589,71591,71990,16,9,7,3.1
"184","KIAMBU","JUJA","SubCounty",263538,129633,133884,4136,1743,2392,259312,127843,131449,69,35,34,1.6
"185","KIAMBU","KABETE","SubCounty",176195,85860,90321,3536,1443,2092,172604,84392,88199,38,16,22,2
"186","KIAMBU","KIAMBAA","SubCounty",207423,101182,106231,3655,1558,2096,203681,99580,104092,71,35,36,1.8
"187","KIAMBU","KIAMBU","SubCounty",127700,60381,67306,2537,979,1558,125101,59370,65718,55,29,26,2
"188","KIAMBU","KIKUYU","SubCounty",164733,79460,85269,3844,1511,2333,160860,77937,82919,12,6,6,2.3
"189","KIAMBU","LARI","SubCounty",119841,59371,60469,3519,1423,2096,116308,57942,58365,8,3,5,2.9
"190","KIAMBU","LIMURU","SubCounty",140152,70083,70069,3473,1395,2078,136653,68669,67984,18,12,6,2.5
"191","KIAMBU","RUIRU","SubCounty",323870,156826,167027,3980,1750,2229,319795,155022,164757,70,36,34,1.2
"192","KIAMBU","THIKA EAST","SubCounty",34243,17386,16853,945,391,554,33293,16993,16296,3,1,2,2.8
"193","KIAMBU","THIKA WEST","SubCounty",211628,102895,108717,2953,1244,1707,208614,101617,106983,45,23,22,1.4
"194","TURKANA","TURKANA","County",791011,408880,382112,7959,3901,4058,781219,403998,377202,660,333,327,1
"195","TURKANA","KIBISH","SubCounty",30925,15710,15214,264,107,157,30660,15602,15057,NA,NA,NA,0.9
"196","TURKANA","LOIMA","SubCounty",90698,45687,45011,868,405,463,89555,45126,44429,103,53,50,1
"197","TURKANA","TURKANA CENTRAL","SubCounty",153104,76290,76814,1706,808,898,151328,75450,75878,46,23,23,1.1
"198","TURKANA","TURKANA EAST","SubCounty",123590,69204,54374,858,475,383,122519,68601,53906,148,84,64,0.7
"199","TURKANA","TURKANA NORTH","SubCounty",54475,27300,27175,439,173,266,53996,27102,26894,4,2,2,0.8
"200","TURKANA","TURKANA SOUTH","SubCounty",132586,67968,64614,1429,706,723,130982,67153,63825,81,40,41,1.1
"201","TURKANA","TURKANA WEST","SubCounty",205633,106721,98910,2395,1227,1168,202179,104964,97213,278,131,147,1.2
"202","WEST POKOT","WEST POKOT","County",505029,248387,256631,5220,2465,2755,499645,245843,253791,87,37,50,1
"203","WEST POKOT","KIPKOMO","SubCounty",83739,41357,42376,1108,540,568,82618,40811,41801,NA,NA,NA,1.3
"204","WEST POKOT","POKOT CENTRAL","SubCounty",96554,48335,48218,798,363,435,95716,47953,47762,16,6,10,0.8
"205","WEST POKOT","POKOT NORTH","SubCounty",106842,51183,55657,1006,476,530,105771,50679,55090,50,19,31,0.9
"206","WEST POKOT","POKOT SOUTH","SubCounty",66296,32516,33778,491,239,252,65801,32276,33523,NA,NA,NA,0.7
"207","WEST POKOT","WEST POKOT","SubCounty",151598,74996,76602,1817,847,970,149739,74124,75615,21,12,9,1.2
"208","SAMBURU","SAMBURU","County",257368,129696,127668,3377,1577,1800,253906,128070,125832,25,10,15,1.3
"209","SAMBURU","SAMBURU CENTRAL","SubCounty",137852,69938,67912,1717,843,874,136084,69066,67016,18,7,11,1.2
"210","SAMBURU","SAMBURU EAST","SubCounty",64070,31068,33002,1193,504,689,62854,30548,32306,1,NA,1,1.9
"211","SAMBURU","SAMBURU NORTH","SubCounty",55446,28690,26754,467,230,237,54968,28456,26510,6,3,3,0.8
"212","TRANS NZOIA","TRANS NZOIA","County",856006,420590,435396,17499,8095,9403,838355,412410,425926,60,30,30,2
"213","TRANS NZOIA","TRANS NZOIA WEST","SubCounty",172694,85438,87253,3181,1506,1675,169469,83908,85558,32,17,15,1.8
"214","TRANS NZOIA","TRANS NZOIA EAST","SubCounty",199879,98290,101582,3813,1731,2082,196031,96541,99483,11,4,7,1.9
"215","TRANS NZOIA","KWANZA","SubCounty",176687,86640,90044,3391,1589,1801,173272,85039,88231,7,4,3,1.9
"216","TRANS NZOIA","ENDEBESS","SubCounty",95631,47979,47649,2367,1139,1228,93248,46828,46417,2,1,1,2.5
"217","TRANS NZOIA","KIMININI","SubCounty",211115,102243,108868,4747,2130,2617,206335,100094,106237,8,4,4,2.2
"218","UASIN GISHU","UASIN GISHU","County",1012918,502935,509961,15079,6851,8227,997634,495978,501635,122,57,65,1.5
"219","UASIN GISHU","AINABKOI","SubCounty",120772,59469,61303,1486,679,807,119270,58782,60488,10,5,5,1.2
"220","UASIN GISHU","KAPSERET","SubCounty",173670,86778,86888,2800,1280,1520,170812,85469,85339,40,19,21,1.6
"221","UASIN GISHU","KESSES","SubCounty",130412,65087,65322,1637,767,870,128760,64313,64444,11,5,6,1.3
"222","UASIN GISHU","MOIBEN","SubCounty",156504,77181,79321,1971,919,1052,154513,76254,78257,14,5,9,1.3
"223","UASIN GISHU","SOY","SubCounty",199687,99078,100604,3493,1546,1946,196139,97498,98637,23,13,10,1.7
"224","UASIN GISHU","TURBO","SubCounty",231873,115342,116523,3692,1660,2032,228140,113662,114470,24,10,14,1.6
"225","ELGEYO/MARAKWET","ELGEYO/MARAKWET","County",392505,196039,196455,4861,2382,2479,387572,193615,193946,52,28,24,1.2
"226","ELGEYO/MARAKWET","KEIYO NORTH","SubCounty",86081,42941,43139,1234,616,618,84830,42318,42511,14,6,8,1.4
"227","ELGEYO/MARAKWET","KEIYO SOUTH","SubCounty",105955,53433,52519,1611,749,862,104328,52673,51652,12,7,5,1.5
"228","ELGEYO/MARAKWET","MARAKWET EAST","SubCounty",82462,40560,41900,773,393,380,81681,40162,41517,1,1,NA,0.9
"229","ELGEYO/MARAKWET","MARAKWET WEST","SubCounty",118007,59105,58897,1243,624,619,116733,58462,58266,25,14,11,1.1
"230","NANDI","NANDI","County",777779,386727,391032,14260,6503,7756,762805,379860,382926,74,44,30,1.8
"231","NANDI","CHESUMEI","SubCounty",144423,71155,73265,1869,877,992,142515,70261,72251,4,3,1,1.3
"232","NANDI","NANDI CENTRAL","SubCounty",129423,63991,65426,2549,1146,1403,126872,62843,64023,NA,NA,NA,2
"233","NANDI","NANDI EAST","SubCounty",104652,52581,52068,1575,779,795,103034,51779,51253,40,21,19,1.5
"234","NANDI","NANDI NORTH","SubCounty",146003,72335,73665,2996,1290,1706,142958,71013,71942,13,9,4,2.1
"235","NANDI","NANDI SOUTH","SubCounty",152419,75431,76985,3050,1387,1663,149344,74032,75309,8,4,4,2
"236","NANDI","TINDERET","SubCounty",100859,51234,49623,2221,1024,1197,98082,49932,48148,9,7,2,2.2
"237","BARINGO","BARINGO","County",567970,285431,282528,8666,4090,4575,559176,281274,277892,42,17,25,1.5
"238","BARINGO","BARINGO CENTRAL","SubCounty",83881,41377,42504,1464,679,785,82410,40693,41717,1,NA,1,1.7
"239","BARINGO","BARINGO NORTH","SubCounty",90244,44902,45340,1693,792,901,88531,44101,44428,3,1,2,1.9
"240","BARINGO","EAST POKOT","SubCounty",67191,33897,33292,458,204,254,66716,33682,33032,5,2,3,0.7
"241","BARINGO","KOIBATEK","SubCounty",112677,56483,56192,1682,813,869,110979,55662,55315,8,3,5,1.5
"242","BARINGO","MARIGAT","SubCounty",74557,37214,37340,1257,604,653,73282,36602,36677,9,5,4,1.7
"243","BARINGO","MOGOTIO","SubCounty",78149,39362,38785,1246,572,673,76889,38779,38109,1,1,NA,1.6
"244","BARINGO","TIATY EAST","SubCounty",61271,32196,29075,866,426,440,60369,31755,28614,15,5,10,1.4
"245","LAIKIPIA","LAIKIPIA","County",448546,222942,225593,8352,3635,4717,440141,219281,220849,30,13,17,1.9
"246","LAIKIPIA","LAIKIPIA CENTRAL","SubCounty",84945,42416,42529,2374,996,1378,82557,41416,41141,10,2,8,2.8
"247","LAIKIPIA","LAIKIPIA EAST","SubCounty",88749,44501,44243,1247,551,696,87498,43948,43545,3,2,1,1.4
"248","LAIKIPIA","LAIKIPIA NORTH","SubCounty",29383,14627,14755,269,133,136,29113,14494,14618,1,NA,1,0.9
"249","LAIKIPIA","LAIKIPIA WEST","SubCounty",110186,55278,54905,1649,768,881,108508,54493,54012,14,9,5,1.5
"250","LAIKIPIA","NYAHURURU","SubCounty",135283,66120,69161,2813,1187,1626,132465,64930,67533,2,NA,2,2.1
"251","NAKURU","NAKURU","County",1870222,926508,943629,33933,14498,19428,1835821,911757,923986,274,137,137,1.8
"252","NAKURU","GILGIL","SubCounty",160643,80419,80217,3757,1511,2246,156839,78881,77951,24,12,12,2.3
"253","NAKURU","KURESOI NORTH","SubCounty",150876,75155,75718,2236,997,1238,148611,74142,74467,15,8,7,1.5
"254","NAKURU","KURESOI SOUTH","SubCounty",133330,67045,66282,1380,699,681,131935,66338,65594,2,1,1,1
"255","NAKURU","MOLO","SubCounty",136495,67932,68558,3419,1388,2030,133056,66533,66519,5,2,3,2.5
"256","NAKURU","NAIVASHA","SubCounty",305554,152361,153167,5399,2284,3112,300057,150025,150009,60,28,32,1.8
"257","NAKURU","NAKURU EAST","SubCounty",167065,78937,88120,3026,1270,1755,163976,77632,86337,46,24,22,1.8
"258","NAKURU","NAKURU NORTH","SubCounty",190337,92074,98248,4181,1689,2491,186085,90345,95726,58,32,26,2.2
"259","NAKURU","NAKURU WEST","SubCounty",169831,86448,83373,1746,834,912,168068,85606,82452,6,3,3,1
"260","NAKURU","NJORO","SubCounty",207123,102549,104571,3683,1595,2088,203399,100937,102459,22,8,14,1.8
"261","NAKURU","RONGAI","SubCounty",174141,86870,87267,2752,1252,1500,171356,85599,85753,16,7,9,1.6
"262","NAKURU","SUBUKIA","SubCounty",74827,36718,38108,2354,979,1375,72439,35719,36719,20,12,8,3.1
"263","NAROK","NAROK","County",961649,478685,482941,9046,4285,4761,952178,474153,478002,139,86,53,0.9
"264","NAROK","NAROK EAST","SubCounty",96606,49169,47430,1146,503,643,95446,48658,46781,6,4,2,1.2
"265","NAROK","NAROK NORTH","SubCounty",210799,106907,103883,1795,849,946,208760,105928,102823,46,30,16,0.9
"266","NAROK","NAROK SOUTH","SubCounty",196999,97723,99275,1842,887,955,195115,96808,98306,13,7,6,0.9
"267","NAROK","NAROK WEST","SubCounty",156729,76513,80214,1383,657,726,155290,75816,79472,33,21,12,0.9
"268","NAROK","TRANS MARA EAST","SubCounty",95013,46374,48638,974,453,521,94020,45912,48107,12,7,5,1
"269","NAROK","TRANS MARA WEST","SubCounty",205471,101971,103497,1906,936,970,203515,101003,102509,29,17,12,0.9
"270","NAROK","MAU FOREST","SubCounty",32,28,4,NA,NA,NA,32,28,4,NA,NA,NA,NA
"271","KAJIADO","KAJIADO","County",951420,471431,479959,10389,4755,5633,940580,466455,474096,277,114,163,1.1
"272","KAJIADO","ISINYA","SubCounty",181164,90325,90833,1364,649,715,179645,89610,90029,132,53,79,0.8
"273","KAJIADO","KAJIADO CENTRAL","SubCounty",133688,66768,66917,1380,633,747,132225,66087,66135,12,1,11,1
"274","KAJIADO","KAJIADO NORTH","SubCounty",268723,131196,137516,2998,1363,1635,265623,129790,135822,71,30,41,1.1
"275","KAJIADO","KAJIADO WEST","SubCounty",152128,75919,76204,1752,773,978,150306,75107,75195,37,16,21,1.2
"276","KAJIADO","LOITOKITOK","SubCounty",160527,78870,81653,2086,947,1139,158409,77903,80502,21,13,8,1.3
"277","KAJIADO","MASHUURU","SubCounty",55190,28353,26836,809,390,419,54372,27958,26413,4,1,3,1.5
"278","KERICHO","KERICHO","County",787507,392231,395250,8557,3993,4563,778736,388121,390590,159,77,82,1.1
"279","KERICHO","BELGUT","SubCounty",129183,64458,64725,1270,560,710,127896,63888,64008,13,7,6,1
"280","KERICHO","BURETI","SubCounty",175072,86527,88540,1888,927,961,173163,85590,87568,15,8,7,1.1
"281","KERICHO","KERICHO EAST","SubCounty",148600,74861,73732,1621,759,862,146912,74065,72840,54,26,28,1.1
"282","KERICHO","KIPKELION","SubCounty",104868,52225,52640,1154,523,630,103653,51666,51985,48,25,23,1.1
"283","KERICHO","LONDIANI","SubCounty",119180,59103,60067,1467,680,787,117686,58409,59267,18,8,10,1.2
"284","KERICHO","SOIN SIGOWET","SubCounty",110604,55057,55546,1157,544,613,109426,54503,54922,11,3,8,1
"285","BOMET","BOMET","County",762274,376450,385806,9117,4276,4840,753003,372100,380886,62,35,27,1.2
"286","BOMET","BOMET EAST","SubCounty",124394,60883,63507,1724,811,913,122638,60056,62578,22,12,10,1.4
"287","BOMET","CHEPALUNGU","SubCounty",142990,68860,74126,1954,910,1043,141013,67940,73070,1,1,NA,1.4
"288","BOMET","KONOIN","SubCounty",143628,73087,70538,1325,610,715,142284,72464,69817,11,8,3,0.9
"289","BOMET","SOTIK","SubCounty",199020,97699,101317,2440,1160,1280,196535,96520,100011,10,5,5,1.2
"290","BOMET","BOMET CENTRAL","SubCounty",152242,75921,76318,1674,785,889,150533,75120,75410,18,9,9,1.1
"291","KAKAMEGA","KAKAMEGA","County",1635814,780958,854824,47919,20370,27546,1587017,760167,826821,318,140,178,2.9
"292","KAKAMEGA","BUTERE","SubCounty",135466,64503,70960,4160,1784,2376,131278,62701,68574,12,6,6,3.1
"293","KAKAMEGA","KAKAMEGA CENTRAL","SubCounty",164509,80307,84200,3982,1714,2268,160464,78565,81897,36,13,23,2.4
"294","KAKAMEGA","KAKAMEGA EAST","SubCounty",147245,70376,76865,4308,1799,2508,142781,68505,74273,138,61,77,2.9
"295","KAKAMEGA","KAKAMEGA NORTH","SubCounty",208308,100544,107759,4949,2199,2750,202928,98148,104775,35,15,20,2.4
"296","KAKAMEGA","KAKAMEGA SOUTH","SubCounty",99042,46844,52198,2610,1145,1465,96411,45689,50722,14,8,6,2.6
"297","KAKAMEGA","KHWISERO","SubCounty",100349,47102,53244,6580,2613,3966,93750,44479,49269,10,4,6,6.6
"298","KAKAMEGA","LIKUYANI","SubCounty",133503,64386,69115,3640,1537,2102,129842,62837,67004,8,6,2,2.7
"299","KAKAMEGA","LUGARI","SubCounty",107722,51713,56009,2411,1008,1403,105292,50691,54601,5,3,2,2.2
"300","KAKAMEGA","MATETE","SubCounty",57744,27582,30162,1191,543,648,56552,27038,29514,NA,NA,NA,2.1
"301","KAKAMEGA","MATUNGU","SubCounty",145075,68135,76937,2909,1274,1635,142137,66845,75289,18,9,9,2
"302","KAKAMEGA","MUMIAS EAST","SubCounty",102244,48624,53617,4081,1721,2360,98146,46891,51252,5,2,3,4
"303","KAKAMEGA","MUMIAS WEST","SubCounty",100394,47451,52942,2231,921,1310,98129,46516,51612,22,8,14,2.2
"304","KAKAMEGA","NAVAKHOLO","SubCounty",134213,63391,70816,4867,2112,2755,129307,61262,68039,15,5,10,3.6
"305","VIHIGA","VIHIGA","County",522668,250241,272418,20000,8305,11695,502498,241836,260653,81,42,39,3.8
"306","VIHIGA","EMUHAYA","SubCounty",86136,41036,45099,3952,1654,2298,82136,39356,42779,16,8,8,4.6
"307","VIHIGA","VIHIGA","SubCounty",84383,40306,44075,3513,1422,2091,80841,38865,41974,19,11,8,4.2
"308","VIHIGA","SABATIA","SubCounty",116769,55656,61112,3526,1462,2064,113209,54174,59034,12,4,8,3
"309","VIHIGA","LUANDA","SubCounty",93794,45109,48683,4031,1744,2287,89726,43344,46380,25,14,11,4.3
"310","VIHIGA","HAMISI","SubCounty",141570,68122,73445,4978,2023,2955,136570,66085,70482,9,5,4,3.5
"311","VIHIGA","KAKAMEGA FOREST","SubCounty",16,12,4,NA,NA,NA,16,12,4,NA,NA,NA,NA
"312","BUNGOMA","BUNGOMA","County",1445146,699238,745877,29203,13212,15989,1415683,685875,729779,116,61,55,2
"313","BUNGOMA","BUMULA","SubCounty",187281,89237,98043,4309,1909,2400,182955,87318,95636,2,2,NA,2.3
"314","BUNGOMA","BUNGOMA CENTRAL","SubCounty",154035,74385,79643,3866,1706,2159,150153,72666,77481,3,3,NA,2.5
"315","BUNGOMA","BUNGOMA EAST","SubCounty",100028,48495,51531,1864,870,994,98132,47607,50523,19,10,9,1.9
"316","BUNGOMA","BUNGOMA NORTH","SubCounty",105163,50746,54416,2020,897,1123,103127,49840,53286,8,3,5,1.9
"317","BUNGOMA","BUNGOMA SOUTH","SubCounty",248245,119483,128757,3934,1787,2147,244283,117682,126596,12,3,9,1.6
"318","BUNGOMA","CHEPTAIS","SubCounty",115297,57395,57897,1521,741,779,113746,56633,57109,18,13,5,1.3
"319","BUNGOMA","KIMILILI","SubCounty",140995,68003,72989,3041,1395,1646,137938,66602,71333,4,1,3,2.2
"320","BUNGOMA","MT. ELGON","SubCounty",67932,33516,34413,1091,530,561,66833,32981,33849,5,3,2,1.6
"321","BUNGOMA","BUNGOMA WEST","SubCounty",103745,50202,53542,2657,1200,1457,101046,48981,52064,26,12,14,2.6
"322","BUNGOMA","TONGAREN","SubCounty",87309,42193,45115,1891,809,1082,85398,41374,44023,16,8,8,2.2
"323","BUNGOMA","WEBUYE WEST","SubCounty",132143,64037,68104,2985,1354,1631,129124,62660,66462,3,3,NA,2.3
"324","BUNGOMA","MT. ELGON FOREST","SubCounty",2973,1546,1427,24,14,10,2948,1531,1417,NA,NA,NA,0.8
"325","BUSIA","BUSIA","County",773860,365514,408321,20522,8745,11777,753161,356662,396474,57,27,30,2.7
"326","BUSIA","BUNYALA","SubCounty",75247,36035,39211,3107,1256,1851,72095,34748,37346,6,3,3,4.1
"327","BUSIA","BUSIA","SubCounty",120695,57316,63378,2614,1107,1507,118040,56188,61851,25,14,11,2.2
"328","BUSIA","BUTULA","SubCounty",122298,56154,66141,3189,1283,1906,119097,54864,64230,3,2,1,2.6
"329","BUSIA","NAMBALE","SubCounty",97318,45824,51491,2242,996,1246,95052,44814,50235,6,2,4,2.3
"330","BUSIA","SAMIA","SubCounty",93413,44022,49377,3828,1529,2299,89582,42490,47078,NA,NA,NA,4.1
"331","BUSIA","TESO NORTH","SubCounty",119046,56873,62172,2053,971,1082,116975,55890,61084,3,1,2,1.7
"332","BUSIA","TESO SOUTH","SubCounty",145843,69290,76551,3489,1603,1886,142320,67668,74650,14,5,9,2.4
"333","SIAYA","SIAYA","County",868276,408871,459389,35580,14072,21508,832093,394489,437588,271,138,133,4.1
"334","SIAYA","SIAYA","SubCounty",195767,91256,104507,8455,3286,5169,187176,87897,99275,98,51,47,4.3
"335","SIAYA","GEM","SubCounty",157678,74647,83028,6824,2683,4141,150764,71919,78842,64,35,29,4.3
"336","SIAYA","UGENYA","SubCounty",118387,54676,63707,4729,1871,2858,113633,52787,60842,9,6,3,4
"337","SIAYA","UGUNJA","SubCounty",91731,42663,49068,2922,1161,1761,88803,41497,47306,1,NA,1,3.2
"338","SIAYA","BONDO","SubCounty",171291,82623,88665,7023,2888,4135,164182,79684,84495,50,24,26,4.1
"339","SIAYA","RARIEDA","SubCounty",133422,63006,70414,5627,2183,3444,127535,60705,66828,49,22,27,4.2
"340","KISUMU","KISUMU","County",1004086,483463,520604,39929,16349,23580,963779,466929,496831,216,110,106,4
"341","KISUMU","KISUMU EAST","SubCounty",191117,93472,97641,5843,2502,3341,185203,90935,94264,48,23,25,3.1
"342","KISUMU","KISUMU CENTRAL","SubCounty",150284,71884,78396,2841,1234,1607,147379,70617,76758,47,25,22,1.9
"343","KISUMU","KISUMU WEST","SubCounty",149488,72933,76552,6922,2829,4093,142520,70078,72439,31,16,15,4.6
"344","KISUMU","SEME","SubCounty",106470,50090,56379,5961,2288,3673,100492,47794,52697,11,5,6,5.6
"345","KISUMU","MUHORONI","SubCounty",133142,65778,67363,4905,2116,2789,128190,63633,64556,27,16,11,3.7
"346","KISUMU","NYANDO","SubCounty",141464,67115,74344,6497,2625,3872,134879,64459,70415,20,10,10,4.6
"347","KISUMU","NYAKACH","SubCounty",132121,62191,69929,6960,2755,4205,125116,59413,65702,32,15,17,5.3
"348","HOMA BAY","HOMA BAY","County",970400,458186,512195,42181,17050,25130,928008,441001,486989,64,33,31,4.3
"349","HOMA BAY","HOMA BAY","SubCounty",100166,46862,53303,3267,1396,1871,96856,45438,51417,11,5,6,3.3
"350","HOMA BAY","NDHIWA","SubCounty",183989,86676,97307,8330,3388,4941,175626,83270,92351,11,6,5,4.5
"351","HOMA BAY","RACHUONYO NORTH","SubCounty",155166,73553,81609,8498,3351,5147,146638,70183,76451,10,5,5,5.5
"352","HOMA BAY","RACHUONYO EAST","SubCounty",105522,49596,55924,4467,1832,2635,101042,47753,53287,1,1,NA,4.2
"353","HOMA BAY","RACHUONYO SOUTH","SubCounty",112983,52629,60354,3885,1553,2332,109081,51066,58015,2,1,1,3.4
"354","HOMA BAY","RANGWE","SubCounty",101323,47099,54221,4166,1568,2598,97132,45516,51613,11,5,6,4.1
"355","HOMA BAY","SUBA NORTH","SubCounty",107218,51754,55463,5227,2186,3041,101966,49548,52417,5,3,2,4.9
"356","HOMA BAY","SUBA SOUTH","SubCounty",104033,50017,54014,4341,1776,2565,99667,48227,51438,13,7,6,4.2
"357","MIGORI","MIGORI","County",948018,452298,495690,29363,12586,16775,917997,439402,478567,153,69,84,3.1
"358","MIGORI","AWENDO","SubCounty",100402,47980,52420,4117,1745,2372,96246,46214,50030,23,11,12,4.1
"359","MIGORI","KURIA EAST","SubCounty",81510,39331,42172,1950,884,1066,79528,38432,41089,11,4,7,2.4
"360","MIGORI","KURIA WEST","SubCounty",176743,85408,91329,3473,1677,1796,172915,83579,89330,39,13,26,2
"361","MIGORI","NYATIKE","SubCounty",148791,70281,78503,5996,2408,3587,142724,67838,74880,23,13,10,4
"362","MIGORI","RONGO","SubCounty",107298,50619,56678,3633,1511,2122,103643,49096,54546,9,2,7,3.4
"363","MIGORI","SUNA EAST","SubCounty",104526,49732,54791,2819,1239,1580,101658,48470,53185,21,12,9,2.7
"364","MIGORI","SUNA WEST","SubCounty",107719,50920,56798,2538,1087,1450,105168,49826,55342,5,3,2,2.4
"365","MIGORI","URIRI","SubCounty",121029,58027,62999,4837,2035,2802,116115,55947,60165,22,11,11,4
"366","KISII","KISII","County",1117320,530397,586890,36355,15118,21236,1080740,515169,565539,126,55,71,3.3
"367","KISII","ETAGO","SubCounty",73492,35023,38466,2044,903,1141,71439,34116,37320,4,1,3,2.8
"368","KISII","GUCHA","SubCounty",73624,34520,39103,2280,950,1329,71319,33561,37758,21,9,12,3.1
"369","KISII","GUCHA SOUTH","SubCounty",73860,35135,38722,2702,1094,1608,71116,34018,37095,28,14,14,3.7
"370","KISII","KENYENYA","SubCounty",116237,55198,61037,4025,1674,2351,112196,53515,58679,9,5,4,3.5
"371","KISII","KISII CENTRAL","SubCounty",145465,70103,75359,4352,1826,2526,141094,68267,72824,9,4,5,3
"372","KISII","KISII SOUTH","SubCounty",119471,56734,62732,3039,1333,1706,116421,55394,61022,2,2,NA,2.5
"373","KISII","KITUTU CENTRAL","SubCounty",135748,65233,70510,4332,1820,2512,131382,63394,67983,20,9,11,3.2
"374","KISII","MARANI","SubCounty",95168,44453,50714,4175,1690,2485,90961,42748,48212,18,7,11,4.4
"375","KISII","MASABA SOUTH","SubCounty",108776,51200,57572,4130,1627,2503,104630,49566,55060,5,2,3,3.8
"376","KISII","NYAMACHE","SubCounty",116109,54818,61289,3583,1492,2091,112509,53322,59185,9,1,8,3.1
"377","KISII","SAMETA","SubCounty",59370,27980,31386,1693,709,984,57673,27268,30401,1,1,NA,2.9
"378","NYAMIRA","NYAMIRA","County",538716,257306,281399,17549,7360,10189,521084,249906,271167,48,19,29,3.3
"379","NYAMIRA","BORABU","SubCounty",65594,32823,32771,1743,745,998,63843,32075,31768,6,2,4,2.7
"380","NYAMIRA","MANGA","SubCounty",84191,39838,44352,2886,1176,1710,81291,38656,42634,10,4,6,3.4
"381","NYAMIRA","MASABA NORTH","SubCounty",99317,46643,52672,3464,1404,2060,95843,45235,50606,7,3,4,3.5
"382","NYAMIRA","NYAMIRA NORTH","SubCounty",148863,71075,77783,4998,2155,2843,143853,68914,74934,3,2,1,3.4
"383","NYAMIRA","NYAMIRA SOUTH","SubCounty",140751,66927,73821,4458,1880,2578,136254,65026,71225,22,8,14,3.2
"384","NAIROBI CITY","NAIROBI CITY","County",3814871,1888886,1925799,42703,19374,23322,3770331,1868545,1901611,1378,706,669,1.1
"385","NAIROBI CITY","DAGORETTI","SubCounty",378448,189576,188848,4863,2185,2678,373384,187277,186083,149,74,75,1.3
"386","NAIROBI CITY","EMBAKASI","SubCounty",857691,426408,431246,7137,3254,3882,850163,422945,427184,240,129,110,0.8
"387","NAIROBI CITY","KAMUKUNJI","SubCounty",229722,115607,114109,2979,1333,1645,226597,114199,112393,123,60,63,1.3
"388","NAIROBI CITY","KASARANI","SubCounty",675307,326583,348692,6719,3048,3669,668337,323408,344899,191,97,94,1
"389","NAIROBI CITY","KIBRA","SubCounty",161903,82065,79831,2212,1013,1198,159625,81017,78602,40,20,20,1.4
"390","NAIROBI CITY","LANG'ATA","SubCounty",173427,83860,89559,1984,993,990,171368,82833,88529,62,27,34,1.1
"391","NAIROBI CITY","MAKADARA","SubCounty",168569,85405,83155,1955,896,1059,166565,84481,82075,39,22,17,1.2
"392","NAIROBI CITY","MATHARE","SubCounty",179170,92475,86682,2632,1162,1470,176425,91251,85161,97,51,46,1.5
"393","NAIROBI CITY","NJIRU","SubCounty",542946,264941,277978,6618,2919,3698,536069,261884,274160,209,111,97,1.2
"394","NAIROBI CITY","STAREHE","SubCounty",174671,86707,87955,2084,964,1120,172419,85654,86756,142,73,69,1.2
"395","NAIROBI CITY","WESTLANDS","SubCounty",273017,135259,137744,3520,1607,1913,269379,133596,135769,86,42,44,1.3
