"","County","SubCounty","AdminArea","ConventionalHouseholds","Collected_CountyGvt","Collected_CommunityAssociation","Collected_PrivateCompany","Dumped_Compound","Dumped_Street","Dumped_Latrine","Burnt_inopen","Buried","CompostPit","Burnt_Pit","NotStated"
"1","xxx","KENYA","xxx",12043016,6.3,6.9,8.8,8.4,2.4,3.6,27.1,3.2,18.4,14.9,0
"2","xxx","RURAL","xxx",7379282,0.7,0.1,0.7,11.7,1.1,4.3,33.7,4.8,25.1,17.9,0
"3","xxx","URBAN","xxx",4663734,15.3,17.5,21.8,3.2,4.4,2.5,16.5,0.8,7.8,10.1,0
"4","MOMBASA","MOMBASA","County",376295,5.6,36.7,19.5,3.9,5.2,2.6,16.1,0.6,4.9,4.9,0
"5","MOMBASA","CHANGAMWE","SubCounty",46439,6.8,50.4,14.6,3.2,6.6,2.2,9.5,0.5,3.2,3.1,0
"6","MOMBASA","JOMVU","SubCounty",53214,2.5,27.8,8.4,5.1,6.6,1.3,27.7,0.8,10.4,9.3,0
"7","MOMBASA","KISAUNI","SubCounty",88159,4,28.7,17.3,4.9,5.5,2.7,23.6,0.7,4.7,8,0
"8","MOMBASA","LIKONI","SubCounty",80002,6.3,47.3,8,3.6,2.9,3.8,17.8,0.8,5.2,4.4,0
"9","MOMBASA","MVITA","SubCounty",38710,13.7,30.4,37.6,3,6.8,1.8,3.4,0.2,1.6,1.4,0.1
"10","MOMBASA","NYALI","SubCounty",69771,4.1,36,36.8,3.2,4.4,3,7.1,0.5,3.4,1.5,0
"11","KWALE","KWALE","County",172802,5.2,1.1,1.2,20.9,2,4.4,33.2,2.7,12.4,16.7,0
"12","KWALE","KINANGO","SubCounty",16041,0.2,0,0.1,36.3,2.2,3.1,29.7,1.9,15.8,10.6,0
"13","KWALE","LUNGALUNGA","SubCounty",37276,0.9,0.1,0.4,22.7,2.4,8.2,33.1,5.1,14,13.2,0
"14","KWALE","MATUGA","SubCounty",39124,2,0.3,0.1,22.1,0.9,3.6,32.5,1.6,14,23.1,0
"15","KWALE","MSAMBWENI","SubCounty",45374,16.8,3.9,3.6,9.9,1.8,2,37,1.3,9.6,14.1,0
"16","KWALE","SAMBURU-KWALE","SubCounty",34987,0.6,0.2,0.7,24.8,3,5.3,31,3.7,11,19.6,0.1
"17","KILIFI","KILIFI","County",297990,6.2,2.8,3.9,11.5,1.9,4.7,34.8,2.7,12,19.4,0
"18","KILIFI","CHONYI","SubCounty",11416,0,NA,0,22.2,1.3,6.3,35.4,1.4,17.7,15.7,NA
"19","KILIFI","GANZE","SubCounty",23197,0.3,0,0,21.8,0.6,4.5,33.2,3.8,13.1,22.5,0.1
"20","KILIFI","KALOLENI","SubCounty",36344,3.2,0.4,0.8,12.9,1.5,6.8,37.5,4,13.5,19.4,0
"21","KILIFI","KAUMA","SubCounty",3479,0.1,0,0.2,13.3,2.1,7,41,3.7,14.2,18.5,NA
"22","KILIFI","KILIFI NORTH","SubCounty",39508,12.7,2.7,2.2,9.6,1.4,3.8,35.3,1.7,10.4,20.4,0
"23","KILIFI","KILIFI SOUTH","SubCounty",53011,7.3,7.3,12.7,6.5,1.8,2.6,36.2,1,9,15.7,0
"24","KILIFI","MAGARINI","SubCounty",32978,1.1,0.1,0.2,17.5,1.6,4.7,37,5.3,16,16.5,0
"25","KILIFI","MALINDI","SubCounty",73317,9.4,4.6,4.7,8.4,3.2,4.8,34.7,2.7,9.7,17.8,0
"26","KILIFI","RABAI","SubCounty",24740,4.5,0.2,0.9,9.8,1.9,6.7,24.5,1.8,15.8,33.8,0
"27","TANA RIVER","TANA RIVER","County",66984,0.7,0.5,0.6,10.5,2.6,4.6,49.4,9.8,7.5,13.6,0.1
"28","TANA RIVER","TANA DELTA","SubCounty",22395,0.1,0.1,0.1,12.2,3,2.8,51.9,9.2,9.4,11.3,0
"29","TANA RIVER","TANA NORTH","SubCounty",26119,1.5,0.6,1,10.1,2.1,7.2,46.8,13.8,4.9,11.9,0
"30","TANA RIVER","TANA RIVER","SubCounty",18470,0.5,0.8,0.7,9.2,2.8,2.9,50.2,4.9,8.8,19,0.1
"31","LAMU","LAMU","County",34231,3.8,2,1.3,16,6.4,4.5,38.9,3.3,9.7,14,0
"32","LAMU","LAMU EAST","SubCounty",4476,8.5,1,0.1,16.1,14.1,8.6,32.8,1,9.7,8.2,NA
"33","LAMU","LAMU WEST","SubCounty",29755,3.1,2.2,1.5,16,5.3,3.9,39.8,3.7,9.7,14.8,0
"34","TAITA/TAVETA","TAITA/TAVETA","County",94468,5.9,0.6,0.9,9.6,1,3.7,26.1,1.4,13,37.7,0
"35","TAITA/TAVETA","MWATATE","SubCounty",23184,1,0,0.5,13,0.3,3.1,16.1,1.2,19.2,45.5,0
"36","TAITA/TAVETA","TAITA","SubCounty",14985,2.2,0,0.3,17.6,0.2,1.8,18.8,2.5,24.9,31.6,0
"37","TAITA/TAVETA","TAVETA","SubCounty",23417,5.1,0.4,1,6.3,0.7,5.9,33.8,1.8,6.4,38.6,0
"38","TAITA/TAVETA","VOI","SubCounty",32882,11.7,1.5,1.3,5.9,2.3,3.4,31,0.7,7.8,34.4,0
"39","GARISSA","GARISSA","County",138940,6.1,1,3.5,8.1,1.6,10,45.6,11.4,5.3,7.3,0
"40","GARISSA","BALAMBALA","SubCounty",3986,2.4,0.8,2.4,8.6,0.7,5,44.9,22.3,5.6,7.4,NA
"41","GARISSA","DADAAB","SubCounty",35169,2.9,0.6,3.1,8,1.2,15.2,43,15.6,3.8,6.6,0
"42","GARISSA","FAFI","SubCounty",23351,3.9,2,2.3,7.9,2.7,7.1,44.7,13.3,5.6,10.4,0
"43","GARISSA","GARISSA","SubCounty",29790,18.3,1.6,9.7,7.8,1.5,13.6,30.8,4.4,4.7,7.6,0.1
"44","GARISSA","HULUGHO","SubCounty",20078,1.8,0.1,0.2,5.8,0.3,2.7,66.4,9.1,8.5,5.1,0
"45","GARISSA","IJARA","SubCounty",18296,2.7,0.9,1,11.1,2.4,7.9,48.6,11.7,6.3,7.1,0
"46","GARISSA","LAGDERA","SubCounty",8270,1.4,0.9,0.2,9.2,2.1,7.6,56.3,13.7,3.2,5.4,NA
"47","WAJIR","WAJIR","County",126878,5.7,0.5,1.6,5.3,1.3,8.4,43.5,24,3.4,6.2,0
"48","WAJIR","BUNA","SubCounty",6480,1.6,0,0.2,9.9,2.2,6.3,45.4,23.1,6.7,4.6,NA
"49","WAJIR","ELDAS","SubCounty",13862,3.7,0.3,2.3,3.4,1.2,11,33.8,37.3,4.1,2.9,NA
"50","WAJIR","HABASWEIN","SubCounty",31113,2.7,0.7,0.6,8.2,1.2,10.7,53,11.5,3.3,8,0
"51","WAJIR","TARBAJ","SubCounty",9241,1.1,0.1,0.2,1.3,1.3,7.3,43,36.6,3.6,5.5,NA
"52","WAJIR","WAJIR EAST","SubCounty",18282,23,0.7,7.4,5.1,1.7,6.9,22.2,26.3,1.6,5.1,0
"53","WAJIR","WAJIR NORTH","SubCounty",10478,4.7,0.3,0.3,6.9,2.8,8.8,52.1,11.2,4.5,8.3,NA
"54","WAJIR","WAJIR SOUTH","SubCounty",21149,1.3,0.9,0.3,3.5,0.1,7.3,51.3,24.6,2.6,8.2,0
"55","WAJIR","WAJIR WEST","SubCounty",16273,3.9,0.1,0.6,3.6,1.8,6.3,41.1,34.9,3.7,4,NA
"56","MANDERA","MANDERA","County",123954,9.1,0.3,0.4,5.5,1.5,7.5,58.1,8.7,2.9,5.9,0
"57","MANDERA","MANDERA WEST","SubCounty",14201,2.2,0.4,0.4,6.3,0.6,6.3,66.3,8.2,4.1,5.2,0
"58","MANDERA","BANISA","SubCounty",24000,3.3,0.4,0.5,5.7,1.8,6.6,61,12.4,3.3,5,0
"59","MANDERA","KOTULO","SubCounty",9342,14.9,0.1,0.1,9.1,1.4,7.1,57.4,5.8,2.2,2,NA
"60","MANDERA","LAFEY","SubCounty",11380,5,0.1,0.7,4.5,0.6,6.1,67,8.7,3.6,3.8,NA
"61","MANDERA","MANDERA CENTRAL","SubCounty",20795,4,0.2,0.4,5,1.5,12.7,63.4,8.6,1.4,2.7,0.1
"62","MANDERA","MANDERA EAST","SubCounty",25206,27.9,0.6,0.7,3.3,1.5,7.5,38.5,6.3,3.2,10.6,NA
"63","MANDERA","MANDERA NORTH","SubCounty",19030,2.2,0,0.1,7.3,2.7,5.1,63.2,8.9,2.5,8,NA
"64","MARSABIT","MARSABIT","County",76689,5.2,0,0.4,10.4,1.8,5,46.3,7.8,3.9,19,0.1
"65","MARSABIT","LOIYANGALANI","SubCounty",7646,0,NA,0,14.1,1.6,3.1,53.1,14,2.6,11.4,NA
"66","MARSABIT","MARSABIT CENTRAL","SubCounty",15658,11.6,0.2,1.9,5.3,0.8,5.5,33.9,1.9,4,35.1,0
"67","MARSABIT","MARSABIT NORTH","SubCounty",7468,0.1,NA,0.1,15.2,5.9,4.3,57.7,1.8,1,13.8,NA
"68","MARSABIT","MARSABIT SOUTH","SubCounty",11563,0.1,0,0,12.1,1.8,2.1,53.6,16,4.5,9.7,0
"69","MARSABIT","MOYALE","SubCounty",17591,11.9,0,0.1,4.9,1.6,6.4,45.8,3.4,4,21.7,0
"70","MARSABIT","NORTH HORR","SubCounty",9601,0.1,0,0,21.9,1.5,2.2,51.7,13.7,0.6,7.7,0.4
"71","MARSABIT","SOLOLO","SubCounty",7162,0.8,NA,0.2,8,0.9,11.2,36.2,10.4,11.4,21,0
"72","ISIOLO","ISIOLO","County",53217,4.7,1.4,6.3,4.1,1.2,5.4,42.6,6,4.2,24.1,0
"73","ISIOLO","GARBATULLA","SubCounty",17047,0.4,0.6,0.6,4.6,0.9,5.6,50.5,8.8,4.2,23.8,0
"74","ISIOLO","ISIOLO","SubCounty",27612,8.4,2.3,11.8,4.4,1.4,5.3,37,2.4,4.7,22.2,0
"75","ISIOLO","MERTI","SubCounty",8558,1.4,0,NA,2.3,1.1,4.8,45.1,12.1,2.5,30.7,NA
"76","MERU","MERU","County",423931,4.6,0.2,0.6,13.4,0.7,5.2,27.8,2.7,28.1,16.7,0
"77","MERU","BUURI EAST","SubCounty",23737,2,0,0.1,8.6,0.9,3.8,27,3.1,21.8,32.6,0
"78","MERU","BUURI WEST","SubCounty",27905,2.8,1.1,1.9,4.6,1.2,1.5,24.3,1.9,29.2,31.4,0
"79","MERU","IGEMBE CENTRAL","SubCounty",51848,0.9,0,0.2,18.8,0.5,5.3,44,3.2,20.1,6.9,0
"80","MERU","IGEMBE NORTH","SubCounty",38716,1.9,0,0.2,15.8,0.7,8.3,35.9,4.9,24.3,8.1,0
"81","MERU","IGEMBE SOUTH","SubCounty",43222,11.5,0.4,0.4,18.8,0.5,8.2,26.3,2,23.4,8.4,0.1
"82","MERU","IMENTI NORTH","SubCounty",57556,15,0.1,1.1,7.8,0.7,3.8,18.3,1.4,26.2,25.6,0
"83","MERU","IMENTI SOUTH","SubCounty",63954,3.5,0.3,0.8,10.7,0.1,6.2,18.2,2.1,41.5,16.5,0
"84","MERU","MERU CENTRAL","SubCounty",39498,1.6,0.1,0.3,13.8,0.6,5.3,26,2,29.7,20.6,0
"85","MERU","TIGANIA CENTRAL","SubCounty",24983,0.4,0.4,1.4,22,1.1,2.9,33.8,3.5,25,9.4,0
"86","MERU","TIGANIA EAST","SubCounty",16791,1,0,0.8,10.8,0.4,2.8,26.3,4.5,36,17.3,0.1
"87","MERU","TIGANIA WEST","SubCounty",35402,0.3,0,0.3,15.4,1.3,5.2,31.3,2.8,28.4,15,0
"88","MERU","MERU NATIONAL PARK","SubCounty",46,NA,NA,NA,NA,NA,NA,34.8,NA,NA,65.2,NA
"89","MERU","MT. KENYA FOREST","SubCounty",273,0.7,NA,3.3,2.6,NA,1.8,26,13.2,12.5,39.9,NA
"90","THARAKA-NITHI","THARAKA-NITHI","County",109450,4.4,0.1,0.2,15.8,0.5,4.3,34.8,2,19.2,18.7,0
"91","THARAKA-NITHI","IGAMBANG'OMBE","SubCounty",14383,1.2,NA,0.1,26.4,0.9,1.9,34.9,2.3,15.8,16.5,0
"92","THARAKA-NITHI","MAARA","SubCounty",34779,3.9,0.3,0.4,14.5,0.2,3.6,33.3,1.7,24.4,17.7,0
"93","THARAKA-NITHI","MERU SOUTH","SubCounty",28211,10.4,0,0.4,17,0.6,2.2,28.3,1.8,23.1,16.2,0
"94","THARAKA-NITHI","THARAKA NORTH","SubCounty",13403,0.5,NA,0,11.3,0.4,13.5,45.9,2.8,8,17.4,0.1
"95","THARAKA-NITHI","THARAKA SOUTH","SubCounty",18603,1.5,0,0.1,11.5,0.7,3.7,39.2,2,14.6,26.7,0
"96","THARAKA-NITHI","MT. KENYA FOREST","SubCounty",71,NA,NA,NA,NA,NA,50.7,5.6,NA,33.8,9.9,NA
"97","EMBU","EMBU","County",182427,4.4,1.3,2.3,11.4,0.8,3.9,28.6,2,24.1,21.1,0
"98","EMBU","EMBU EAST","SubCounty",39586,0.8,0.7,1.9,15,0.5,5.9,23.9,2.7,32.8,15.8,NA
"99","EMBU","EMBU NORTH","SubCounty",24294,1.4,0.7,1.7,9.3,0.5,3.6,15.5,2.4,53.3,11.6,0
"100","EMBU","EMBU WEST","SubCounty",43126,16,4,6.6,10.7,1.7,4.5,19.6,0.9,21.3,14.7,0
"101","EMBU","MBEERE SOUTH","SubCounty",45924,0.8,0.3,0.5,11.4,0.7,2.4,41.9,2.6,10.1,29.4,0
"102","EMBU","MBEERE NORTH","SubCounty",29483,0.3,0,0.1,9.6,0.3,3,38,1.8,14.5,32.4,0
"103","EMBU","MT. KENYA FOREST","SubCounty",14,NA,NA,NA,NA,NA,NA,NA,NA,85.7,14.3,NA
"104","KITUI","KITUI","County",261814,3.8,0.1,0.3,13,1.3,6.1,38.3,3.1,11.3,22.8,0
"105","KITUI","IKUTHA","SubCounty",16579,0.4,NA,0.2,10,0.5,6,42.4,2.6,6.9,31,0
"106","KITUI","KATULANI","SubCounty",12166,0.2,0.1,0.1,14.7,0.1,4,36.9,2.7,16,25.2,NA
"107","KITUI","KISASI","SubCounty",10860,0.8,NA,0.2,31.8,0.5,1.5,37.3,1.4,9.7,16.7,0
"108","KITUI","KITUI CENTRAL","SubCounty",29026,15.6,0.1,0.4,13.4,2,4.1,26.5,1.9,17,18.9,0
"109","KITUI","KITUI WEST","SubCounty",17465,1.7,0,0.1,11.3,0.2,5.9,33,4.2,18.9,24.6,NA
"110","KITUI","KYUSO","SubCounty",15969,1.5,0,0.1,9.8,1.4,10.6,48.6,3.9,4.7,19.4,0
"111","KITUI","LOWER YATTA","SubCounty",15021,1.9,0.4,0.1,10.9,1.6,5.7,40.3,4.6,14.3,20.2,0
"112","KITUI","MATINYANI","SubCounty",11497,0.5,NA,0.1,12.4,0.3,5.1,26.5,1.2,30.6,23.4,NA
"113","KITUI","MIGWANI","SubCounty",18843,0.4,0,0.1,13.8,0.1,3.2,33,1.9,17.7,29.7,0
"114","KITUI","MUMONI","SubCounty",6451,0.1,NA,0.2,12,1.4,12,48.2,3.4,4.3,18.5,0
"115","KITUI","MUTITU","SubCounty",11490,0.5,0,0.3,16.6,1.9,6.4,46.2,6.3,5.9,15.6,0.1
"116","KITUI","MUTITU NORTH","SubCounty",4929,0.1,0.3,0,13.2,1,3.4,48.1,1.4,5.5,27,0
"117","KITUI","MUTOMO","SubCounty",23034,2.6,0.1,0.1,13,1,4.9,40.5,4,6.9,27.1,0
"118","KITUI","MWINGI CENTRAL","SubCounty",26745,12.8,0.1,0.8,9.1,3.6,8.6,39.3,3.4,5.1,17.1,0
"119","KITUI","MWINGI EAST","SubCounty",18725,0.1,0,0.1,13.3,1.6,6.4,45.3,2.9,4.5,26,0
"120","KITUI","NZAMBANI","SubCounty",11276,0.7,0,0.9,18.1,0.5,5.1,30.6,1.7,16.1,26.2,NA
"121","KITUI","THAGICU","SubCounty",3289,0,NA,NA,5.8,0.9,16.1,44.6,3.8,1.8,26.9,NA
"122","KITUI","TSEIKURU","SubCounty",8449,1.2,NA,0.2,6.2,0.7,10.4,50.1,4.4,6.2,20.6,NA
"123","MACHAKOS","MACHAKOS","County",399523,7.4,1.6,9.7,7.4,2.4,3.8,23.1,1.6,27.2,15.8,0
"124","MACHAKOS","ATHI RIVER","SubCounty",109723,16.4,5.4,32.3,4.2,6.7,3.2,19.2,0.6,3.9,8.1,0.1
"125","MACHAKOS","KALAMA","SubCounty",14137,0.1,0,0.2,6.8,0.1,3.9,19.2,2.9,48,18.7,0
"126","MACHAKOS","KANGUNDO","SubCounty",26115,2.1,0,0.2,3.6,0.1,3.1,13.6,1.8,62.4,13,0
"127","MACHAKOS","KATHIANI","SubCounty",28730,1.7,0,0.2,14,0.6,2.2,14.2,1.5,51.5,14.2,0
"128","MACHAKOS","MACHAKOS","SubCounty",50753,12,0.6,3.5,7.6,1.8,2.6,22.5,1.9,22.4,25,0
"129","MACHAKOS","MASINGA","SubCounty",36196,0.2,0,0.6,13,0.2,8.7,33.6,2,19.1,22.6,0
"130","MACHAKOS","MATUNGULU","SubCounty",44399,6.2,0.3,1.5,6.3,0.8,2.8,24,1.8,39.5,16.8,0
"131","MACHAKOS","MWALA","SubCounty",45809,0.7,0.1,0.4,6.8,0.7,3.6,23.9,1.4,46,16.3,0
"132","MACHAKOS","YATTA","SubCounty",43661,3.2,0.1,0.3,10.1,1,5.1,36,2.7,22.4,19.2,0
"133","MAKUENI","MAKUENI","County",243979,4,0.1,0.3,13,0.4,5,28.6,1.8,23,23.9,0
"134","MAKUENI","KATHONZWENI","SubCounty",18362,1,0,0.1,14.4,0.3,2.4,35.3,1.2,11.2,34.2,0
"135","MAKUENI","KIBWEZI","SubCounty",47594,4.7,0.1,0.3,11.8,0.5,6.3,38.1,1.2,7.1,29.9,0
"136","MAKUENI","KILUNGU","SubCounty",14563,0.2,0.1,0.1,26.6,0.1,5,24.4,4.1,33.3,6,0
"137","MAKUENI","MAKINDU","SubCounty",21662,3,0.2,0.2,10,0.4,5.6,36.8,1.2,13,29.5,0
"138","MAKUENI","MAKUENI","SubCounty",34352,13.1,0,0.6,11.9,0.9,7,20.6,2.3,27.6,16,0
"139","MAKUENI","MBOONI EAST","SubCounty",23724,0.4,0,0,19.4,0.3,1.8,21.8,1.9,33.7,20.7,0
"140","MAKUENI","MBOONI WEST","SubCounty",24807,0.1,0,0,12.8,0.1,5.9,18.5,1.4,43.4,17.8,0
"141","MAKUENI","MUKAA","SubCounty",28109,0.6,0,0.6,7.7,0.3,1.9,30,2.4,30.8,25.5,0
"142","MAKUENI","NZAUI","SubCounty",30806,6,0.2,0.1,10.8,0.5,6.1,27.1,1.8,19.7,27.7,0
"143","NYANDARUA","NYANDARUA","County",178224,4.4,0.4,1.6,14,1,1,34.4,2.7,12.2,28.4,0
"144","NYANDARUA","KINANGOP","SubCounty",30847,5.5,0,0.6,9,1,1.4,42.8,1.7,14.4,23.5,0
"145","NYANDARUA","NYANDARUA SOUTH","SubCounty",25650,8.7,1,3,9.7,0.4,0.8,31.1,2.7,11.2,31.4,0
"146","NYANDARUA","MIRANGINE","SubCounty",17880,1.2,0,0.4,18.1,0.4,0.6,38.1,2.4,12.9,26,0
"147","NYANDARUA","KIPIPIRI","SubCounty",25077,2.5,0,0.2,17.6,0.3,1.1,36.8,5.4,14.3,21.6,0
"148","NYANDARUA","NYANDARUA CENTRAL","SubCounty",21852,6.5,2,6.8,12.2,2.4,0.7,28.3,3.3,9.7,28.2,0
"149","NYANDARUA","NYANDARUA WEST","SubCounty",29003,3.4,0,0.4,17,1.4,0.6,34.3,2.1,11.1,29.8,0
"150","NYANDARUA","NYANDARUA NORTH","SubCounty",27906,2.7,0,0.3,15.5,0.7,1.6,28.8,1.7,11.2,37.4,0
"151","NYANDARUA","ABERDARE NATIONAL PARK","SubCounty",9,NA,NA,NA,NA,NA,NA,NA,NA,100,NA,NA
"152","NYERI","NYERI","County",244564,11.1,0.3,1.7,9.1,0.4,2.1,27.6,2.2,19.8,25.7,0
"153","NYERI","TETU","SubCounty",24122,1.4,0,0.1,12.4,0.1,1.4,33.7,2.2,31,17.6,0
"154","NYERI","KIENI EAST","SubCounty",36751,5.6,0.3,1.9,5.5,0.4,2,30.9,1,10.8,41.5,0
"155","NYERI","KIENI WEST","SubCounty",27530,1.4,0,0.8,6.2,0.3,2,32.8,3.5,16.5,36.6,0
"156","NYERI","MATHIRA EAST","SubCounty",33945,16.1,0.2,1.7,9,0.1,2.7,22.8,2,23.6,21.8,0
"157","NYERI","MATHIRA WEST","SubCounty",18892,0.5,0,0.2,11,0.1,2.6,24.2,5.4,27,28.8,0
"158","NYERI","NYERI SOUTH","SubCounty",28103,8.3,0.8,2.1,10.6,0.2,1.6,23.4,2.7,33.3,17,0
"159","NYERI","MUKURWE-INI","SubCounty",27036,0.9,0,0.1,19.2,0.2,2.4,37.3,1.7,17.8,20.3,0
"160","NYERI","NYERI CENTRAL","SubCounty",48036,33.7,0.4,4.4,4.4,1.3,2.1,20.6,1.1,10.9,21,0
"161","NYERI","MT. KENYA FOREST","SubCounty",101,NA,NA,NA,7.9,NA,NA,42.6,6.9,25.7,16.8,NA
"162","NYERI","ABERDARE FOREST","SubCounty",48,NA,NA,2.1,NA,NA,NA,95.8,2.1,NA,NA,NA
"163","KIRINYAGA","KIRINYAGA","County",203576,7.2,1.3,3,10.1,1.6,2.2,24.2,1.7,29.7,19,0
"164","KIRINYAGA","KIRINYAGA CENTRAL","SubCounty",40149,10.3,4,8.4,12,0.9,1.4,14.9,1.3,33,13.6,0
"165","KIRINYAGA","KIRINYAGA EAST","SubCounty",44509,5.3,0.8,1.4,9.3,0.4,1.5,14.3,2.4,51.9,12.7,0
"166","KIRINYAGA","KIRINYAGA WEST","SubCounty",37951,8.4,0.3,2.9,12.1,2.3,1.9,23.3,1.3,27.4,20.1,0
"167","KIRINYAGA","MWEA EAST","SubCounty",46331,7.9,0.9,1.9,9.1,3.1,2.8,31,2.1,18.4,22.8,0
"168","KIRINYAGA","MWEA WEST","SubCounty",34613,3.8,0.3,0.2,8.3,1,3.4,39.7,1.3,15.2,26.9,0
"169","KIRINYAGA","MT. KENYA FOREST","SubCounty",23,4.3,NA,NA,NA,NA,78.3,NA,NA,13,4.3,NA
"170","MURANG'A","MURANG'A","County",317496,3.9,0.4,1.8,16.6,0.6,2.9,30.4,2.4,23.3,17.8,0
"171","MURANG'A","MURANG'A EAST","SubCounty",34650,17.8,0,0.6,17.2,0.7,1.9,30.9,1.1,12.1,17.6,0
"172","MURANG'A","KANGEMA","SubCounty",25283,2.2,0.5,1.3,13.9,0.3,2.3,30,2.1,29.5,17.8,NA
"173","MURANG'A","MATHIOYA","SubCounty",28372,2,0.2,0.6,12,0.3,2.5,35.2,4.2,31.8,11.1,0
"174","MURANG'A","KAHURO","SubCounty",26778,1.2,0,0.5,31.7,0.2,1.6,30.7,1.2,21.9,11.1,0
"175","MURANG'A","MURANG'A SOUTH","SubCounty",55878,3.2,0.8,2.2,16.8,1.6,4.7,34.6,2.1,15.2,18.8,0
"176","MURANG'A","GATANGA","SubCounty",55340,1.6,0.4,4.5,10.4,0.3,3.1,26,2.8,28.4,22.4,0
"177","MURANG'A","KIGUMO","SubCounty",40528,2.7,0.5,1.5,21.2,0.7,2,23,2.5,31,14.9,0
"178","MURANG'A","KANDARA","SubCounty",50657,1.8,0.3,1.3,14.8,0.4,3.2,33.3,2.6,21.1,21.1,0
"179","MURANG'A","ABERDARE FOREST","SubCounty",10,NA,NA,NA,NA,NA,NA,NA,NA,NA,100,NA
"180","KIAMBU","KIAMBU","County",792333,10.1,4.6,26,4.1,1.5,1.8,24.8,0.9,9,17.1,0
"181","KIAMBU","GATUNDU NORTH","SubCounty",31452,4,0.1,0.7,9,0.3,2.2,33.5,3.2,25.7,21,0
"182","KIAMBU","GATUNDU SOUTH","SubCounty",35577,5.7,0.4,0.6,9.2,0.5,3.5,39.6,2.3,19.2,19.1,0
"183","KIAMBU","GITHUNGURI","SubCounty",49414,4.4,0.8,3.4,6.2,0.4,3.2,37.1,2.1,19.2,23.2,0
"184","KIAMBU","JUJA","SubCounty",104042,11.8,6.2,31.5,3.1,2.8,1.8,25.8,0.3,4.1,12.4,0
"185","KIAMBU","KABETE","SubCounty",66681,3.8,2,33.7,2.4,0.3,0.8,26.7,0.3,5.1,25,0
"186","KIAMBU","KIAMBAA","SubCounty",80316,6.9,2.2,29.5,4.1,0.4,3.6,26.4,1,10.2,15.5,0
"187","KIAMBU","KIAMBU","SubCounty",46816,11.6,2.5,27.7,2.8,0.5,0.7,23.2,0.8,8.3,21.6,0.1
"188","KIAMBU","KIKUYU","SubCounty",60619,3.3,1.6,33.2,2.5,0.2,1.2,23.5,1,4.5,29,0
"189","KIAMBU","LARI","SubCounty",38585,2.9,0.9,1,11.1,0.6,3.2,28.2,2.3,24.5,25.2,0
"190","KIAMBU","LIMURU","SubCounty",49096,7.2,1.6,9.7,3.8,0.8,1.1,28.3,0.9,15.4,31.1,0
"191","KIAMBU","RUIRU","SubCounty",127910,13.8,12.3,46.1,2.1,2.7,0.7,14.8,0.2,2.2,5.1,0
"192","KIAMBU","THIKA EAST","SubCounty",12736,9,0.7,3.5,5.7,2.5,2.8,34.7,0.2,8.2,32.7,0
"193","KIAMBU","THIKA WEST","SubCounty",89089,25.8,8.4,30.8,3.4,3.9,0.9,16.2,0.2,4.1,6.3,0
"194","TURKANA","TURKANA","County",162627,1.5,0.3,0.5,5,3.4,5.9,51.9,19.5,3.7,8.2,0.1
"195","TURKANA","KIBISH","SubCounty",5699,0,0,0.5,6.5,9.8,0.9,55.7,17.7,2.9,6,NA
"196","TURKANA","LOIMA","SubCounty",19139,0.1,0.1,0.1,5.7,5.6,1.9,60.7,18.2,2.1,5.4,0.1
"197","TURKANA","TURKANA CENTRAL","SubCounty",37917,4.5,0,1.2,2.6,1.9,5.8,47.7,18.4,4.3,13.6,0
"198","TURKANA","TURKANA EAST","SubCounty",17887,0.4,0.1,0.2,7.3,0.6,4.1,61.5,19,1.8,5,0.1
"199","TURKANA","TURKANA NORTH","SubCounty",12964,0.1,0,0.3,5.6,3.8,2.7,42.6,39.2,1.4,4.3,0
"200","TURKANA","TURKANA SOUTH","SubCounty",24281,1.5,0.1,0.3,6.6,2.3,4.1,59,14,3.7,8.4,0.1
"201","TURKANA","TURKANA WEST","SubCounty",44740,0.5,1.1,0.5,4.6,4.4,11,46.1,18.8,5.5,7.4,0.1
"202","WEST POKOT","WEST POKOT","County",115761,2.3,0.1,0.3,13.9,1.3,4,51.5,8,8.8,9.9,0
"203","WEST POKOT","KIPKOMO","SubCounty",18367,0.2,0,0.2,11.6,0.8,3.1,61.5,5.3,8.9,8.5,NA
"204","WEST POKOT","POKOT CENTRAL","SubCounty",21784,0,0,0,16.1,1.5,4,56.5,7.6,4.3,9.9,0
"205","WEST POKOT","POKOT NORTH","SubCounty",25736,1,0.2,0.2,11.2,2.4,3.7,56.9,14.9,4.5,5.1,0.1
"206","WEST POKOT","POKOT SOUTH","SubCounty",13752,0,NA,0.2,21.8,0.3,2.7,51.9,1.4,11.6,10.1,NA
"207","WEST POKOT","WEST POKOT","SubCounty",36122,6.6,0.1,0.7,12.5,0.9,5.3,39.4,7.1,13.5,13.9,0
"208","SAMBURU","SAMBURU","County",63951,3.2,0.1,0.4,10.5,4.8,4.1,49.6,7.3,4,16,0
"209","SAMBURU","SAMBURU CENTRAL","SubCounty",33720,5,0.1,0.8,12.5,2,4.6,43.2,4.1,4.7,23,0
"210","SAMBURU","SAMBURU EAST","SubCounty",17307,0.3,0,0,8,10,5.4,50.4,12.4,5.1,8.2,NA
"211","SAMBURU","SAMBURU NORTH","SubCounty",12924,2.3,0,0,8.6,4.8,1,65,8.9,0.8,8.4,0
"212","TRANS NZOIA","TRANS NZOIA","County",222989,3.5,0.7,1.9,13.8,2.2,3.7,17.1,2.7,44.5,9.9,0
"213","TRANS NZOIA","TRANS NZOIA WEST","SubCounty",47576,12.4,2,3,11.6,6.4,3.3,15,2.4,36.8,7.1,0
"214","TRANS NZOIA","TRANS NZOIA EAST","SubCounty",49955,0.4,0,0.3,14.9,0.9,2.6,23.5,2.6,39.5,15.3,0
"215","TRANS NZOIA","KWANZA","SubCounty",45599,1,0.7,3.2,17,1.4,4.8,13.1,3,49,6.7,0
"216","TRANS NZOIA","ENDEBESS","SubCounty",23246,0,0,0.1,21.1,1.3,2.5,20.5,2.8,42,9.7,0
"217","TRANS NZOIA","KIMININI","SubCounty",56613,2.2,0.5,2.3,9.2,0.9,4.8,14.9,2.7,52.6,10,0
"218","UASIN GISHU","UASIN GISHU","County",301110,11.4,2.4,9,4.7,0.9,3.1,26.6,1.2,13.1,27.8,0
"219","UASIN GISHU","AINABKOI","SubCounty",34862,9.1,1.6,11.2,3.9,0.8,3.4,33,1.1,9.1,27,0
"220","UASIN GISHU","KAPSERET","SubCounty",59678,17.2,1.1,11.9,4.9,1.2,2.5,21.1,0.7,12.8,26.5,0
"221","UASIN GISHU","KESSES","SubCounty",34623,5,0,2.4,4.8,0.4,3.3,34.1,1.6,10.9,37.5,0
"222","UASIN GISHU","MOIBEN","SubCounty",46602,12.7,0.9,10,2.7,0.3,3.3,31.6,0.7,5.1,32.9,0
"223","UASIN GISHU","SOY","SubCounty",53758,5.6,1.7,2,7.1,0.9,2.9,28.5,1.6,19.2,30.4,0
"224","UASIN GISHU","TURBO","SubCounty",71587,14.4,6.4,13.1,4.2,1.5,3.5,19.6,1.3,16.8,19.1,0
"225","ELGEYO/MARAKWET","ELGEYO/MARAKWET","County",99119,1.7,0,0.1,6.3,0.2,4,55.7,1.7,6.5,23.7,0
"226","ELGEYO/MARAKWET","KEIYO NORTH","SubCounty",21749,3.8,0,0.1,6.5,0.3,1.4,49.5,1.1,5.7,31.7,0
"227","ELGEYO/MARAKWET","KEIYO SOUTH","SubCounty",26740,0.5,0,0.2,3.5,0.1,5.7,50.7,3.1,8,28.1,0
"228","ELGEYO/MARAKWET","MARAKWET EAST","SubCounty",21123,0.1,NA,0,10.8,0.1,5.5,69.7,1.8,3.3,8.7,0
"229","ELGEYO/MARAKWET","MARAKWET WEST","SubCounty",29507,2.4,0,0.1,5.6,0.1,3.5,54.8,0.9,8,24.6,0
"230","NANDI","NANDI","County",199040,1.9,0.1,1.1,8.5,0.3,3.1,30,2.8,25.8,26.3,0
"231","NANDI","CHESUMEI","SubCounty",39011,3.5,0.1,0.4,8.7,0.6,2.4,30,2.1,21.6,30.6,0
"232","NANDI","NANDI CENTRAL","SubCounty",34247,3.4,0.2,0.6,7.8,0.3,2.2,24.4,4,34.5,22.6,0
"233","NANDI","NANDI EAST","SubCounty",29249,4.2,0.1,4.7,5.6,0.2,5.5,18.4,3.7,29.6,28.1,0
"234","NANDI","NANDI NORTH","SubCounty",35257,0,0,0.1,7.8,0.3,2.8,35.3,1.8,18.6,33.2,0
"235","NANDI","NANDI SOUTH","SubCounty",37038,0.1,0,0.1,12.4,0.5,2.8,26.8,3.6,34.4,19.4,0
"236","NANDI","TINDERET","SubCounty",24238,0,0.1,1.8,7.8,0.2,3.3,49,1.5,13.2,23,0
"237","BARINGO","BARINGO","County",141877,1.9,0,0.2,7.5,1.4,2.6,55.4,4.2,4,22.9,0
"238","BARINGO","BARINGO CENTRAL","SubCounty",23523,2.3,0,0.4,3.3,0.1,4.2,51.6,1.6,3.4,33.1,0
"239","BARINGO","BARINGO NORTH","SubCounty",23345,0.1,0,0,5.6,0.1,3.1,64.3,2.9,3.7,20.2,0
"240","BARINGO","EAST POKOT","SubCounty",14392,0.6,0,0.1,19.1,7.2,1.6,50.2,12.1,3.3,5.8,NA
"241","BARINGO","KOIBATEK","SubCounty",30752,5.6,NA,0.3,5.1,1.7,1.8,47.9,1.1,6.3,30.1,0
"242","BARINGO","MARIGAT","SubCounty",19658,0.1,NA,0.1,5.4,0.8,2.1,67.4,2.4,3.4,18.3,0
"243","BARINGO","MOGOTIO","SubCounty",18169,1.5,0,0.1,3.3,0.2,2.9,56.8,2.3,2.5,30.4,NA
"244","BARINGO","TIATY EAST","SubCounty",12038,0,0,0.1,21.9,1.5,1.7,49.7,15.8,3.4,5.9,0
"245","LAIKIPIA","LAIKIPIA","County",145776,15.4,0.1,0.6,8.1,0.7,3.6,33.5,3,9.9,25.1,0
"246","LAIKIPIA","LAIKIPIA CENTRAL","SubCounty",29877,8.7,0,1,6.2,0.5,2.5,31.9,2.3,9.7,37.2,0
"247","LAIKIPIA","LAIKIPIA EAST","SubCounty",31311,33.8,0.1,0.5,3.2,0.4,3.6,24.9,1.7,8.3,23.5,0
"248","LAIKIPIA","LAIKIPIA NORTH","SubCounty",7694,0.7,0.1,0.6,10.1,0.9,3.1,53.1,7.3,2.8,21.2,0
"249","LAIKIPIA","LAIKIPIA WEST","SubCounty",32821,2.6,0,0.4,12.8,0.6,3.3,41.4,3.6,12.5,22.7,0
"250","LAIKIPIA","NYAHURURU","SubCounty",44073,18.9,0.1,0.6,9.1,0.9,4.6,31.5,3.1,10.5,20.6,0
"251","NAKURU","NAKURU","County",598237,11.5,4.3,13.8,7.5,1.7,3.1,30.4,1.9,7.7,18.1,0
"252","NAKURU","GILGIL","SubCounty",49405,6.1,1,5.6,9.1,1.5,3.2,41.2,2,9.2,21.2,0
"253","NAKURU","KURESOI NORTH","SubCounty",40168,0.2,0.3,0.3,12.3,1.8,7,42.8,4,10.2,21.1,0
"254","NAKURU","KURESOI SOUTH","SubCounty",34543,0.2,0,0.4,5.6,0.4,4.5,52.1,1.8,6,28.9,0
"255","NAKURU","MOLO","SubCounty",41439,7.9,0.2,1.2,12.2,5.4,3.4,38.2,2.9,12.6,15.8,0
"256","NAKURU","NAIVASHA","SubCounty",111493,18.9,6.2,17.5,5.2,1.6,2.4,23.8,1,6.9,16.5,0
"257","NAKURU","NAKURU EAST","SubCounty",60066,21.4,9.7,42.6,1.7,1.1,1,13.4,0.3,1.9,6.8,0
"258","NAKURU","NAKURU NORTH","SubCounty",61582,6.2,1.1,16.5,7.6,0.9,2.6,29.9,1.5,10.2,23.5,0
"259","NAKURU","NAKURU WEST","SubCounty",64429,32.9,16.3,27.5,1.5,1.6,2,9.9,0.4,2.6,5.3,0
"260","NAKURU","NJORO","SubCounty",61156,1.9,0.8,3.5,13.5,3.1,4.7,40.4,3.1,9.1,19.8,0
"261","NAKURU","RONGAI","SubCounty",52248,4.4,0.5,7.6,6.3,0.4,3.5,37,2.9,6.1,31.3,0
"262","NAKURU","SUBUKIA","SubCounty",21708,0.6,0.3,0.9,20.7,0.8,2.7,31.6,3.5,20.6,18.3,0
"263","NAROK","NAROK","County",238115,4,0.1,1,6.6,1.9,4.7,44.1,3.6,7.7,26.2,0
"264","NAROK","NAROK EAST","SubCounty",24860,0.6,0,0.6,10,1.9,7.5,36.9,3.7,10.1,28.7,0
"265","NAROK","NAROK NORTH","SubCounty",59802,13.6,0.1,2.7,5.6,4.1,3.7,37.4,2.2,8.8,21.7,0
"266","NAROK","NAROK SOUTH","SubCounty",46549,0.5,0,0.4,5.9,0.9,6.2,49.9,5,6.9,24.3,0
"267","NAROK","NAROK WEST","SubCounty",37782,0.9,0.2,0.4,7,0.9,2.6,47.9,6.3,4.5,29.2,0
"268","NAROK","TRANS MARA EAST","SubCounty",20439,NA,NA,0,3.3,0,4.9,40.7,1.8,2.5,46.7,0
"269","NAROK","TRANS MARA WEST","SubCounty",48683,1.5,0,0.6,8,1.6,4.6,48.8,2.8,10.6,21.4,0
"270","NAROK","MAU FOREST","SubCounty",NA,NA,NA,NA,NA,NA,NA,NA,NA,NA,NA,NA
"271","KAJIADO","KAJIADO","County",313218,9.4,2.4,26.2,2.8,0.8,3.9,26.2,2.5,5.3,20.5,0
"272","KAJIADO","ISINYA","SubCounty",71395,13.3,3.9,46.6,1.5,0.3,5.7,11.9,0.5,3,13.1,0.1
"273","KAJIADO","KAJIADO CENTRAL","SubCounty",37059,13,0.7,6.6,3,0.5,2.6,33.8,4.3,5.3,30.1,0
"274","KAJIADO","KAJIADO NORTH","SubCounty",100908,13,3.9,41.1,2,1,1.5,20.1,0.3,3.9,13.2,0
"275","KAJIADO","KAJIADO WEST","SubCounty",42367,2,0.5,9.6,3.5,0.8,4.7,41,6.6,7.6,23.8,0
"276","KAJIADO","LOITOKITOK","SubCounty",45581,2.2,0.4,1.2,5.2,1.4,6,41.1,6.2,9,27.3,0
"277","KAJIADO","MASHUURU","SubCounty",15908,0.1,0.4,1,3.7,0.8,5.4,28.9,0.7,8.4,50.7,0
"278","KERICHO","KERICHO","County",205932,7.4,0.2,3.3,4.2,1,5.8,39.7,3.1,8.4,27,0
"279","KERICHO","BELGUT","SubCounty",34978,4.2,0.2,11.5,3.7,0.2,7,29.6,2.6,13.2,27.7,0
"280","KERICHO","BURETI","SubCounty",43098,4.2,0.1,0.7,2.9,0.2,6.4,41.1,3.5,9.7,31.1,0
"281","KERICHO","KERICHO EAST","SubCounty",44246,24.4,0.4,3,3.2,3.3,4.6,31.5,1.8,6.1,21.7,0.1
"282","KERICHO","KIPKELION","SubCounty",24676,0,0.1,0,5,0.1,7.1,51.8,4.2,6.1,25.5,0
"283","KERICHO","LONDIANI","SubCounty",31739,2.8,0.2,3,8.3,0.6,5.9,42,4.7,5.7,26.7,0
"284","KERICHO","SOIN SIGOWET","SubCounty",27195,0.8,0.1,0.3,3,0.4,4.1,50.2,1.9,8.8,30.3,0
"285","BOMET","BOMET","County",187230,2.1,0.1,2.5,2.2,0.2,2.8,44.8,1.9,5.7,37.8,0
"286","BOMET","BOMET EAST","SubCounty",29897,1.4,0.1,0,1.4,0.1,3.1,57.3,2,4.5,30.1,0
"287","BOMET","CHEPALUNGU","SubCounty",33850,0.1,0,0,0.3,0,1.4,45.2,0.8,1.2,51.1,0
"288","BOMET","KONOIN","SubCounty",38123,1,0,11,3.9,0.1,2.1,33.5,3.6,16.4,28.3,0
"289","BOMET","SOTIK","SubCounty",47265,1.9,0.2,0.7,2.4,0.4,3.6,48.3,1.6,3.2,37.6,0
"290","BOMET","BOMET CENTRAL","SubCounty",38095,5.8,0.2,0.3,2.2,0.1,3.5,41.7,1.6,3.1,41.6,0
"291","KAKAMEGA","KAKAMEGA","County",432284,0.8,0.1,0.6,10.3,1.8,3.9,10.3,3.9,64.2,4.1,0
"292","KAKAMEGA","BUTERE","SubCounty",36243,0.1,0,0.2,6.5,1.5,3.8,3.9,3.7,78.4,1.9,0
"293","KAKAMEGA","KAKAMEGA CENTRAL","SubCounty",51956,3.7,0.5,2.9,7.9,1.5,3.6,8.4,1.5,63.9,6,0
"294","KAKAMEGA","KAKAMEGA EAST","SubCounty",39589,0.2,0.1,0.2,12.8,1.1,6.5,11.1,3.4,59.4,5,0.1
"295","KAKAMEGA","KAKAMEGA NORTH","SubCounty",50952,0.2,0,0.2,9.7,1.9,5.6,9.1,4.9,65,3.4,0
"296","KAKAMEGA","KAKAMEGA SOUTH","SubCounty",26940,0.1,0,0.1,13.9,1.6,2.3,11.8,4.2,63.2,2.8,0
"297","KAKAMEGA","KHWISERO","SubCounty",27681,0.1,0,0.1,5.3,0.6,2.9,7.1,2.2,79.4,2.4,0
"298","KAKAMEGA","LIKUYANI","SubCounty",34776,0.2,0.1,0.2,9.5,1.4,5.8,17.9,5.5,51.8,7.5,0
"299","KAKAMEGA","LUGARI","SubCounty",27817,0,0,0.1,9.8,1,2.2,15.4,3.7,61.9,5.8,0
"300","KAKAMEGA","MATETE","SubCounty",13956,0.1,0,0.2,12.5,1,3.9,12.1,4.2,61.8,4.3,NA
"301","KAKAMEGA","MATUNGU","SubCounty",36414,0.2,0.3,0.2,14,3.2,1.8,11.9,4.1,61.2,3.1,0
"302","KAKAMEGA","MUMIAS EAST","SubCounty",25995,0.7,0,0.2,12.8,2.5,3.6,7.6,4.6,65.5,2.4,0
"303","KAKAMEGA","MUMIAS WEST","SubCounty",27650,3.4,0.1,1.7,6.9,2.8,3.3,11.1,5.2,60.4,5.1,0
"304","KAKAMEGA","NAVAKHOLO","SubCounty",32315,0,NA,0.1,14.8,2.8,3.7,8.7,4.6,62.8,2.5,0
"305","VIHIGA","VIHIGA","County",143288,1,0.1,0.1,10.1,0.4,2.6,9.8,3.6,68.4,3.8,0
"306","VIHIGA","EMUHAYA","SubCounty",23803,0.3,0,0,5.5,0.7,2.4,4.2,2.2,82.6,1.9,0
"307","VIHIGA","VIHIGA","SubCounty",23359,1.6,0,0.1,9.3,0.3,3.1,12.3,5.8,64.2,3.2,0
"308","VIHIGA","SABATIA","SubCounty",31391,1.5,0.1,0.1,12.1,0.2,2.1,10.5,3.4,65.6,4.4,0
"309","VIHIGA","LUANDA","SubCounty",26766,1.2,0.2,0.3,5.6,0.1,2.6,8.6,2.3,73.2,5.9,0
"310","VIHIGA","HAMISI","SubCounty",37965,0.5,0,0.1,15,0.8,2.9,12.1,4.3,61.1,3.3,0
"311","VIHIGA","KAKAMEGA FOREST","SubCounty",4,NA,NA,NA,NA,NA,NA,NA,25,75,NA,NA
"312","BUNGOMA","BUNGOMA","County",357714,1.5,0.1,0.5,12.3,1.5,4.3,13.3,4.1,57.9,4.6,0
"313","BUNGOMA","BUMULA","SubCounty",44922,0.3,0,0.1,14.6,1.8,5.6,15.8,4.9,54.3,2.6,0
"314","BUNGOMA","BUNGOMA CENTRAL","SubCounty",37535,0.6,0.1,0.1,8.9,1.5,5.1,8.9,3,68.5,3.3,0
"315","BUNGOMA","BUNGOMA EAST","SubCounty",24798,0.6,0.1,0.4,9.1,0.4,3.8,13.7,5.8,60.3,5.9,0
"316","BUNGOMA","BUNGOMA NORTH","SubCounty",24940,0.1,0,0.3,11.3,1.1,4.3,12.5,3.3,64.5,2.7,0
"317","BUNGOMA","BUNGOMA SOUTH","SubCounty",69088,4.9,0.5,1.6,8.2,1.7,4.6,12.5,3,55.2,7.9,0
"318","BUNGOMA","CHEPTAIS","SubCounty",26007,0.2,0,0.1,21.1,2.2,5.4,20.9,6.3,40.8,2.9,0
"319","BUNGOMA","KIMILILI","SubCounty",35053,1.5,0.1,0.2,12.9,0.6,2.9,9.4,3.2,65.9,3.3,0
"320","BUNGOMA","MT. ELGON","SubCounty",15230,0.4,NA,0.2,15.5,1.6,4.3,18.8,5,49,5.1,0
"321","BUNGOMA","BUNGOMA WEST","SubCounty",25166,0.1,0,0.1,14.6,1.8,4.3,13.7,4.6,57.5,3.2,0
"322","BUNGOMA","TONGAREN","SubCounty",21343,0.1,0,0.1,14.8,1.8,4.5,14.3,4.8,55,4.4,0
"323","BUNGOMA","WEBUYE WEST","SubCounty",32834,2.6,0.2,0.3,11.6,1.6,1.7,11,3.5,61.6,6,0
"324","BUNGOMA","MT. ELGON FOREST","SubCounty",798,NA,NA,0.1,36,NA,1.4,27.2,2.6,32,0.8,NA
"325","BUSIA","BUSIA","County",197944,2,0.2,0.6,10.3,3,4,18.3,5.2,47.8,8.7,0
"326","BUSIA","BUNYALA","SubCounty",19028,0.3,0.1,0.3,7,1.6,2.7,32,2.3,26.7,27,0
"327","BUSIA","BUSIA","SubCounty",33152,6.3,0.5,1.4,8.6,2.6,6.4,16.5,4.4,45.3,7.8,0
"328","BUSIA","BUTULA","SubCounty",32199,0.2,0,0.4,9.8,2.1,5.4,11.4,2.9,64.5,3.2,0
"329","BUSIA","NAMBALE","SubCounty",23889,1.3,0.1,0.3,10.5,2.7,2.8,16.3,4.4,56.6,4.8,0
"330","BUSIA","SAMIA","SubCounty",23813,0,0,0.1,10.2,2.7,2.2,21.6,3.9,46.6,12.7,NA
"331","BUSIA","TESO NORTH","SubCounty",29314,1.1,0.1,0.5,13.1,4.5,3.9,17.1,9.3,43.3,7.1,0
"332","BUSIA","TESO SOUTH","SubCounty",36549,3,0.2,1,11.5,4.1,3.4,19,7.3,44.8,5.8,0
"333","SIAYA","SIAYA","County",249341,0.4,0,0.2,10.5,1.8,3.4,26.8,3.1,41.7,12.1,0
"334","SIAYA","SIAYA","SubCounty",57386,0.4,0.1,0.3,10,1.7,2.7,27.3,2.8,40.5,14.2,0.1
"335","SIAYA","GEM","SubCounty",44696,0.3,0,0.1,10.7,1.5,2.1,17.1,3.6,59,5.6,0
"336","SIAYA","UGENYA","SubCounty",33554,0.4,0,0.2,8.8,3,4,14.4,3.6,58.3,7.3,0
"337","SIAYA","UGUNJA","SubCounty",26321,0.4,0,0.2,9.6,1.7,1.9,15.4,2.4,61.8,6.6,0
"338","SIAYA","BONDO","SubCounty",50454,0.8,0,0.4,9.9,1.5,4.4,40.4,2.6,19.9,20,0
"339","SIAYA","RARIEDA","SubCounty",36930,0.3,0,0.1,13.9,1.4,5.2,38.5,3.5,23.1,14,0.1
"340","KISUMU","KISUMU","County",296846,2.5,2.5,5,6.2,1.5,5.4,39.7,2.7,18.5,15.9,0
"341","KISUMU","KISUMU EAST","SubCounty",61499,3.6,1.3,5,4.8,1.5,5.9,47.3,2,11.9,16.8,0
"342","KISUMU","KISUMU CENTRAL","SubCounty",52163,7.9,12.3,20,3.4,3.5,1.9,31.7,1.3,8.8,9.4,0
"343","KISUMU","KISUMU WEST","SubCounty",42785,1,0.2,1.5,6.3,1.2,5.9,33.9,2.5,28.5,19,0
"344","KISUMU","SEME","SubCounty",29404,0,0,0.1,12.8,0.9,6.5,22.4,3.2,40.8,13.3,0
"345","KISUMU","MUHORONI","SubCounty",36982,1,0.1,1.6,7.3,0.9,5.1,52.1,3.8,15.4,12.6,0
"346","KISUMU","NYANDO","SubCounty",38460,0.4,0.3,0.4,6.1,0.4,6.8,51.7,4.6,11,18.3,0
"347","KISUMU","NYAKACH","SubCounty",35553,0.3,0,0.2,6.4,1.2,6.7,34,2.9,24.8,23.5,0
"348","HOMA BAY","HOMA BAY","County",260290,1.2,0.1,0.5,11.7,1.5,6.4,37.3,4.8,21.3,15.2,0
"349","HOMA BAY","HOMA BAY","SubCounty",28471,5.2,0.3,1.3,6.6,2.3,5.1,37.4,4.3,17,20.3,0
"350","HOMA BAY","NDHIWA","SubCounty",47956,0.3,0,0.5,14.3,1.3,4.9,30.4,5.8,28.4,14,0
"351","HOMA BAY","RACHUONYO NORTH","SubCounty",41661,0.1,0.1,0.4,12.1,1,8.1,42,3.6,15.6,16.9,0
"352","HOMA BAY","RACHUONYO EAST","SubCounty",27229,0.2,0,0.1,11.2,1.6,4.1,34.7,5.8,30.3,12,0
"353","HOMA BAY","RACHUONYO SOUTH","SubCounty",30693,2.2,0.1,0.5,11,1.8,7,32.8,5.1,26.6,13,0
"354","HOMA BAY","RANGWE","SubCounty",26983,0.7,0.1,0.3,10.6,0.9,7.2,30.1,5.3,29.1,15.7,0
"355","HOMA BAY","SUBA NORTH","SubCounty",29662,0.9,0.3,0.9,8.9,2,7.6,49.1,2.3,10.7,17.3,0
"356","HOMA BAY","SUBA SOUTH","SubCounty",27635,0.6,0,0.1,17.1,1.7,6.9,43.7,6.6,10.8,12.4,0
"357","MIGORI","MIGORI","County",238133,1.8,0.2,0.9,10,3.3,6.1,30.6,4.9,26.7,15.5,0
"358","MIGORI","AWENDO","SubCounty",27014,1.7,0,1.4,10.6,4.8,6.6,26.1,4.6,29,15.1,0
"359","MIGORI","KURIA EAST","SubCounty",17267,0.3,0,0.2,11.6,4.8,5.2,26.5,5.1,32.8,13.4,0
"360","MIGORI","KURIA WEST","SubCounty",39723,5.6,0.3,1.6,12.4,5.1,5.2,24.4,5.1,30.2,10.2,0
"361","MIGORI","NYATIKE","SubCounty",39358,0.2,0.1,0.1,8.6,1.7,5.7,44.4,3.7,13.2,22.3,0
"362","MIGORI","RONGO","SubCounty",29007,0.8,0.1,0.8,6.7,1.9,10.7,27.8,4.4,32.1,14.8,0
"363","MIGORI","SUNA EAST","SubCounty",27214,3.5,0.5,1.7,10.4,4.1,3.7,22.9,4.9,29.8,18.5,0.1
"364","MIGORI","SUNA WEST","SubCounty",28839,0.7,0.4,1,7.3,2.5,7.5,34.9,5,23.5,17.2,0
"365","MIGORI","URIRI","SubCounty",29711,0.2,0,0.2,12.3,2.4,4.6,32.9,6.8,29.2,11.3,0
"366","KISII","KISII","County",307254,5.2,0.3,0.6,15.9,2.3,4.5,31.5,8.4,23.3,7.9,0
"367","KISII","ETAGO","SubCounty",18610,0.4,0,0.1,15.4,4.9,3.5,34.2,10.8,24.3,6.5,0
"368","KISII","GUCHA","SubCounty",19621,3.3,0.1,0.1,20,2.1,3.7,26.1,8.7,28.8,6.9,0
"369","KISII","GUCHA SOUTH","SubCounty",19627,0.5,0.1,0.2,13.2,2.5,5.1,38.8,10.1,21.5,8.1,0
"370","KISII","KENYENYA","SubCounty",30985,2,0.2,0.2,23,3.3,5.1,30.6,7.9,22,5.7,0
"371","KISII","KISII CENTRAL","SubCounty",44037,18.8,0.7,1,13.5,1.5,3.5,25.5,5.7,21.9,7.9,0
"372","KISII","KISII SOUTH","SubCounty",31574,1.4,0.4,0.4,15,3,6.1,32.2,12.5,22.3,6.7,0
"373","KISII","KITUTU CENTRAL","SubCounty",41233,11.4,0.7,2.1,12.7,1.8,4.3,29.1,5.8,23.3,8.8,0
"374","KISII","MARANI","SubCounty",26133,0.1,0,0.1,19.6,2.9,6,25.2,10.8,26.8,8.5,0
"375","KISII","MASABA SOUTH","SubCounty",29206,1.9,0,0.1,13.9,0.7,5.6,35.7,8.3,23.9,9.8,0
"376","KISII","NYAMACHE","SubCounty",30583,1.7,0,0.1,13.8,1.9,3.9,37.7,7.5,24,9.4,0
"377","KISII","SAMETA","SubCounty",15645,0.8,0,0.2,19.7,3,2.3,40.7,7.7,17.9,7.6,0
"378","NYAMIRA","NYAMIRA","County",150499,2.6,0.1,0.9,16.5,1.3,3.7,29.7,7.4,28.6,9.1,0
"379","NYAMIRA","BORABU","SubCounty",19404,3.3,0,5.1,11.4,0.7,4.8,31.5,6.2,25.3,11.7,0
"380","NYAMIRA","MANGA","SubCounty",23836,2,0,0.5,16.7,1,4.4,35,6.2,25.9,8.2,0
"381","NYAMIRA","MASABA NORTH","SubCounty",27904,3.9,0.3,0.2,13.8,0.7,4.3,26.2,4.9,34.8,11,0
"382","NYAMIRA","NYAMIRA NORTH","SubCounty",40396,0.9,0.1,0.2,16.1,2.1,2.9,30.3,10.6,28.5,8.4,0
"383","NYAMIRA","NYAMIRA SOUTH","SubCounty",38959,3.5,0.1,0.3,21.3,1.4,3.1,27.6,7.1,27.6,7.9,0
"384","NAIROBI CITY","NAIROBI CITY","County",1494676,12.9,37.9,30,1.6,7.8,0.9,4.5,0.1,2.2,2,0.1
"385","NAIROBI CITY","DAGORETTI","SubCounty",154949,10.2,21.4,43.2,2.9,2,1.2,9.2,0.2,4.6,5,0.1
"386","NAIROBI CITY","EMBAKASI","SubCounty",346462,14.5,41.3,30.2,1.5,5.8,0.6,2.7,0.1,2.4,0.7,0
"387","NAIROBI CITY","KAMUKUNJI","SubCounty",83680,20.4,37.4,27.9,1.9,8.2,1.2,1.2,0.2,1.1,0.5,0.1
"388","NAIROBI CITY","KASARANI","SubCounty",268611,10.3,45.5,32.3,1,3.6,0.6,3.8,0.1,1.2,1.6,0
"389","NAIROBI CITY","KIBRA","SubCounty",61651,6.5,20.7,15.3,2.9,42.6,2.3,5,0.2,3.3,1.2,0
"390","NAIROBI CITY","LANG'ATA","SubCounty",60187,13,5.7,47.7,2.1,17.8,1.5,5.2,0.2,3,3.7,0.1
"391","NAIROBI CITY","MAKADARA","SubCounty",70080,13.7,49.8,21,1.4,7.8,0.5,3.6,0.1,1.4,0.7,0
"392","NAIROBI CITY","MATHARE","SubCounty",74967,12,55.1,8.1,1.4,20.1,0.7,0.8,0.1,1.4,0.2,0.1
"393","NAIROBI CITY","NJIRU","SubCounty",204492,8.4,59.7,14,0.7,3,0.6,8.3,0.1,1,4.1,0.1
"394","NAIROBI CITY","STAREHE","SubCounty",66108,24.7,21.2,31.6,1.8,15.1,1.6,1.5,0,1.9,0.6,0.1
"395","NAIROBI CITY","WESTLANDS","SubCounty",103489,18.1,8.5,56.3,1.5,2.7,1.5,4.4,0.3,4,2.6,0
