"","County","SubCounty","AdminArea","Total","CH","GQ","CH_Owned_No","CH_Owned_Perc","CH_Rent/Provided_No","CH_Rent/Provided_Perc","NotStated_No","NotStated_Perc"
"1","xxx","KENYA","xxx",12143913,12043016,100897,7379485,61.3,4660027,38.7,3504,0
"2","xxx","RURAL","xxx",7432249,7379282,52967,6387020,86.6,990602,13.4,1660,0
"3","xxx","URBAN","xxx",4711664,4663734,47930,992465,21.3,3669425,78.7,1844,0
"4","MOMBASA","MOMBASA","County",378422,376295,2127,78346,20.8,297830,79.1,119,0
"5","MOMBASA","CHANGAMWE","SubCounty",46614,46439,175,4531,9.8,41903,90.2,5,0
"6","MOMBASA","JOMVU","SubCounty",53472,53214,258,14021,26.3,39185,73.6,8,0
"7","MOMBASA","KISAUNI","SubCounty",88202,88159,43,25407,28.8,62711,71.1,41,0
"8","MOMBASA","LIKONI","SubCounty",81191,80002,1189,17401,21.8,62586,78.2,15,0
"9","MOMBASA","MVITA","SubCounty",38995,38710,285,6516,16.8,32172,83.1,22,0.1
"10","MOMBASA","NYALI","SubCounty",69948,69771,177,10470,15,59273,85,28,0
"11","KWALE","KWALE","County",173176,172802,374,133135,77,39612,22.9,55,0
"12","KWALE","KINANGO","SubCounty",16043,16041,2,14679,91.5,1359,8.5,3,0
"13","KWALE","LUNGALUNGA","SubCounty",37366,37276,90,33298,89.3,3973,10.7,5,0
"14","KWALE","MATUGA","SubCounty",39231,39124,107,32740,83.7,6374,16.3,10,0
"15","KWALE","MSAMBWENI","SubCounty",45466,45374,92,23263,51.3,22098,48.7,13,0
"16","KWALE","SAMBURU-KWALE","SubCounty",35070,34987,83,29155,83.3,5808,16.6,24,0.1
"17","KILIFI","KILIFI","County",298472,297990,482,199451,66.9,98466,33,73,0
"18","KILIFI","CHONYI","SubCounty",11421,11416,5,11098,97.2,318,2.8,NA,NA
"19","KILIFI","GANZE","SubCounty",23258,23197,61,21647,93.3,1538,6.6,12,0.1
"20","KILIFI","KALOLENI","SubCounty",36355,36344,11,27636,76,8693,23.9,15,0
"21","KILIFI","KAUMA","SubCounty",3479,3479,NA,3311,95.2,168,4.8,NA,NA
"22","KILIFI","KILIFI NORTH","SubCounty",39512,39508,4,23143,58.6,16361,41.4,4,0
"23","KILIFI","KILIFI SOUTH","SubCounty",53074,53011,63,23385,44.1,29620,55.9,6,0
"24","KILIFI","MAGARINI","SubCounty",33017,32978,39,28655,86.9,4314,13.1,9,0
"25","KILIFI","MALINDI","SubCounty",73547,73317,230,41731,56.9,31563,43.1,23,0
"26","KILIFI","RABAI","SubCounty",24809,24740,69,18845,76.2,5891,23.8,4,0
"27","TANA RIVER","TANA RIVER","County",68242,66984,1258,52564,78.5,14383,21.5,37,0.1
"28","TANA RIVER","TANA DELTA","SubCounty",22791,22395,396,19641,87.7,2744,12.3,10,0
"29","TANA RIVER","TANA NORTH","SubCounty",26886,26119,767,18245,69.9,7865,30.1,9,0
"30","TANA RIVER","TANA RIVER","SubCounty",18565,18470,95,14678,79.5,3774,20.4,18,0.1
"31","LAMU","LAMU","County",37963,34231,3732,23238,67.9,10981,32.1,12,0
"32","LAMU","LAMU EAST","SubCounty",5090,4476,614,3289,73.5,1187,26.5,NA,NA
"33","LAMU","LAMU WEST","SubCounty",32873,29755,3118,19949,67,9794,32.9,12,0
"34","TAITA/TAVETA","TAITA/TAVETA","County",96429,94468,1961,62688,66.4,31754,33.6,26,0
"35","TAITA/TAVETA","MWATATE","SubCounty",23698,23184,514,16932,73,6248,26.9,4,0
"36","TAITA/TAVETA","TAITA","SubCounty",15094,14985,109,12467,83.2,2517,16.8,1,0
"37","TAITA/TAVETA","TAVETA","SubCounty",24115,23417,698,15358,65.6,8053,34.4,6,0
"38","TAITA/TAVETA","VOI","SubCounty",33522,32882,640,17931,54.5,14936,45.4,15,0
"39","GARISSA","GARISSA","County",141394,138940,2454,121453,87.4,17450,12.6,37,0
"40","GARISSA","BALAMBALA","SubCounty",4337,3986,351,3915,98.2,71,1.8,NA,NA
"41","GARISSA","DADAAB","SubCounty",35793,35169,624,33111,94.1,2048,5.8,10,0
"42","GARISSA","FAFI","SubCounty",23671,23351,320,22297,95.5,1047,4.5,7,0
"43","GARISSA","GARISSA","SubCounty",30518,29790,728,17884,60,11892,39.9,14,0
"44","GARISSA","HULUGHO","SubCounty",20254,20078,176,19759,98.4,318,1.6,1,0
"45","GARISSA","IJARA","SubCounty",18481,18296,185,16577,90.6,1714,9.4,5,0
"46","GARISSA","LAGDERA","SubCounty",8340,8270,70,7910,95.6,360,4.4,NA,NA
"47","WAJIR","WAJIR","County",127932,126878,1054,120367,94.9,6503,5.1,8,0
"48","WAJIR","BUNA","SubCounty",6480,6480,NA,6327,97.6,153,2.4,NA,NA
"49","WAJIR","ELDAS","SubCounty",13961,13862,99,13711,98.9,151,1.1,NA,NA
"50","WAJIR","HABASWEIN","SubCounty",31292,31113,179,29816,95.8,1293,4.2,4,0
"51","WAJIR","TARBAJ","SubCounty",9309,9241,68,9139,98.9,102,1.1,NA,NA
"52","WAJIR","WAJIR EAST","SubCounty",18674,18282,392,14995,82,3285,18,2,0
"53","WAJIR","WAJIR NORTH","SubCounty",10490,10478,12,9855,94.1,623,5.9,NA,NA
"54","WAJIR","WAJIR SOUTH","SubCounty",21364,21149,215,20796,98.3,351,1.7,2,0
"55","WAJIR","WAJIR WEST","SubCounty",16362,16273,89,15728,96.7,545,3.3,NA,NA
"56","MANDERA","MANDERA","County",125763,123954,1809,114521,92.4,9410,7.6,23,0
"57","MANDERA","MANDERA WEST","SubCounty",14274,14201,73,13481,94.9,718,5.1,2,0
"58","MANDERA","BANISA","SubCounty",24285,24000,285,23613,98.4,386,1.6,1,0
"59","MANDERA","KOTULO","SubCounty",9446,9342,104,9017,96.5,325,3.5,NA,NA
"60","MANDERA","LAFEY","SubCounty",11597,11380,217,11066,97.2,314,2.8,NA,NA
"61","MANDERA","MANDERA CENTRAL","SubCounty",21140,20795,345,19324,92.9,1451,7,20,0.1
"62","MANDERA","MANDERA EAST","SubCounty",25904,25206,698,19682,78.1,5524,21.9,NA,NA
"63","MANDERA","MANDERA NORTH","SubCounty",19117,19030,87,18338,96.4,692,3.6,NA,NA
"64","MARSABIT","MARSABIT","County",77495,76689,806,66082,86.2,10561,13.8,46,0.1
"65","MARSABIT","LOIYANGALANI","SubCounty",7774,7646,128,7376,96.5,270,3.5,NA,NA
"66","MARSABIT","MARSABIT CENTRAL","SubCounty",15849,15658,191,10880,69.5,4776,30.5,2,0
"67","MARSABIT","MARSABIT NORTH","SubCounty",7521,7468,53,7338,98.3,130,1.7,NA,NA
"68","MARSABIT","MARSABIT SOUTH","SubCounty",11615,11563,52,11151,96.4,409,3.5,3,0
"69","MARSABIT","MOYALE","SubCounty",17709,17591,118,13395,76.1,4194,23.8,2,0
"70","MARSABIT","NORTH HORR","SubCounty",9789,9601,188,9449,98.4,114,1.2,38,0.4
"71","MARSABIT","SOLOLO","SubCounty",7238,7162,76,6493,90.7,668,9.3,1,0
"72","ISIOLO","ISIOLO","County",58072,53217,4855,38285,71.9,14918,28,14,0
"73","ISIOLO","GARBATULLA","SubCounty",18661,17047,1614,15450,90.6,1592,9.3,5,0
"74","ISIOLO","ISIOLO","SubCounty",29853,27612,2241,14669,53.1,12934,46.8,9,0
"75","ISIOLO","MERTI","SubCounty",9558,8558,1000,8166,95.4,392,4.6,NA,NA
"76","MERU","MERU","County",426360,423931,2429,313867,74,109916,25.9,148,0
"77","MERU","BUURI EAST","SubCounty",23834,23737,97,17740,74.7,5986,25.2,11,0
"78","MERU","BUURI WEST","SubCounty",27973,27905,68,13216,47.4,14685,52.6,4,0
"79","MERU","IGEMBE CENTRAL","SubCounty",52031,51848,183,42208,81.4,9624,18.6,16,0
"80","MERU","IGEMBE NORTH","SubCounty",38871,38716,155,31541,81.5,7158,18.5,17,0
"81","MERU","IGEMBE SOUTH","SubCounty",43281,43222,59,29694,68.7,13507,31.3,21,0
"82","MERU","IMENTI NORTH","SubCounty",57668,57556,112,30338,52.7,27198,47.3,20,0
"83","MERU","IMENTI SOUTH","SubCounty",64186,63954,232,46723,73.1,17221,26.9,10,0
"84","MERU","MERU CENTRAL","SubCounty",39595,39498,97,33046,83.7,6436,16.3,16,0
"85","MERU","TIGANIA CENTRAL","SubCounty",25039,24983,56,22213,88.9,2767,11.1,3,0
"86","MERU","TIGANIA EAST","SubCounty",17185,16791,394,14873,88.6,1900,11.3,18,0.1
"87","MERU","TIGANIA WEST","SubCounty",36207,35402,805,32080,90.6,3310,9.3,12,0
"88","MERU","MERU NATIONAL PARK","SubCounty",207,46,161,NA,NA,46,100,NA,NA
"89","MERU","MT. KENYA FOREST","SubCounty",283,273,10,195,71.4,78,28.6,NA,NA
"90","THARAKA-NITHI","THARAKA-NITHI","County",109860,109450,410,90352,82.6,19062,17.4,36,0
"91","THARAKA-NITHI","IGAMBANG'OMBE","SubCounty",14398,14383,15,12551,87.3,1826,12.7,6,0
"92","THARAKA-NITHI","MAARA","SubCounty",35041,34779,262,28925,83.2,5845,16.8,9,0
"93","THARAKA-NITHI","MERU SOUTH","SubCounty",28249,28211,38,20258,71.8,7943,28.2,10,0
"94","THARAKA-NITHI","THARAKA NORTH","SubCounty",13413,13403,10,12307,91.8,1088,8.1,8,0.1
"95","THARAKA-NITHI","THARAKA SOUTH","SubCounty",18646,18603,43,16311,87.7,2289,12.3,3,0
"96","THARAKA-NITHI","MT. KENYA FOREST","SubCounty",113,71,42,NA,NA,71,100,NA,NA
"97","EMBU","EMBU","County",182743,182427,316,133108,73,49298,27,21,0
"98","EMBU","EMBU EAST","SubCounty",39678,39586,92,32844,83,6742,17,NA,NA
"99","EMBU","EMBU NORTH","SubCounty",24300,24294,6,20104,82.8,4188,17.2,2,0
"100","EMBU","EMBU WEST","SubCounty",43153,43126,27,19840,46,23280,54,6,0
"101","EMBU","MBEERE SOUTH","SubCounty",46065,45924,141,36283,79,9630,21,11,0
"102","EMBU","MBEERE NORTH","SubCounty",29528,29483,45,24037,81.5,5444,18.5,2,0
"103","EMBU","MT. KENYA FOREST","SubCounty",19,14,5,NA,NA,14,100,NA,NA
"104","KITUI","KITUI","County",262942,261814,1128,224626,85.8,37132,14.2,56,0
"105","KITUI","IKUTHA","SubCounty",16679,16579,100,15115,91.2,1463,8.8,1,0
"106","KITUI","KATULANI","SubCounty",12170,12166,4,11116,91.4,1050,8.6,NA,NA
"107","KITUI","KISASI","SubCounty",10866,10860,6,9812,90.3,1045,9.6,3,0
"108","KITUI","KITUI CENTRAL","SubCounty",29057,29026,31,17874,61.6,11150,38.4,2,0
"109","KITUI","KITUI WEST","SubCounty",17497,17465,32,15739,90.1,1726,9.9,NA,NA
"110","KITUI","KYUSO","SubCounty",15993,15969,24,14523,90.9,1443,9,3,0
"111","KITUI","LOWER YATTA","SubCounty",15454,15021,433,12978,86.4,2040,13.6,3,0
"112","KITUI","MATINYANI","SubCounty",11513,11497,16,10973,95.4,524,4.6,NA,NA
"113","KITUI","MIGWANI","SubCounty",19096,18843,253,17666,93.8,1169,6.2,8,0
"114","KITUI","MUMONI","SubCounty",6496,6451,45,6039,93.6,411,6.4,1,0
"115","KITUI","MUTITU","SubCounty",11521,11490,31,10579,92.1,894,7.8,17,0.1
"116","KITUI","MUTITU NORTH","SubCounty",4929,4929,NA,4437,90,491,10,1,0
"117","KITUI","MUTOMO","SubCounty",23044,23034,10,20684,89.8,2346,10.2,4,0
"118","KITUI","MWINGI CENTRAL","SubCounty",26753,26745,8,19301,72.2,7437,27.8,7,0
"119","KITUI","MWINGI EAST","SubCounty",18730,18725,5,17188,91.8,1531,8.2,6,0
"120","KITUI","NZAMBANI","SubCounty",11276,11276,NA,9778,86.7,1498,13.3,NA,NA
"121","KITUI","THAGICU","SubCounty",3289,3289,NA,3187,96.9,102,3.1,NA,NA
"122","KITUI","TSEIKURU","SubCounty",8579,8449,130,7637,90.4,812,9.6,NA,NA
"123","MACHAKOS","MACHAKOS","County",402466,399523,2943,257882,64.5,141539,35.4,102,0
"124","MACHAKOS","ATHI RIVER","SubCounty",109735,109723,12,24013,21.9,85645,78.1,65,0.1
"125","MACHAKOS","KALAMA","SubCounty",14182,14137,45,12974,91.8,1162,8.2,1,0
"126","MACHAKOS","KANGUNDO","SubCounty",26142,26115,27,23963,91.8,2149,8.2,3,0
"127","MACHAKOS","KATHIANI","SubCounty",28730,28730,NA,26630,92.7,2094,7.3,6,0
"128","MACHAKOS","MACHAKOS","SubCounty",50979,50753,226,29501,58.1,21246,41.9,6,0
"129","MACHAKOS","MASINGA","SubCounty",36251,36196,55,31913,88.2,4279,11.8,4,0
"130","MACHAKOS","MATUNGULU","SubCounty",44454,44399,55,33555,75.6,10838,24.4,6,0
"131","MACHAKOS","MWALA","SubCounty",45840,45809,31,40781,89,5021,11,7,0
"132","MACHAKOS","YATTA","SubCounty",46153,43661,2492,34552,79.1,9105,20.9,4,0
"133","MAKUENI","MAKUENI","County",244669,243979,690,198314,81.3,45609,18.7,56,0
"134","MAKUENI","KATHONZWENI","SubCounty",18365,18362,3,16205,88.3,2153,11.7,4,0
"135","MAKUENI","KIBWEZI","SubCounty",47912,47594,318,36202,76.1,11379,23.9,13,0
"136","MAKUENI","KILUNGU","SubCounty",14586,14563,23,13933,95.7,626,4.3,4,0
"137","MAKUENI","MAKINDU","SubCounty",21756,21662,94,15374,71,6280,29,8,0
"138","MAKUENI","MAKUENI","SubCounty",34479,34352,127,24768,72.1,9580,27.9,4,0
"139","MAKUENI","MBOONI EAST","SubCounty",23734,23724,10,21629,91.2,2094,8.8,1,0
"140","MAKUENI","MBOONI WEST","SubCounty",24833,24807,26,23134,93.3,1670,6.7,3,0
"141","MAKUENI","MUKAA","SubCounty",28185,28109,76,22229,79.1,5871,20.9,9,0
"142","MAKUENI","NZAUI","SubCounty",30819,30806,13,24840,80.6,5956,19.3,10,0
"143","NYANDARUA","NYANDARUA","County",179686,178224,1462,124463,69.8,53734,30.1,27,0
"144","NYANDARUA","KINANGOP","SubCounty",30970,30847,123,21230,68.8,9613,31.2,4,0
"145","NYANDARUA","NYANDARUA SOUTH","SubCounty",25822,25650,172,17554,68.4,8094,31.6,2,0
"146","NYANDARUA","MIRANGINE","SubCounty",18816,17880,936,12755,71.3,5123,28.7,2,0
"147","NYANDARUA","KIPIPIRI","SubCounty",25200,25077,123,20282,80.9,4787,19.1,8,0
"148","NYANDARUA","NYANDARUA CENTRAL","SubCounty",21942,21852,90,12843,58.8,9007,41.2,2,0
"149","NYANDARUA","NYANDARUA WEST","SubCounty",29008,29003,5,18510,63.8,10489,36.2,4,0
"150","NYANDARUA","NYANDARUA NORTH","SubCounty",27917,27906,11,21289,76.3,6612,23.7,5,0
"151","NYANDARUA","ABERDARE NATIONAL PARK","SubCounty",11,9,2,NA,NA,9,100,NA,NA
"152","NYERI","NYERI","County",248050,244564,3486,163617,66.9,80917,33.1,30,0
"153","NYERI","TETU","SubCounty",24139,24122,17,21134,87.6,2987,12.4,1,0
"154","NYERI","KIENI EAST","SubCounty",36835,36751,84,19749,53.7,16997,46.2,5,0
"155","NYERI","KIENI WEST","SubCounty",27619,27530,89,19249,69.9,8276,30.1,5,0
"156","NYERI","MATHIRA EAST","SubCounty",35044,33945,1099,21506,63.4,12437,36.6,2,0
"157","NYERI","MATHIRA WEST","SubCounty",19020,18892,128,16647,88.1,2242,11.9,3,0
"158","NYERI","NYERI SOUTH","SubCounty",28228,28103,125,22149,78.8,5952,21.2,2,0
"159","NYERI","MUKURWE-INI","SubCounty",27040,27036,4,24284,89.8,2750,10.2,2,0
"160","NYERI","NYERI CENTRAL","SubCounty",49945,48036,1909,18872,39.3,29154,60.7,10,0
"161","NYERI","MT. KENYA FOREST","SubCounty",101,101,NA,27,26.7,74,73.3,NA,NA
"162","NYERI","ABERDARE FOREST","SubCounty",79,48,31,NA,NA,48,100,NA,NA
"163","KIRINYAGA","KIRINYAGA","County",204188,203576,612,142225,69.9,61325,30.1,26,0
"164","KIRINYAGA","KIRINYAGA CENTRAL","SubCounty",40225,40149,76,29577,73.7,10570,26.3,2,0
"165","KIRINYAGA","KIRINYAGA EAST","SubCounty",44571,44509,62,36758,82.6,7739,17.4,12,0
"166","KIRINYAGA","KIRINYAGA WEST","SubCounty",38309,37951,358,27121,71.5,10827,28.5,3,0
"167","KIRINYAGA","MWEA EAST","SubCounty",46340,46331,9,24871,53.7,21452,46.3,8,0
"168","KIRINYAGA","MWEA WEST","SubCounty",34720,34613,107,23898,69,10714,31,1,0
"169","KIRINYAGA","MT. KENYA FOREST","SubCounty",23,23,NA,NA,NA,23,100,NA,NA
"170","MURANG'A","MURANG'A","County",318105,317496,609,242262,76.3,75177,23.7,57,0
"171","MURANG'A","MURANG'A EAST","SubCounty",34734,34650,84,22256,64.2,12390,35.8,4,0
"172","MURANG'A","KANGEMA","SubCounty",25293,25283,10,21231,84,4052,16,NA,NA
"173","MURANG'A","MATHIOYA","SubCounty",28400,28372,28,24509,86.4,3858,13.6,5,0
"174","MURANG'A","KAHURO","SubCounty",26930,26778,152,24170,90.3,2604,9.7,4,0
"175","MURANG'A","MURANG'A SOUTH","SubCounty",55998,55878,120,38345,68.6,17518,31.4,15,0
"176","MURANG'A","GATANGA","SubCounty",55461,55340,121,38246,69.1,17085,30.9,9,0
"177","MURANG'A","KIGUMO","SubCounty",40552,40528,24,32237,79.5,8282,20.4,9,0
"178","MURANG'A","KANDARA","SubCounty",50704,50657,47,41268,81.5,9378,18.5,11,0
"179","MURANG'A","ABERDARE FOREST","SubCounty",33,10,23,NA,NA,10,100,NA,NA
"180","KIAMBU","KIAMBU","County",795241,792333,2908,294040,37.1,498012,62.9,281,0
"181","KIAMBU","GATUNDU NORTH","SubCounty",31472,31452,20,24970,79.4,6475,20.6,7,0
"182","KIAMBU","GATUNDU SOUTH","SubCounty",35609,35577,32,28120,79,7442,20.9,15,0
"183","KIAMBU","GITHUNGURI","SubCounty",49426,49414,12,35436,71.7,13963,28.3,15,0
"184","KIAMBU","JUJA","SubCounty",104301,104042,259,30347,29.2,73652,70.8,43,0
"185","KIAMBU","KABETE","SubCounty",66710,66681,29,23937,35.9,42720,64.1,24,0
"186","KIAMBU","KIAMBAA","SubCounty",80332,80316,16,24745,30.8,55535,69.1,36,0
"187","KIAMBU","KIAMBU","SubCounty",47275,46816,459,15786,33.7,31003,66.2,27,0.1
"188","KIAMBU","KIKUYU","SubCounty",60686,60619,67,24005,39.6,36606,60.4,8,0
"189","KIAMBU","LARI","SubCounty",38592,38585,7,25647,66.5,12933,33.5,5,0
"190","KIAMBU","LIMURU","SubCounty",49174,49096,78,22447,45.7,26637,54.3,12,0
"191","KIAMBU","RUIRU","SubCounty",129470,127910,1560,20435,16,107423,84,52,0
"192","KIAMBU","THIKA EAST","SubCounty",12736,12736,NA,5987,47,6743,52.9,6,0
"193","KIAMBU","THIKA WEST","SubCounty",89458,89089,369,12178,13.7,76880,86.3,31,0
"194","TURKANA","TURKANA","County",164519,162627,1892,137157,84.3,25351,15.6,119,0.1
"195","TURKANA","KIBISH","SubCounty",5805,5699,106,5651,99.2,48,0.8,NA,NA
"196","TURKANA","LOIMA","SubCounty",19438,19139,299,18864,98.6,255,1.3,20,0.1
"197","TURKANA","TURKANA CENTRAL","SubCounty",38173,37917,256,28484,75.1,9422,24.8,11,0
"198","TURKANA","TURKANA EAST","SubCounty",17981,17887,94,17396,97.3,473,2.6,18,0.1
"199","TURKANA","TURKANA NORTH","SubCounty",13119,12964,155,12482,96.3,481,3.7,1,0
"200","TURKANA","TURKANA SOUTH","SubCounty",24552,24281,271,20968,86.4,3300,13.6,13,0.1
"201","TURKANA","TURKANA WEST","SubCounty",45451,44740,711,33312,74.5,11372,25.4,56,0.1
"202","WEST POKOT","WEST POKOT","County",116182,115761,421,101538,87.7,14192,12.3,31,0
"203","WEST POKOT","KIPKOMO","SubCounty",18370,18367,3,15894,86.5,2473,13.5,NA,NA
"204","WEST POKOT","POKOT CENTRAL","SubCounty",21850,21784,66,20732,95.2,1048,4.8,4,0
"205","WEST POKOT","POKOT NORTH","SubCounty",25804,25736,68,24640,95.7,1079,4.2,17,0.1
"206","WEST POKOT","POKOT SOUTH","SubCounty",13817,13752,65,12693,92.3,1059,7.7,NA,NA
"207","WEST POKOT","WEST POKOT","SubCounty",36341,36122,219,27579,76.3,8533,23.6,10,0
"208","SAMBURU","SAMBURU","County",65910,63951,1959,54402,85.1,9543,14.9,6,0
"209","SAMBURU","SAMBURU CENTRAL","SubCounty",34202,33720,482,27041,80.2,6675,19.8,4,0
"210","SAMBURU","SAMBURU EAST","SubCounty",18424,17307,1117,15358,88.7,1949,11.3,NA,NA
"211","SAMBURU","SAMBURU NORTH","SubCounty",13284,12924,360,12003,92.9,919,7.1,2,0
"212","TRANS NZOIA","TRANS NZOIA","County",223808,222989,819,150986,67.7,71976,32.3,27,0
"213","TRANS NZOIA","TRANS NZOIA WEST","SubCounty",47603,47576,27,24745,52,22818,48,13,0
"214","TRANS NZOIA","TRANS NZOIA EAST","SubCounty",50017,49955,62,38841,77.8,11112,22.2,2,0
"215","TRANS NZOIA","KWANZA","SubCounty",45752,45599,153,32892,72.1,12703,27.9,4,0
"216","TRANS NZOIA","ENDEBESS","SubCounty",23705,23246,459,17323,74.5,5921,25.5,2,0
"217","TRANS NZOIA","KIMININI","SubCounty",56731,56613,118,37185,65.7,19422,34.3,6,0
"218","UASIN GISHU","UASIN GISHU","County",304943,301110,3833,153094,50.8,147951,49.1,65,0
"219","UASIN GISHU","AINABKOI","SubCounty",34892,34862,30,18637,53.5,16218,46.5,7,0
"220","UASIN GISHU","KAPSERET","SubCounty",59746,59678,68,18690,31.3,40966,68.6,22,0
"221","UASIN GISHU","KESSES","SubCounty",34653,34623,30,24512,70.8,10104,29.2,7,0
"222","UASIN GISHU","MOIBEN","SubCounty",46729,46602,127,24383,52.3,22214,47.7,5,0
"223","UASIN GISHU","SOY","SubCounty",53784,53758,26,35993,67,17758,33,7,0
"224","UASIN GISHU","TURBO","SubCounty",75139,71587,3552,30879,43.1,40691,56.8,17,0
"225","ELGEYO/MARAKWET","ELGEYO/MARAKWET","County",99861,99119,742,81228,81.9,17868,18,23,0
"226","ELGEYO/MARAKWET","KEIYO NORTH","SubCounty",21947,21749,198,16597,76.3,5146,23.7,6,0
"227","ELGEYO/MARAKWET","KEIYO SOUTH","SubCounty",27029,26740,289,22984,86,3750,14,6,0
"228","ELGEYO/MARAKWET","MARAKWET EAST","SubCounty",21362,21123,239,18654,88.3,2468,11.7,1,0
"229","ELGEYO/MARAKWET","MARAKWET WEST","SubCounty",29523,29507,16,22993,77.9,6504,22,10,0
"230","NANDI","NANDI","County",199426,199040,386,156477,78.6,42536,21.4,27,0
"231","NANDI","CHESUMEI","SubCounty",39051,39011,40,28645,73.4,10363,26.6,3,0
"232","NANDI","NANDI CENTRAL","SubCounty",34400,34247,153,25900,75.6,8346,24.4,1,0
"233","NANDI","NANDI EAST","SubCounty",29253,29249,4,16813,57.5,12427,42.5,9,0
"234","NANDI","NANDI NORTH","SubCounty",35297,35257,40,32065,90.9,3185,9,7,0
"235","NANDI","NANDI SOUTH","SubCounty",37094,37038,56,32931,88.9,4105,11.1,2,0
"236","NANDI","TINDERET","SubCounty",24331,24238,93,20123,83,4110,17,5,0
"237","BARINGO","BARINGO","County",142518,141877,641,113578,80.1,28282,19.9,17,0
"238","BARINGO","BARINGO CENTRAL","SubCounty",23555,23523,32,17167,73,6352,27,4,0
"239","BARINGO","BARINGO NORTH","SubCounty",23500,23345,155,21193,90.8,2151,9.2,1,0
"240","BARINGO","EAST POKOT","SubCounty",14498,14392,106,13750,95.5,642,4.5,NA,NA
"241","BARINGO","KOIBATEK","SubCounty",30774,30752,22,20125,65.4,10622,34.5,5,0
"242","BARINGO","MARIGAT","SubCounty",19854,19658,196,15064,76.6,4590,23.3,4,0
"243","BARINGO","MOGOTIO","SubCounty",18184,18169,15,14836,81.7,3333,18.3,NA,NA
"244","BARINGO","TIATY EAST","SubCounty",12153,12038,115,11443,95.1,592,4.9,3,0
"245","LAIKIPIA","LAIKIPIA","County",149271,145776,3495,88923,61,56835,39,18,0
"246","LAIKIPIA","LAIKIPIA CENTRAL","SubCounty",30372,29877,495,18707,62.6,11165,37.4,5,0
"247","LAIKIPIA","LAIKIPIA EAST","SubCounty",33505,31311,2194,14013,44.8,17295,55.2,3,0
"248","LAIKIPIA","LAIKIPIA NORTH","SubCounty",7752,7694,58,6600,85.8,1093,14.2,1,0
"249","LAIKIPIA","LAIKIPIA WEST","SubCounty",33025,32821,204,24232,73.8,8582,26.1,7,0
"250","LAIKIPIA","NYAHURURU","SubCounty",44617,44073,544,25371,57.6,18700,42.4,2,0
"251","NAKURU","NAKURU","County",616046,598237,17809,275360,46,322763,54,114,0
"252","NAKURU","GILGIL","SubCounty",58920,49405,9515,26371,53.4,23021,46.6,13,0
"253","NAKURU","KURESOI NORTH","SubCounty",40359,40168,191,31366,78.1,8795,21.9,7,0
"254","NAKURU","KURESOI SOUTH","SubCounty",34627,34543,84,27764,80.4,6777,19.6,2,0
"255","NAKURU","MOLO","SubCounty",41462,41439,23,23440,56.6,17995,43.4,4,0
"256","NAKURU","NAIVASHA","SubCounty",117633,111493,6140,33504,30.1,77962,69.9,27,0
"257","NAKURU","NAKURU EAST","SubCounty",61398,60066,1332,9659,16.1,50388,83.9,19,0
"258","NAKURU","NAKURU NORTH","SubCounty",61728,61582,146,29591,48.1,31977,51.9,14,0
"259","NAKURU","NAKURU WEST","SubCounty",64481,64429,52,9867,15.3,54557,84.7,5,0
"260","NAKURU","NJORO","SubCounty",61271,61156,115,38198,62.5,22949,37.5,9,0
"261","NAKURU","RONGAI","SubCounty",52348,52248,100,29297,56.1,22944,43.9,7,0
"262","NAKURU","SUBUKIA","SubCounty",21819,21708,111,16303,75.1,5398,24.9,7,0
"263","NAROK","NAROK","County",241125,238115,3010,183078,76.9,54964,23.1,73,0
"264","NAROK","NAROK EAST","SubCounty",25078,24860,218,18264,73.5,6594,26.5,2,0
"265","NAROK","NAROK NORTH","SubCounty",59996,59802,194,32796,54.8,26982,45.1,24,0
"266","NAROK","NAROK SOUTH","SubCounty",46723,46549,174,41116,88.3,5423,11.7,10,0
"267","NAROK","NAROK WEST","SubCounty",38658,37782,876,34125,90.3,3648,9.7,9,0
"268","NAROK","TRANS MARA EAST","SubCounty",20506,20439,67,19832,97,602,2.9,5,0
"269","NAROK","TRANS MARA WEST","SubCounty",50132,48683,1449,36945,75.9,11715,24.1,23,0
"270","NAROK","MAU FOREST","SubCounty",32,NA,32,NA,NA,NA,NA,NA,NA
"271","KAJIADO","KAJIADO","County",316179,313218,2961,127223,40.6,185863,59.3,132,0
"272","KAJIADO","ISINYA","SubCounty",71579,71395,184,12686,17.8,58651,82.2,58,0.1
"273","KAJIADO","KAJIADO CENTRAL","SubCounty",37238,37059,179,23991,64.7,13062,35.2,6,0
"274","KAJIADO","KAJIADO NORTH","SubCounty",101378,100908,470,19017,18.8,81846,81.1,45,0
"275","KAJIADO","KAJIADO WEST","SubCounty",42774,42367,407,29966,70.7,12386,29.2,15,0
"276","KAJIADO","LOITOKITOK","SubCounty",47058,45581,1477,32205,70.7,13370,29.3,6,0
"277","KAJIADO","MASHUURU","SubCounty",16152,15908,244,9358,58.8,6548,41.2,2,0
"278","KERICHO","KERICHO","County",206036,205932,104,152990,74.3,52873,25.7,69,0
"279","KERICHO","BELGUT","SubCounty",35012,34978,34,24452,69.9,10519,30.1,7,0
"280","KERICHO","BURETI","SubCounty",43117,43098,19,35020,81.3,8073,18.7,5,0
"281","KERICHO","KERICHO EAST","SubCounty",44246,44246,NA,23449,53,20768,46.9,29,0.1
"282","KERICHO","KIPKELION","SubCounty",24688,24676,12,22539,91.3,2125,8.6,12,0
"283","KERICHO","LONDIANI","SubCounty",31778,31739,39,23558,74.2,8171,25.7,10,0
"284","KERICHO","SOIN SIGOWET","SubCounty",27195,27195,NA,23972,88.1,3217,11.8,6,0
"285","BOMET","BOMET","County",187641,187230,411,155576,83.1,31630,16.9,24,0
"286","BOMET","BOMET EAST","SubCounty",29958,29897,61,27472,91.9,2420,8.1,5,0
"287","BOMET","CHEPALUNGU","SubCounty",33931,33850,81,32715,96.6,1131,3.3,4,0
"288","BOMET","KONOIN","SubCounty",38178,38123,55,24381,64,13736,36,6,0
"289","BOMET","SOTIK","SubCounty",47315,47265,50,41107,87,6153,13,5,0
"290","BOMET","BOMET CENTRAL","SubCounty",38259,38095,164,29901,78.5,8190,21.5,4,0
"291","KAKAMEGA","KAKAMEGA","County",433207,432284,923,369381,85.4,62765,14.5,138,0
"292","KAKAMEGA","BUTERE","SubCounty",36243,36243,NA,33817,93.3,2422,6.7,4,0
"293","KAKAMEGA","KAKAMEGA CENTRAL","SubCounty",52015,51956,59,28145,54.2,23790,45.8,21,0
"294","KAKAMEGA","KAKAMEGA EAST","SubCounty",39589,39589,NA,35942,90.8,3602,9.1,45,0.1
"295","KAKAMEGA","KAKAMEGA NORTH","SubCounty",51083,50952,131,45870,90,5063,9.9,19,0
"296","KAKAMEGA","KAKAMEGA SOUTH","SubCounty",26964,26940,24,25580,95,1353,5,7,0
"297","KAKAMEGA","KHWISERO","SubCounty",27681,27681,NA,26168,94.5,1510,5.5,3,0
"298","KAKAMEGA","LIKUYANI","SubCounty",35322,34776,546,27929,80.3,6842,19.7,5,0
"299","KAKAMEGA","LUGARI","SubCounty",27862,27817,45,23853,85.7,3959,14.2,5,0
"300","KAKAMEGA","MATETE","SubCounty",13956,13956,NA,12736,91.3,1220,8.7,NA,NA
"301","KAKAMEGA","MATUNGU","SubCounty",36457,36414,43,33837,92.9,2569,7.1,8,0
"302","KAKAMEGA","MUMIAS EAST","SubCounty",26049,25995,54,23768,91.4,2223,8.6,4,0
"303","KAKAMEGA","MUMIAS WEST","SubCounty",27671,27650,21,20683,74.8,6957,25.2,10,0
"304","KAKAMEGA","NAVAKHOLO","SubCounty",32315,32315,NA,31053,96.1,1255,3.9,7,0
"305","VIHIGA","VIHIGA","County",143365,143288,77,126261,88.1,16993,11.9,34,0
"306","VIHIGA","EMUHAYA","SubCounty",23804,23803,1,22471,94.4,1325,5.6,7,0
"307","VIHIGA","VIHIGA","SubCounty",23375,23359,16,19729,84.5,3622,15.5,8,0
"308","VIHIGA","SABATIA","SubCounty",31422,31391,31,26951,85.9,4434,14.1,6,0
"309","VIHIGA","LUANDA","SubCounty",26766,26766,NA,23635,88.3,3123,11.7,8,0
"310","VIHIGA","HAMISI","SubCounty",37986,37965,21,33475,88.2,4485,11.8,5,0
"311","VIHIGA","KAKAMEGA FOREST","SubCounty",12,4,8,NA,NA,4,100,NA,NA
"312","BUNGOMA","BUNGOMA","County",358796,357714,1082,293353,82,64317,18,44,0
"313","BUNGOMA","BUMULA","SubCounty",44954,44922,32,42150,93.8,2770,6.2,2,0
"314","BUNGOMA","BUNGOMA CENTRAL","SubCounty",37803,37535,268,32160,85.7,5374,14.3,1,0
"315","BUNGOMA","BUNGOMA EAST","SubCounty",24873,24798,75,20258,81.7,4536,18.3,4,0
"316","BUNGOMA","BUNGOMA NORTH","SubCounty",24998,24940,58,22030,88.3,2905,11.6,5,0
"317","BUNGOMA","BUNGOMA SOUTH","SubCounty",69151,69088,63,43753,63.3,25330,36.7,5,0
"318","BUNGOMA","CHEPTAIS","SubCounty",26326,26007,319,22950,88.2,3052,11.7,5,0
"319","BUNGOMA","KIMILILI","SubCounty",35263,35053,210,28006,79.9,7044,20.1,3,0
"320","BUNGOMA","MT. ELGON","SubCounty",15276,15230,46,13082,85.9,2144,14.1,4,0
"321","BUNGOMA","BUNGOMA WEST","SubCounty",25172,25166,6,22830,90.7,2329,9.3,7,0
"322","BUNGOMA","TONGAREN","SubCounty",21343,21343,NA,18731,87.8,2606,12.2,6,0
"323","BUNGOMA","WEBUYE WEST","SubCounty",32839,32834,5,26611,81,6221,18.9,2,0
"324","BUNGOMA","MT. ELGON FOREST","SubCounty",798,798,NA,792,99.2,6,0.8,NA,NA
"325","BUSIA","BUSIA","County",198152,197944,208,161775,81.7,36137,18.3,32,0
"326","BUSIA","BUNYALA","SubCounty",19039,19028,11,14906,78.3,4120,21.7,2,0
"327","BUSIA","BUSIA","SubCounty",33160,33152,8,22664,68.4,10472,31.6,16,0
"328","BUSIA","BUTULA","SubCounty",32213,32199,14,28961,89.9,3235,10,3,0
"329","BUSIA","NAMBALE","SubCounty",23892,23889,3,21067,88.2,2818,11.8,4,0
"330","BUSIA","SAMIA","SubCounty",23884,23813,71,21552,90.5,2261,9.5,NA,NA
"331","BUSIA","TESO NORTH","SubCounty",29395,29314,81,23404,79.8,5908,20.2,2,0
"332","BUSIA","TESO SOUTH","SubCounty",36569,36549,20,29221,80,7323,20,5,0
"333","SIAYA","SIAYA","County",250698,249341,1357,202274,81.1,46969,18.8,98,0
"334","SIAYA","SIAYA","SubCounty",57553,57386,167,45942,80.1,11408,19.9,36,0.1
"335","SIAYA","GEM","SubCounty",44884,44696,188,39766,89,4915,11,15,0
"336","SIAYA","UGENYA","SubCounty",33565,33554,11,29926,89.2,3622,10.8,6,0
"337","SIAYA","UGUNJA","SubCounty",26328,26321,7,22008,83.6,4311,16.4,2,0
"338","SIAYA","BONDO","SubCounty",51362,50454,908,32584,64.6,17851,35.4,19,0
"339","SIAYA","RARIEDA","SubCounty",37006,36930,76,32048,86.8,4862,13.2,20,0.1
"340","KISUMU","KISUMU","County",300745,296846,3899,176699,59.5,120033,40.4,114,0
"341","KISUMU","KISUMU EAST","SubCounty",61871,61499,372,24181,39.3,37293,60.6,25,0
"342","KISUMU","KISUMU CENTRAL","SubCounty",52331,52163,168,6148,11.8,45990,88.2,25,0
"343","KISUMU","KISUMU WEST","SubCounty",45933,42785,3148,28458,66.5,14310,33.4,17,0
"344","KISUMU","SEME","SubCounty",29404,29404,NA,26793,91.1,2608,8.9,3,0
"345","KISUMU","MUHORONI","SubCounty",37193,36982,211,27362,74,9604,26,16,0
"346","KISUMU","NYANDO","SubCounty",38460,38460,NA,31994,83.2,6452,16.8,14,0
"347","KISUMU","NYAKACH","SubCounty",35553,35553,NA,31763,89.3,3776,10.6,14,0
"348","HOMA BAY","HOMA BAY","County",262036,260290,1746,211772,81.4,48472,18.6,46,0
"349","HOMA BAY","HOMA BAY","SubCounty",29318,28471,847,17013,59.8,11451,40.2,7,0
"350","HOMA BAY","NDHIWA","SubCounty",48062,47956,106,43149,90,4801,10,6,0
"351","HOMA BAY","RACHUONYO NORTH","SubCounty",41809,41661,148,36831,88.4,4818,11.6,12,0
"352","HOMA BAY","RACHUONYO EAST","SubCounty",27319,27229,90,24870,91.3,2357,8.7,2,0
"353","HOMA BAY","RACHUONYO SOUTH","SubCounty",30990,30693,297,24139,78.6,6550,21.3,4,0
"354","HOMA BAY","RANGWE","SubCounty",27003,26983,20,24985,92.6,1995,7.4,3,0
"355","HOMA BAY","SUBA NORTH","SubCounty",29766,29662,104,20095,67.7,9563,32.2,4,0
"356","HOMA BAY","SUBA SOUTH","SubCounty",27769,27635,134,20690,74.9,6937,25.1,8,0
"357","MIGORI","MIGORI","County",240168,238133,2035,188705,79.2,49346,20.7,82,0
"358","MIGORI","AWENDO","SubCounty",27033,27014,19,20311,75.2,6690,24.8,13,0
"359","MIGORI","KURIA EAST","SubCounty",17363,17267,96,16329,94.6,932,5.4,6,0
"360","MIGORI","KURIA WEST","SubCounty",39781,39723,58,30772,77.5,8938,22.5,13,0
"361","MIGORI","NYATIKE","SubCounty",40257,39358,899,31551,80.2,7794,19.8,13,0
"362","MIGORI","RONGO","SubCounty",29087,29007,80,21997,75.8,7005,24.1,5,0
"363","MIGORI","SUNA EAST","SubCounty",27302,27214,88,20309,74.6,6890,25.3,15,0.1
"364","MIGORI","SUNA WEST","SubCounty",29251,28839,412,20638,71.6,8198,28.4,3,0
"365","MIGORI","URIRI","SubCounty",30094,29711,383,26798,90.2,2899,9.8,14,0
"366","KISII","KISII","County",308054,307254,800,255080,83,52130,17,44,0
"367","KISII","ETAGO","SubCounty",18610,18610,NA,17382,93.4,1225,6.6,3,0
"368","KISII","GUCHA","SubCounty",19657,19621,36,17178,87.5,2438,12.4,5,0
"369","KISII","GUCHA SOUTH","SubCounty",19732,19627,105,17769,90.5,1851,9.4,7,0
"370","KISII","KENYENYA","SubCounty",30989,30985,4,27477,88.7,3505,11.3,3,0
"371","KISII","KISII CENTRAL","SubCounty",44311,44037,274,28557,64.8,15476,35.1,4,0
"372","KISII","KISII SOUTH","SubCounty",31696,31574,122,28140,89.1,3432,10.9,2,0
"373","KISII","KITUTU CENTRAL","SubCounty",41271,41233,38,24986,60.6,16236,39.4,11,0
"374","KISII","MARANI","SubCounty",26186,26133,53,24978,95.6,1150,4.4,5,0
"375","KISII","MASABA SOUTH","SubCounty",29232,29206,26,26246,89.9,2958,10.1,2,0
"376","KISII","NYAMACHE","SubCounty",30712,30583,129,28092,91.9,2490,8.1,1,0
"377","KISII","SAMETA","SubCounty",15658,15645,13,14275,91.2,1369,8.8,1,0
"378","NYAMIRA","NYAMIRA","County",150669,150499,170,128713,85.5,21767,14.5,19,0
"379","NYAMIRA","BORABU","SubCounty",19468,19404,64,11035,56.9,8368,43.1,1,0
"380","NYAMIRA","MANGA","SubCounty",23869,23836,33,21457,90,2376,10,3,0
"381","NYAMIRA","MASABA NORTH","SubCounty",27913,27904,9,24817,88.9,3082,11,5,0
"382","NYAMIRA","NYAMIRA NORTH","SubCounty",40446,40396,50,37045,91.7,3349,8.3,2,0
"383","NYAMIRA","NYAMIRA SOUTH","SubCounty",38973,38959,14,34359,88.2,4592,11.8,8,0
"384","NAIROBI CITY","NAIROBI CITY","County",1506888,1494676,12212,138976,9.3,1354882,90.6,818,0.1
"385","NAIROBI CITY","DAGORETTI","SubCounty",155089,154949,140,13940,9,140898,90.9,111,0.1
"386","NAIROBI CITY","EMBAKASI","SubCounty",347955,346462,1493,17809,5.1,328498,94.8,155,0
"387","NAIROBI CITY","KAMUKUNJI","SubCounty",84365,83680,685,3757,4.5,79869,95.4,54,0.1
"388","NAIROBI CITY","KASARANI","SubCounty",271290,268611,2679,22367,8.3,246121,91.6,123,0
"389","NAIROBI CITY","KIBRA","SubCounty",61690,61651,39,6120,9.9,55504,90,27,0
"390","NAIROBI CITY","LANG'ATA","SubCounty",62239,60187,2052,12299,20.4,47853,79.5,35,0.1
"391","NAIROBI CITY","MAKADARA","SubCounty",70361,70080,281,4499,6.4,65557,93.5,24,0
"392","NAIROBI CITY","MATHARE","SubCounty",74967,74967,NA,2138,2.9,72778,97.1,51,0.1
"393","NAIROBI CITY","NJIRU","SubCounty",204563,204492,71,35066,17.1,169306,82.8,120,0.1
"394","NAIROBI CITY","STAREHE","SubCounty",69389,66108,3281,3928,5.9,62111,94,69,0.1
"395","NAIROBI CITY","WESTLANDS","SubCounty",104980,103489,1491,17053,16.5,86387,83.5,49,0
