"","County","SubCounty","AdminArea","ConventionalHouseholds","Earth/Sand","Dung","Woodplunks/Shingles/Timber","Palm/Bamboo","Parquet/PublishedWood","Vinyl/asphaltstrips","Ceramictiles","Concrete/Cement/Terrazo","WalltoWallCarpet","NotStated"
"1","xxx","KENYA","xxx",12043016,30,13.4,0.4,0.1,0.3,0.1,10.3,43.7,1.5,0
"2","xxx","RURAL","xxx",7379282,42.3,21.1,0.4,0.1,0.1,0.1,3.8,31.3,0.7,0
"3","xxx","URBAN","xxx",4663734,10.6,1.4,0.4,0,0.7,0.3,20.6,63.3,2.8,0
"4","MOMBASA","MOMBASA","County",376295,13.1,0.3,0.1,0,0.2,0.1,19.6,62.3,4.1,0
"5","MOMBASA","CHANGAMWE","SubCounty",46439,10.1,0.2,0.1,0,0,0.2,8.6,76.6,4.1,0
"6","MOMBASA","JOMVU","SubCounty",53214,18.8,0.8,0,0.1,0,0.3,10.5,64.7,4.7,0
"7","MOMBASA","KISAUNI","SubCounty",88159,18.7,0.4,0,0,0.3,0.2,22.3,54.5,3.6,0
"8","MOMBASA","LIKONI","SubCounty",80002,11.5,0.1,0.3,0,0.1,0.1,12,71.6,4.3,0
"9","MOMBASA","MVITA","SubCounty",38710,8.3,0.3,0.1,0,0.1,0.2,42,45.7,3.2,0.1
"10","MOMBASA","NYALI","SubCounty",69771,8.3,0.1,0.2,0,0.3,0.1,27,59.2,4.8,0
"11","KWALE","KWALE","County",172802,58.6,0.5,0,0,0.1,0,4.4,35.1,1.2,0
"12","KWALE","KINANGO","SubCounty",16041,83.7,0.2,0,0,0,0,1.4,14.2,0.4,0
"13","KWALE","LUNGALUNGA","SubCounty",37276,76.5,1,0.1,0,0.1,0.1,1.1,20.9,0.3,0
"14","KWALE","MATUGA","SubCounty",39124,54.9,0.2,0,NA,0.1,0,5,38.9,1,0
"15","KWALE","MSAMBWENI","SubCounty",45374,29.5,0.3,0,0,0,0,9.7,57.7,2.7,0
"16","KWALE","SAMBURU-KWALE","SubCounty",34987,70.1,0.5,0.1,0.2,0.1,0,2,26.1,0.8,0.1
"17","KILIFI","KILIFI","County",297990,54.3,0.3,0.1,0,0.1,0.1,5.6,38.3,1.1,0
"18","KILIFI","CHONYI","SubCounty",11416,86.6,0,0,NA,0.1,NA,0.3,12.8,0.1,NA
"19","KILIFI","GANZE","SubCounty",23197,86.9,0.3,0,0,0,0,0.5,12,0.1,0.1
"20","KILIFI","KALOLENI","SubCounty",36344,62.6,0.5,0,0,0.1,0,5,31.1,0.7,0
"21","KILIFI","KAUMA","SubCounty",3479,85.8,0.1,0.1,NA,NA,0,0.3,13.6,0.1,NA
"22","KILIFI","KILIFI NORTH","SubCounty",39508,43.5,0.5,0.3,0,0.1,0,7.6,46.8,1.1,0
"23","KILIFI","KILIFI SOUTH","SubCounty",53011,34.5,0.2,0.1,0.1,0.1,0,11.8,50.8,2.3,0
"24","KILIFI","MAGARINI","SubCounty",32978,78.2,0.2,0.1,0.1,0,0,1,19.8,0.6,0
"25","KILIFI","MALINDI","SubCounty",73317,40.7,0.1,0,0,0.2,0.1,6.1,51.4,1.3,0
"26","KILIFI","RABAI","SubCounty",24740,60.4,0.5,0,0,0,0.1,3.2,34.4,1.3,0
"27","TANA RIVER","TANA RIVER","County",66984,75.2,0.8,0.3,0.2,0.1,0.1,1.8,20.3,1.1,0.1
"28","TANA RIVER","TANA DELTA","SubCounty",22395,82,0.8,0.3,0,0,NA,1.4,15.1,0.3,0
"29","TANA RIVER","TANA NORTH","SubCounty",26119,69.1,0.9,0.4,0.4,0.2,0.3,1.3,25.6,1.7,0
"30","TANA RIVER","TANA RIVER","SubCounty",18470,75.7,0.8,0.2,0,0,0,2.9,19.2,1.1,0.1
"31","LAMU","LAMU","County",34231,51.3,0.7,0.1,0,0,0,4.7,40.3,2.9,0
"32","LAMU","LAMU EAST","SubCounty",4476,36.6,0.1,0,NA,NA,NA,4.7,54,4.7,NA
"33","LAMU","LAMU WEST","SubCounty",29755,53.5,0.8,0.1,0,0,0,4.7,38.2,2.6,0
"34","TAITA/TAVETA","TAITA/TAVETA","County",94468,38.8,0.2,0,0,0.1,0,6.8,53,1,0
"35","TAITA/TAVETA","MWATATE","SubCounty",23184,42.4,0.1,0,0,0,0,4.9,51.9,0.7,0
"36","TAITA/TAVETA","TAITA","SubCounty",14985,49.4,0.1,0.1,NA,0,0,5,44.8,0.6,0
"37","TAITA/TAVETA","TAVETA","SubCounty",23417,46.4,0.7,0.1,0,0.1,0.1,5.5,45.6,1.6,0
"38","TAITA/TAVETA","VOI","SubCounty",32882,26,0.1,0,0,0,0,10,62.9,1,0
"39","GARISSA","GARISSA","County",138940,68.2,3.4,2.2,0.9,0.7,0.5,3.2,18.9,1.9,0
"40","GARISSA","BALAMBALA","SubCounty",3986,81.6,4.3,3.7,2.6,1,0.3,1,5.3,0.3,NA
"41","GARISSA","DADAAB","SubCounty",35169,79.9,5.3,2.6,1.1,1,0.8,0.9,7.5,0.9,0
"42","GARISSA","FAFI","SubCounty",23351,82.7,3.6,2.3,0.7,0.7,0.2,0.5,7.9,1.5,0
"43","GARISSA","GARISSA","SubCounty",29790,29.3,1.2,1.3,0.5,0.7,0.6,11.1,50.8,4.3,0.1
"44","GARISSA","HULUGHO","SubCounty",20078,90.2,3.5,0.9,0.5,0.1,0.1,0.8,3.9,0.1,0
"45","GARISSA","IJARA","SubCounty",18296,53.8,3.5,3.6,1.6,1,0.6,2.9,29.7,3.1,0
"46","GARISSA","LAGDERA","SubCounty",8270,90.4,2,2.5,0.1,0.3,0.1,0.6,3.4,0.6,NA
"47","WAJIR","WAJIR","County",126878,78.2,2.6,1.8,0.6,0.7,0.3,2.2,12.7,0.9,0
"48","WAJIR","BUNA","SubCounty",6480,92.2,3.2,0.8,0.3,0.2,0.2,0.3,2,0.9,NA
"49","WAJIR","ELDAS","SubCounty",13862,81.3,4.5,3.6,1,1.3,0.5,3.1,3.9,0.7,NA
"50","WAJIR","HABASWEIN","SubCounty",31113,74.3,1.2,1.7,0.5,0.4,0.3,2.2,18.2,1.2,0
"51","WAJIR","TARBAJ","SubCounty",9241,91.7,3.2,1.9,0.6,0.4,0.1,0.5,1.2,0.2,NA
"52","WAJIR","WAJIR EAST","SubCounty",18282,52.8,1.3,2.1,1.1,1,0.5,7.5,31.4,2.3,0
"53","WAJIR","WAJIR NORTH","SubCounty",10478,69.7,3.9,2.9,0.7,0.3,0.1,0.7,21.4,0.2,NA
"54","WAJIR","WAJIR SOUTH","SubCounty",21149,90.8,4.2,0.8,0.2,1.3,0.2,0.3,2.1,0.2,0
"55","WAJIR","WAJIR WEST","SubCounty",16273,87.2,1.8,1.4,0.4,0.4,0.3,0.8,7.4,0.4,NA
"56","MANDERA","MANDERA","County",123954,78.6,3.1,2.1,0.6,0.3,0.2,1.4,13,0.7,0
"57","MANDERA","MANDERA WEST","SubCounty",14201,76.3,4.5,1.8,0.3,0.3,0.1,1.1,15.5,0.3,0
"58","MANDERA","BANISA","SubCounty",24000,89.1,4.5,1.6,0.4,0.2,0.1,0.6,3,0.3,0
"59","MANDERA","KOTULO","SubCounty",9342,81.2,2.1,1.2,1,0.7,0.6,1.7,11.3,0.3,NA
"60","MANDERA","LAFEY","SubCounty",11380,90.2,4.2,2.9,0.8,0.3,0.2,0.3,0.8,0.3,NA
"61","MANDERA","MANDERA CENTRAL","SubCounty",20795,74,2.3,1.9,0.5,0.4,0.3,1.2,18.3,1.1,0.1
"62","MANDERA","MANDERA EAST","SubCounty",25206,61.7,2.3,2.9,0.7,0.2,0.2,3.6,27,1.6,NA
"63","MANDERA","MANDERA NORTH","SubCounty",19030,86.4,2,1.9,0.5,0.1,0.4,0.3,7.8,0.5,NA
"64","MARSABIT","MARSABIT","County",76689,65.5,5.6,0.7,0.3,0.1,0,3.2,23.9,0.7,0.1
"65","MARSABIT","LOIYANGALANI","SubCounty",7646,87.5,0.6,1.9,2.2,0.1,0,0.5,7,0.1,NA
"66","MARSABIT","MARSABIT CENTRAL","SubCounty",15658,34.2,15.9,0.4,0.1,0,0,11.1,36.2,2.1,0
"67","MARSABIT","MARSABIT NORTH","SubCounty",7468,91.9,0.1,0.2,0.1,0,0.1,0.4,7.1,0,NA
"68","MARSABIT","MARSABIT SOUTH","SubCounty",11563,85,2.2,2.3,0.1,0,0,0.8,9.3,0.2,0
"69","MARSABIT","MOYALE","SubCounty",17591,45.2,3.7,0.2,0.1,0.1,0,2.5,47.5,0.7,0
"70","MARSABIT","NORTH HORR","SubCounty",9601,96.2,0.8,0.1,0,0,0,0.4,1.9,0.1,0.4
"71","MARSABIT","SOLOLO","SubCounty",7162,59.8,10.6,0.2,0.1,0.1,0,0.9,28.1,0.2,0
"72","ISIOLO","ISIOLO","County",53217,61.9,1.1,0.6,0.4,0.2,0.2,5.2,29.3,1,0
"73","ISIOLO","GARBATULLA","SubCounty",17047,84.6,1.5,0.6,1.2,0.5,0.4,1.6,9,0.5,0
"74","ISIOLO","ISIOLO","SubCounty",27612,38.5,1.1,0.8,0.1,0.1,0.1,9,48.8,1.5,0
"75","ISIOLO","MERTI","SubCounty",8558,92,0.5,0.1,0,0,NA,0.4,6.6,0.3,NA
"76","MERU","MERU","County",423931,44,1.9,1.3,0.1,0.3,0.1,5.9,45,1.4,0
"77","MERU","BUURI EAST","SubCounty",23737,35.4,1.7,0.2,0,0.1,0.1,7.5,53.1,1.8,0
"78","MERU","BUURI WEST","SubCounty",27905,38.4,0.8,0.3,0,0.1,0,4.1,53.2,3,0
"79","MERU","IGEMBE CENTRAL","SubCounty",51848,60.3,0.9,4.9,0,0.3,0.1,3.5,28.6,1.3,0
"80","MERU","IGEMBE NORTH","SubCounty",38716,62,1,1.8,0.3,0.3,0.1,3.1,29.5,1.8,0
"81","MERU","IGEMBE SOUTH","SubCounty",43222,47.3,0.4,1.8,0.1,0.7,0.1,5.2,43,1.4,0.1
"82","MERU","IMENTI NORTH","SubCounty",57556,21.2,0.6,0.5,0,0.1,0.1,12.7,62.8,2.1,0
"83","MERU","IMENTI SOUTH","SubCounty",63954,33.7,0.5,0.4,0,0.1,0,7.1,57.5,0.7,0
"84","MERU","MERU CENTRAL","SubCounty",39498,39,0.7,0.1,0,0.3,0.1,6.4,52.6,0.7,0
"85","MERU","TIGANIA CENTRAL","SubCounty",24983,59.9,1,0.7,0,0.1,0,2.7,34.7,0.8,0
"86","MERU","TIGANIA EAST","SubCounty",16791,61.1,6.4,0.4,0.1,0.3,0,2.8,28.3,0.5,0.1
"87","MERU","TIGANIA WEST","SubCounty",35402,47.9,12.3,1.6,0.1,0.3,0.1,4.1,32.4,1.2,0
"88","MERU","MERU NATIONAL PARK","SubCounty",46,NA,NA,NA,NA,NA,NA,6.5,93.5,NA,NA
"89","MERU","MT. KENYA FOREST","SubCounty",273,88.3,NA,2.2,NA,NA,NA,0.4,9.2,NA,NA
"90","THARAKA-NITHI","THARAKA-NITHI","County",109450,50.9,0.6,0.3,0,0.1,0.1,4.2,43,0.6,0
"91","THARAKA-NITHI","IGAMBANG'OMBE","SubCounty",14383,66.5,0.5,0.1,NA,0.1,0,1.2,31.2,0.4,0
"92","THARAKA-NITHI","MAARA","SubCounty",34779,39.6,0.8,0.6,0,0.1,0.3,5.4,52,1.1,0
"93","THARAKA-NITHI","MERU SOUTH","SubCounty",28211,33.3,0.5,0.3,0,0,0,7.5,57.6,0.7,0
"94","THARAKA-NITHI","THARAKA NORTH","SubCounty",13403,76.8,0.6,0.1,0.1,0.2,0.1,1,21,0.1,0.1
"95","THARAKA-NITHI","THARAKA SOUTH","SubCounty",18603,68,0.7,0.1,0,0.1,0,1.8,29.1,0.1,0
"96","THARAKA-NITHI","MT. KENYA FOREST","SubCounty",71,14.1,NA,4.2,NA,NA,NA,NA,81.7,NA,NA
"97","EMBU","EMBU","County",182427,39.5,0.8,0.1,0,0.1,0.1,7.6,50.9,0.9,0
"98","EMBU","EMBU EAST","SubCounty",39586,38.3,2.7,0.1,0,0.2,0,6.4,51.3,0.9,NA
"99","EMBU","EMBU NORTH","SubCounty",24294,39.7,0,0.1,0,0,0.2,8.1,51,0.8,0
"100","EMBU","EMBU WEST","SubCounty",43126,23.5,0.3,0.1,0,0,0,13.8,60.7,1.5,0
"101","EMBU","MBEERE SOUTH","SubCounty",45924,48,0.6,0,0,0,0,5,45.6,0.7,0
"102","EMBU","MBEERE NORTH","SubCounty",29483,51.3,0.3,0.1,0,0,0,3.8,44.1,0.3,0
"103","EMBU","MT. KENYA FOREST","SubCounty",14,7.1,NA,NA,NA,NA,NA,NA,92.9,NA,NA
"104","KITUI","KITUI","County",261814,52.1,0.5,0.2,0,0.2,0,4.4,42.1,0.4,0
"105","KITUI","IKUTHA","SubCounty",16579,70.6,0.7,0.1,0.1,0.1,0,1.1,27.2,0.2,0
"106","KITUI","KATULANI","SubCounty",12166,47.5,0.6,0.1,0.1,0.5,0.1,4.1,46.9,0.4,NA
"107","KITUI","KISASI","SubCounty",10860,50,0.7,0,0,0.2,0,2,46.7,0.4,0
"108","KITUI","KITUI CENTRAL","SubCounty",29026,27.1,0.3,0.2,0,0.4,0.1,11.8,59.4,0.7,0
"109","KITUI","KITUI WEST","SubCounty",17465,34.3,0.3,0.1,0,0,0,6.9,57.5,0.8,NA
"110","KITUI","KYUSO","SubCounty",15969,67.1,0.4,0.1,0,0.1,NA,1.7,30.4,0.2,0
"111","KITUI","LOWER YATTA","SubCounty",15021,56.5,1.3,0.5,0,0.2,0,2.5,38.3,0.7,0
"112","KITUI","MATINYANI","SubCounty",11497,40,0.5,0,0.1,0.1,0.1,5.5,53.5,0.2,NA
"113","KITUI","MIGWANI","SubCounty",18843,37,0.2,0,0,0,0,6.7,55.6,0.3,0
"114","KITUI","MUMONI","SubCounty",6451,63.9,0.2,0.4,0,0.2,0,2.2,32.8,0.2,0
"115","KITUI","MUTITU","SubCounty",11490,75.7,1.5,0.7,0,0,0,1.1,20.6,0.1,0.1
"116","KITUI","MUTITU NORTH","SubCounty",4929,62.9,0.8,0.1,0,0.5,0.1,2.1,33.2,0.2,0
"117","KITUI","MUTOMO","SubCounty",23034,67.7,0.6,0.2,0.1,0,0,1.5,29.7,0.2,0
"118","KITUI","MWINGI CENTRAL","SubCounty",26745,41.3,0.2,0.1,0,0.3,0.1,6.5,50.5,0.9,0
"119","KITUI","MWINGI EAST","SubCounty",18725,68.4,0.6,0.2,0.1,0.3,0.1,1.8,28.5,0.1,0
"120","KITUI","NZAMBANI","SubCounty",11276,43.2,0.2,0.1,0.1,0.2,0,5.1,51,0.2,NA
"121","KITUI","THAGICU","SubCounty",3289,73.5,1,0.4,NA,0,0,0.7,24.4,0,NA
"122","KITUI","TSEIKURU","SubCounty",8449,73.1,0.6,0.2,0.1,0,0,1.8,23.8,0.3,NA
"123","MACHAKOS","MACHAKOS","County",399523,25.5,0.3,0.1,0,0.2,0.1,16.5,56.3,0.8,0
"124","MACHAKOS","ATHI RIVER","SubCounty",109723,7.3,0.1,0.2,0,0.4,0.2,31.4,58.8,1.5,0.1
"125","MACHAKOS","KALAMA","SubCounty",14137,30.7,1.1,0.1,0,0.1,0.1,8.9,58.6,0.4,0
"126","MACHAKOS","KANGUNDO","SubCounty",26115,30,0.1,0,NA,0,0,11,58.6,0.3,0
"127","MACHAKOS","KATHIANI","SubCounty",28730,35.1,0.4,0,NA,0.3,0,9.9,53.8,0.5,0
"128","MACHAKOS","MACHAKOS","SubCounty",50753,15.4,0.2,0,0,0.1,0.1,21,62.2,1,0
"129","MACHAKOS","MASINGA","SubCounty",36196,45.2,0.5,0.1,0.2,0.3,0.1,4.2,49,0.3,0
"130","MACHAKOS","MATUNGULU","SubCounty",44399,31.8,0.4,0,0,0.2,0.2,14.2,52.2,0.9,0
"131","MACHAKOS","MWALA","SubCounty",45809,34.2,0.4,0,NA,0.1,0,6.1,58.7,0.5,0
"132","MACHAKOS","YATTA","SubCounty",43661,40.7,0.4,0.2,0.1,0.1,0.2,7.4,50.4,0.5,0
"133","MAKUENI","MAKUENI","County",243979,36.6,0.5,0,0,0.1,0,5.9,56.4,0.5,0
"134","MAKUENI","KATHONZWENI","SubCounty",18362,39.3,0.3,0,0,0.1,0.1,2.9,56.9,0.3,0
"135","MAKUENI","KIBWEZI","SubCounty",47594,42,0.3,0.1,0,0,0,4.6,52.4,0.5,0
"136","MAKUENI","KILUNGU","SubCounty",14563,39.2,1.4,0,NA,0,NA,9.3,49.8,0.2,0
"137","MAKUENI","MAKINDU","SubCounty",21662,37.9,0.1,0,0,0,0,7.2,54.3,0.4,0
"138","MAKUENI","MAKUENI","SubCounty",34352,27.3,0.7,0,0,0.6,0.1,8.4,62.2,0.7,0
"139","MAKUENI","MBOONI EAST","SubCounty",23724,39.2,0.6,0,0,0,0,3.6,56.2,0.3,0
"140","MAKUENI","MBOONI WEST","SubCounty",24807,40.8,0.5,0.1,0,0.3,0,5,53,0.3,0
"141","MAKUENI","MUKAA","SubCounty",28109,32.5,0.2,0.1,0,0.1,0,7.8,58.2,1,0
"142","MAKUENI","NZAUI","SubCounty",30806,32.8,0.4,0,0,0.1,0,5,61.3,0.3,0
"143","NYANDARUA","NYANDARUA","County",178224,50.6,0.3,0.7,0,0.2,0.1,6.3,39.5,2.2,0
"144","NYANDARUA","KINANGOP","SubCounty",30847,44.8,0.1,0.6,0,0.3,0.1,8.9,39.7,5.4,0
"145","NYANDARUA","NYANDARUA SOUTH","SubCounty",25650,50.3,0.3,1.4,0,0.1,0,8.4,37.4,2,0
"146","NYANDARUA","MIRANGINE","SubCounty",17880,60.7,0.2,0.3,0,0.2,0.2,3.1,33.9,1.4,0
"147","NYANDARUA","KIPIPIRI","SubCounty",25077,60.8,0.1,1.5,NA,0.3,0,4.5,31.5,1.2,0
"148","NYANDARUA","NYANDARUA CENTRAL","SubCounty",21852,39.8,0.6,0.2,0,0.1,0.2,8,49.5,1.6,0
"149","NYANDARUA","NYANDARUA WEST","SubCounty",29003,44.5,0.4,0.4,0,0.2,0.2,6.1,46,2.3,0
"150","NYANDARUA","NYANDARUA NORTH","SubCounty",27906,56.2,0.6,0.7,0.2,0.2,0.2,3.9,37.3,0.8,0
"151","NYANDARUA","ABERDARE NATIONAL PARK","SubCounty",9,NA,NA,NA,NA,NA,NA,NA,100,NA,NA
"152","NYERI","NYERI","County",244564,39.8,0.1,0.8,0,0.2,0.1,6.2,51.7,1.2,0
"153","NYERI","TETU","SubCounty",24122,44.5,0,1.6,0,0.1,0,5.3,47.1,1.3,0
"154","NYERI","KIENI EAST","SubCounty",36751,41.4,0.1,1,0,0.2,0,4.7,51.7,1,0
"155","NYERI","KIENI WEST","SubCounty",27530,61.6,0,1.5,0.1,0.3,0.2,2.6,32.7,0.9,0
"156","NYERI","MATHIRA EAST","SubCounty",33945,34.2,0,0.3,0,0.3,0.1,6.4,57.4,1.3,0
"157","NYERI","MATHIRA WEST","SubCounty",18892,46.6,0.1,0.6,NA,0.1,0,4.3,47.8,0.5,0
"158","NYERI","NYERI SOUTH","SubCounty",28103,39.5,0.1,0.5,NA,0.3,0,6.5,52.2,0.9,0
"159","NYERI","MUKURWE-INI","SubCounty",27036,49.7,0,0.4,0,0.1,0,4.5,44.5,0.7,0
"160","NYERI","NYERI CENTRAL","SubCounty",48036,19.4,0.1,0.6,0,0.3,0.1,11.1,66.2,2.2,0
"161","NYERI","MT. KENYA FOREST","SubCounty",101,38.6,NA,NA,NA,NA,NA,NA,60.4,1,NA
"162","NYERI","ABERDARE FOREST","SubCounty",48,NA,NA,4.2,NA,NA,NA,2.1,93.8,NA,NA
"163","KIRINYAGA","KIRINYAGA","County",203576,42.2,0.2,0.1,0,0,0.1,8.6,47.3,1.5,0
"164","KIRINYAGA","KIRINYAGA CENTRAL","SubCounty",40149,34.4,0.1,0.1,0,0,0,9.8,54.7,0.7,0
"165","KIRINYAGA","KIRINYAGA EAST","SubCounty",44509,42.3,0.2,0.1,0,0,0,8,48.3,0.9,0
"166","KIRINYAGA","KIRINYAGA WEST","SubCounty",37951,40.1,0.1,0.1,0,0,0,7.7,51.2,0.8,0
"167","KIRINYAGA","MWEA EAST","SubCounty",46331,44,0.2,0.1,0,0.1,0.1,9.3,43.5,2.7,0
"168","KIRINYAGA","MWEA WEST","SubCounty",34613,51.1,0.4,0,0,0.1,0.1,7.8,37.9,2.5,0
"169","KIRINYAGA","MT. KENYA FOREST","SubCounty",23,NA,NA,NA,NA,NA,NA,NA,100,NA,NA
"170","MURANG'A","MURANG'A","County",317496,39.9,0.2,0.2,0,0.2,0.1,7.9,50.5,1,0
"171","MURANG'A","MURANG'A EAST","SubCounty",34650,35.8,0.1,0.1,NA,0.1,0.1,13.5,49.4,0.8,0
"172","MURANG'A","KANGEMA","SubCounty",25283,46.5,0.2,0.2,NA,0.1,0,6.7,45.5,0.8,NA
"173","MURANG'A","MATHIOYA","SubCounty",28372,52.3,0,0.4,0,0.1,0,4.3,42.2,0.6,0
"174","MURANG'A","KAHURO","SubCounty",26778,44.7,0,0.2,NA,0.1,0,6.9,47.5,0.6,0
"175","MURANG'A","MURANG'A SOUTH","SubCounty",55878,37.2,0.5,0.1,0,0.3,0.1,7.8,52.8,1.2,0
"176","MURANG'A","GATANGA","SubCounty",55340,30,0.2,0.2,0,0.3,0.2,8.9,59.2,1,0
"177","MURANG'A","KIGUMO","SubCounty",40528,47.5,0.1,0.1,0,0,0.2,6.5,44.5,1,0
"178","MURANG'A","KANDARA","SubCounty",50657,37.6,0.3,0.1,0,0.2,0,7.7,52.5,1.6,0
"179","MURANG'A","ABERDARE FOREST","SubCounty",10,40,NA,NA,NA,NA,NA,NA,60,NA,NA
"180","KIAMBU","KIAMBU","County",792333,10.6,0.1,0.2,0,0.4,0.2,22.2,63.9,2.5,0
"181","KIAMBU","GATUNDU NORTH","SubCounty",31452,29.6,0.1,0.1,0,0.1,0,12.3,56.4,1.4,0
"182","KIAMBU","GATUNDU SOUTH","SubCounty",35577,30,0.2,0.1,0,0,0,11.5,56.5,1.7,0
"183","KIAMBU","GITHUNGURI","SubCounty",49414,17.4,0.1,0.6,0,0.1,0.2,12.3,67.2,1.9,0
"184","KIAMBU","JUJA","SubCounty",104042,6.4,0.1,0.2,0,0.2,0.2,30.4,58.6,3.9,0
"185","KIAMBU","KABETE","SubCounty",66681,4.5,0,0.3,0,0.3,0.3,20.2,73.3,1,0
"186","KIAMBU","KIAMBAA","SubCounty",80316,5.6,0,0.3,0,0.2,0.4,22.8,67.9,2.8,0
"187","KIAMBU","KIAMBU","SubCounty",46816,5.3,0,0.4,0,1.5,0.2,28.5,61.9,2,0.1
"188","KIAMBU","KIKUYU","SubCounty",60619,6.9,0,0.3,0,0.7,0.2,26.4,64.4,1.2,0
"189","KIAMBU","LARI","SubCounty",38585,34.8,0.2,0.3,0,0.3,0.1,11.8,49.1,3.4,0
"190","KIAMBU","LIMURU","SubCounty",49096,13.8,0,0.5,0,0.5,0.1,11.6,71.6,1.8,0
"191","KIAMBU","RUIRU","SubCounty",127910,2.8,0,0.2,0,0.5,0.1,27.6,66.1,2.6,0
"192","KIAMBU","THIKA EAST","SubCounty",12736,20.2,0,0.1,0,0.1,0,13.4,64.4,1.8,0
"193","KIAMBU","THIKA WEST","SubCounty",89089,9.3,0.1,0.1,0,0.1,0.1,24,62.6,3.6,0
"194","TURKANA","TURKANA","County",162627,82.1,2.7,1.5,0.4,0.2,0.2,1.2,10.9,0.8,0.1
"195","TURKANA","KIBISH","SubCounty",5699,93,2,2.2,0.4,0.4,0.2,0.1,1.7,0,NA
"196","TURKANA","LOIMA","SubCounty",19139,89,3.8,4.7,0.4,0.1,0.1,0.2,1.7,0,0.1
"197","TURKANA","TURKANA CENTRAL","SubCounty",37917,69.6,1.7,0.6,0.4,0.1,0.1,3.5,23.4,0.7,0
"198","TURKANA","TURKANA EAST","SubCounty",17887,89.5,3.4,1.3,0.3,0.1,0.1,0.5,4.5,0.1,0.1
"199","TURKANA","TURKANA NORTH","SubCounty",12964,90.5,0.9,2.3,1.1,0.1,0,0.2,4.8,0.1,0
"200","TURKANA","TURKANA SOUTH","SubCounty",24281,78.4,4.9,0.5,0.4,0.2,0.3,0.8,14.2,0.1,0.1
"201","TURKANA","TURKANA WEST","SubCounty",44740,84.9,2.2,1.2,0.2,0.4,0.4,0.5,7.9,2.2,0.1
"202","WEST POKOT","WEST POKOT","County",115761,45.5,35.1,0.5,0.1,0.2,0,1.5,16.9,0.2,0
"203","WEST POKOT","KIPKOMO","SubCounty",18367,41,38.2,0.2,0,0,0,0.7,19.9,0,NA
"204","WEST POKOT","POKOT CENTRAL","SubCounty",21784,56.8,33.4,0.3,0.1,0.2,0,0.2,9,0.1,0
"205","WEST POKOT","POKOT NORTH","SubCounty",25736,50.1,41.5,1.2,0.1,0.1,0,0.2,6.6,0,0.1
"206","WEST POKOT","POKOT SOUTH","SubCounty",13752,57.9,29.8,0.1,0.2,0.1,0,0.6,11.2,0.2,NA
"207","WEST POKOT","WEST POKOT","SubCounty",36122,33.1,31.9,0.4,0.1,0.4,0.1,4,29.5,0.6,0
"208","SAMBURU","SAMBURU","County",63951,72.8,4.4,0.5,0.1,0.2,0.1,2.6,19,0.5,0
"209","SAMBURU","SAMBURU CENTRAL","SubCounty",33720,66.2,6.3,0.5,0.1,0.2,0.1,3.8,22.6,0.2,0
"210","SAMBURU","SAMBURU EAST","SubCounty",17307,78.4,1.9,0.4,0.1,0.2,0,2,15.8,1.2,NA
"211","SAMBURU","SAMBURU NORTH","SubCounty",12924,82.3,2.6,0.6,0.1,0,0,0.5,13.6,0.2,0
"212","TRANS NZOIA","TRANS NZOIA","County",222989,20.4,39.7,0.2,0,0.1,0.1,6.1,32.2,1.1,0
"213","TRANS NZOIA","TRANS NZOIA WEST","SubCounty",47576,18,32.3,0.2,0,0.1,0.2,6.3,41.2,1.7,0
"214","TRANS NZOIA","TRANS NZOIA EAST","SubCounty",49955,26.8,42.5,0.1,0,0,0.1,4.5,25.1,0.8,0
"215","TRANS NZOIA","KWANZA","SubCounty",45599,14.3,47.1,0.3,0,0.1,0.1,5.6,31,1.4,0
"216","TRANS NZOIA","ENDEBESS","SubCounty",23246,25.8,56.1,0.2,0,0,0,0.6,16.5,0.7,0
"217","TRANS NZOIA","KIMININI","SubCounty",56613,19.6,30.6,0.2,0.1,0.2,0.1,10,38.2,0.9,0
"218","UASIN GISHU","UASIN GISHU","County",301110,14,20.6,0.3,0,0.3,0.2,13.2,49.7,1.7,0
"219","UASIN GISHU","AINABKOI","SubCounty",34862,14.8,19.8,0.5,0,0.7,0.3,15.7,45.8,2.5,0
"220","UASIN GISHU","KAPSERET","SubCounty",59678,10.8,9.2,0.2,0,0.4,0.4,16,61.6,1.3,0
"221","UASIN GISHU","KESSES","SubCounty",34623,21.4,29.7,1.2,0,0.2,0.1,9,37.2,1.2,0
"222","UASIN GISHU","MOIBEN","SubCounty",46602,10.9,21.8,0.2,0,0.1,0.1,17.8,46.8,2.2,0
"223","UASIN GISHU","SOY","SubCounty",53758,18.4,29.5,0.2,0,0.2,0.1,7.2,43.3,1,0
"224","UASIN GISHU","TURBO","SubCounty",71587,11.4,18.5,0.1,0,0.2,0.1,13.3,54.4,1.9,0
"225","ELGEYO/MARAKWET","ELGEYO/MARAKWET","County",99119,29.2,39.5,0.5,0.1,0.1,0,2.6,27.4,0.5,0
"226","ELGEYO/MARAKWET","KEIYO NORTH","SubCounty",21749,21.7,33.4,0.2,0,0.1,0,5.9,37.8,0.9,0
"227","ELGEYO/MARAKWET","KEIYO SOUTH","SubCounty",26740,19.8,46.6,0.9,0,0.2,0.1,1.9,29.6,0.9,0
"228","ELGEYO/MARAKWET","MARAKWET EAST","SubCounty",21123,48.2,30.2,0.5,0.5,0.1,0,0.9,19.4,0.1,0
"229","ELGEYO/MARAKWET","MARAKWET WEST","SubCounty",29507,29.8,44.1,0.3,0,0,0,2.1,23.5,0.1,0
"230","NANDI","NANDI","County",199040,17.2,39.9,0.2,0,0.1,0,4.9,36.9,0.9,0
"231","NANDI","CHESUMEI","SubCounty",39011,13.4,32,0.1,0,0,0,8.8,44.2,1.5,0
"232","NANDI","NANDI CENTRAL","SubCounty",34247,15.5,35.3,0.1,0,0.1,0.1,6.8,40.9,1.1,0
"233","NANDI","NANDI EAST","SubCounty",29249,15.8,30.2,0.3,0,0.1,0,3.8,48.4,1.2,0
"234","NANDI","NANDI NORTH","SubCounty",35257,18.1,48.9,0.1,0.1,0.1,0.1,3.2,29,0.4,0
"235","NANDI","NANDI SOUTH","SubCounty",37038,20.7,45.5,0.1,0,0,0,3.7,29.6,0.4,0
"236","NANDI","TINDERET","SubCounty",24238,20.4,49.2,0.4,0,0,0,1.4,27.9,0.6,0
"237","BARINGO","BARINGO","County",141877,47.2,15.4,1.3,0.1,0.2,0,2.5,32.8,0.4,0
"238","BARINGO","BARINGO CENTRAL","SubCounty",23523,32.9,13.5,0.2,NA,0.1,0,4.6,48,0.7,0
"239","BARINGO","BARINGO NORTH","SubCounty",23345,57.4,13.7,0.7,0,0,0,1.1,26.9,0.1,0
"240","BARINGO","EAST POKOT","SubCounty",14392,77,11.5,2.8,0.7,0.2,0.1,0.4,7.2,0.1,NA
"241","BARINGO","KOIBATEK","SubCounty",30752,24.3,22.1,3.3,0,0.6,0,4.5,44.3,0.8,0
"242","BARINGO","MARIGAT","SubCounty",19658,51.6,11.5,0.3,0,0.1,0,1.5,34.6,0.4,0
"243","BARINGO","MOGOTIO","SubCounty",18169,42.7,17.7,0.1,NA,0.1,0,2.7,36.5,0.2,NA
"244","BARINGO","TIATY EAST","SubCounty",12038,77.7,12.3,1.3,0.2,0.1,0,0.3,8,0,0
"245","LAIKIPIA","LAIKIPIA","County",145776,49.9,3,0.5,0,0.2,0.1,4.8,39.8,1.7,0
"246","LAIKIPIA","LAIKIPIA CENTRAL","SubCounty",29877,50.3,0.2,0.5,0,0.2,0.1,5.9,41.3,1.5,0
"247","LAIKIPIA","LAIKIPIA EAST","SubCounty",31311,35,1.1,0.4,0,0.3,0.1,6.4,54.3,2.3,0
"248","LAIKIPIA","LAIKIPIA NORTH","SubCounty",7694,76.6,4.5,0.6,0.2,0.2,0.2,0.6,16.8,0.2,0
"249","LAIKIPIA","LAIKIPIA WEST","SubCounty",32821,64.6,7.1,0.3,0,0.1,0,2.6,24.5,0.7,0
"250","LAIKIPIA","NYAHURURU","SubCounty",44073,44.5,3,0.5,0,0.1,0.1,5.4,43.8,2.5,0
"251","NAKURU","NAKURU","County",598237,27.9,7.7,0.3,0,0.2,0.2,10.6,51.4,1.7,0
"252","NAKURU","GILGIL","SubCounty",49405,35.5,2.4,0.1,0,0.4,0.1,11.8,48,1.7,0
"253","NAKURU","KURESOI NORTH","SubCounty",40168,48.4,30.1,0.8,0,0.1,0,1.4,18.4,0.7,0
"254","NAKURU","KURESOI SOUTH","SubCounty",34543,32.1,36,0.4,0,0.1,0,1.9,28.5,1,0
"255","NAKURU","MOLO","SubCounty",41439,44.1,8,0.6,0,0.2,0.1,5.5,40.5,1.1,0
"256","NAKURU","NAIVASHA","SubCounty",111493,18.6,0.6,0.1,0,0.2,0.4,11.5,65.9,2.6,0
"257","NAKURU","NAKURU EAST","SubCounty",60066,7.5,0.3,0.2,0,0.4,0.2,23.8,64.8,2.8,0
"258","NAKURU","NAKURU NORTH","SubCounty",61582,23.5,1.4,0.2,0,0.1,0.1,16,57.2,1.5,0
"259","NAKURU","NAKURU WEST","SubCounty",64429,9.1,1.5,0.2,0,0.3,0.1,10.9,75.6,2.1,0
"260","NAKURU","NJORO","SubCounty",61156,48.2,12.1,0.3,0.1,0.1,0.1,4.8,33.2,1.2,0
"261","NAKURU","RONGAI","SubCounty",52248,28.4,11,0.3,0,0.1,0.1,12.3,46.7,0.9,0
"262","NAKURU","SUBUKIA","SubCounty",21708,48.1,5.8,0.2,0,0.1,0,3.7,41.2,0.7,0
"263","NAROK","NAROK","County",238115,46.3,28.1,0.3,0.1,0.2,0.1,3.2,20.8,0.9,0
"264","NAROK","NAROK EAST","SubCounty",24860,67.4,5.2,0.2,0.1,0.1,0,2.6,23.3,1,0
"265","NAROK","NAROK NORTH","SubCounty",59802,49.7,8,0.4,0.1,0.2,0.1,8.1,31.8,1.7,0
"266","NAROK","NAROK SOUTH","SubCounty",46549,56,28.6,0.7,0.1,0.2,0.1,1.1,12.7,0.4,0
"267","NAROK","NAROK WEST","SubCounty",37782,41.3,40.9,0.2,0.1,0.2,0.1,1.7,14.6,1.1,0
"268","NAROK","TRANS MARA EAST","SubCounty",20439,26.8,64.1,0.2,0.1,0,0,0.5,8.2,0.1,0
"269","NAROK","TRANS MARA WEST","SubCounty",48683,34.3,38.8,0.2,0,0.1,0,1.9,24.1,0.5,0
"270","NAROK","MAU FOREST","SubCounty",NA,NA,NA,NA,NA,NA,NA,NA,NA,NA,NA
"271","KAJIADO","KAJIADO","County",313218,21.7,1.2,0.3,0.1,0.3,0.2,18.8,56,1.4,0
"272","KAJIADO","ISINYA","SubCounty",71395,5.9,0.1,0.4,0.1,0.4,0.1,27.3,64.1,1.4,0.1
"273","KAJIADO","KAJIADO CENTRAL","SubCounty",37059,39.1,2.8,0.3,0.1,0.1,0,8.8,48,0.8,0
"274","KAJIADO","KAJIADO NORTH","SubCounty",100908,4.9,0.1,0.3,0,0.5,0.3,28.2,63.6,2.2,0
"275","KAJIADO","KAJIADO WEST","SubCounty",42367,41,4,0.3,0.1,0.2,0.1,9.5,43.8,1.1,0
"276","KAJIADO","LOITOKITOK","SubCounty",45581,49.4,1.5,0.3,0.1,0.1,0.1,4.9,42.8,0.8,0
"277","KAJIADO","MASHUURU","SubCounty",15908,27.7,0.6,0.2,0.2,0.6,0.1,8.2,61.3,1.2,0
"278","KERICHO","KERICHO","County",205932,16.8,37.3,0.4,0,0.2,0.1,4.7,39.2,1.4,0
"279","KERICHO","BELGUT","SubCounty",34978,13.6,30.4,0.1,0,0.3,0.1,5.1,49.2,1.1,0
"280","KERICHO","BURETI","SubCounty",43098,21,37.3,0.1,0,0.2,0,5.2,33.8,2.3,0
"281","KERICHO","KERICHO EAST","SubCounty",44246,10.1,23.8,0.1,0,0.2,0.1,7.6,56.4,1.6,0.1
"282","KERICHO","KIPKELION","SubCounty",24676,20.7,55.3,1.2,0,0.2,0.1,1.1,20.6,0.7,0
"283","KERICHO","LONDIANI","SubCounty",31739,19.5,36.5,1.2,0,0.2,0.1,3.3,38.2,1.1,0
"284","KERICHO","SOIN SIGOWET","SubCounty",27195,18.2,52.4,0.2,0,0,0.1,3.3,24.7,1.1,0
"285","BOMET","BOMET","County",187230,22.7,41.2,0.2,0,0.1,0,3.7,30.6,1.5,0
"286","BOMET","BOMET EAST","SubCounty",29897,27.4,47.6,0.1,0,0.1,0,2,21.8,0.9,0
"287","BOMET","CHEPALUNGU","SubCounty",33850,21.6,64.4,0.1,0,0,0,2.1,11.3,0.5,0
"288","BOMET","KONOIN","SubCounty",38123,16.3,26.6,0.2,0,0.2,0,3.1,51.7,1.9,0
"289","BOMET","SOTIK","SubCounty",47265,27.2,40.3,0.2,0,0.1,0,4.3,25.5,2.4,0
"290","BOMET","BOMET CENTRAL","SubCounty",38095,20.8,31.4,0.2,NA,0.1,0,6.2,39.8,1.6,0
"291","KAKAMEGA","KAKAMEGA","County",432284,16.2,55.3,0.1,0,0.1,0,3.5,24.2,0.6,0
"292","KAKAMEGA","BUTERE","SubCounty",36243,15.7,64.7,0.1,0,0,0,1.9,17.3,0.3,0
"293","KAKAMEGA","KAKAMEGA CENTRAL","SubCounty",51956,12.9,27.1,0.1,0,0.1,0.1,10.8,46.8,2.2,0
"294","KAKAMEGA","KAKAMEGA EAST","SubCounty",39589,17.9,58.1,0.2,0,0,0,2.7,20.7,0.3,0.1
"295","KAKAMEGA","KAKAMEGA NORTH","SubCounty",50952,21,57.3,0.1,0,0.1,0,1.8,19.3,0.3,0
"296","KAKAMEGA","KAKAMEGA SOUTH","SubCounty",26940,8.1,69.8,0.1,0,0,0,2.7,19,0.2,0
"297","KAKAMEGA","KHWISERO","SubCounty",27681,15,64.7,0.1,0,0,0,2.4,17.3,0.4,0
"298","KAKAMEGA","LIKUYANI","SubCounty",34776,17.1,41.7,0.1,0.1,0.1,0.2,4.9,34.9,0.8,0
"299","KAKAMEGA","LUGARI","SubCounty",27817,12.9,54,0.1,0,0,0,3.6,28.5,0.8,0
"300","KAKAMEGA","MATETE","SubCounty",13956,24.6,56.6,0.3,0,0.1,0,1.5,16.5,0.4,NA
"301","KAKAMEGA","MATUNGU","SubCounty",36414,11.2,68.4,0.1,0.1,0.1,0.1,1.4,18.3,0.2,0
"302","KAKAMEGA","MUMIAS EAST","SubCounty",25995,18.3,62.1,0.1,0,0.1,0,2.3,16.9,0.2,0
"303","KAKAMEGA","MUMIAS WEST","SubCounty",27650,13.9,50.4,0.1,NA,0.1,0.1,3.6,31.3,0.5,0
"304","KAKAMEGA","NAVAKHOLO","SubCounty",32315,24,62.3,0.2,0.1,0.1,0,1.2,11.8,0.2,0
"305","VIHIGA","VIHIGA","County",143288,17.1,50.7,0.1,0,0,0,3.8,27.5,0.6,0
"306","VIHIGA","EMUHAYA","SubCounty",23803,15.1,62,0.1,NA,0,0,2.3,20.1,0.5,0
"307","VIHIGA","VIHIGA","SubCounty",23359,17.3,48.8,0.1,0,0.1,0,4.3,29,0.5,0
"308","VIHIGA","SABATIA","SubCounty",31391,17.1,49.9,0.1,NA,0.1,0,4.4,27.6,0.8,0
"309","VIHIGA","LUANDA","SubCounty",26766,16.3,49.4,0.1,0,0,0,3.8,29.7,0.7,0
"310","VIHIGA","HAMISI","SubCounty",37965,19,46.4,0.1,0,0,0.1,4.2,29.8,0.4,0
"311","VIHIGA","KAKAMEGA FOREST","SubCounty",4,50,NA,NA,NA,NA,NA,NA,50,NA,NA
"312","BUNGOMA","BUNGOMA","County",357714,23.4,43.9,0.2,0,0.1,0.1,4,27.4,0.9,0
"313","BUNGOMA","BUMULA","SubCounty",44922,35.2,42.6,0.2,0.1,0.1,0,1.2,20.4,0.2,0
"314","BUNGOMA","BUNGOMA CENTRAL","SubCounty",37535,25.2,45.2,0.3,0,0.1,0.1,2.3,26.4,0.4,0
"315","BUNGOMA","BUNGOMA EAST","SubCounty",24798,13.2,51.5,0.2,0,0,0,3.7,31.1,0.3,0
"316","BUNGOMA","BUNGOMA NORTH","SubCounty",24940,22.4,51,0.1,0.1,0,0,2.7,23.1,0.5,0
"317","BUNGOMA","BUNGOMA SOUTH","SubCounty",69088,19.5,28.2,0.2,0.1,0.2,0.1,9.9,41.1,1,0
"318","BUNGOMA","CHEPTAIS","SubCounty",26007,27.4,54.8,0.4,0.1,0.1,0.3,0.8,16,0.2,0
"319","BUNGOMA","KIMILILI","SubCounty",35053,23.2,45.8,0.2,0.1,0.1,0.1,4,23.9,2.7,0
"320","BUNGOMA","MT. ELGON","SubCounty",15230,21.5,54.5,0.2,0,0.2,0,2,21.1,0.3,0
"321","BUNGOMA","BUNGOMA WEST","SubCounty",25166,30.2,37.1,0.2,0,0.2,0.1,1.5,30.4,0.3,0
"322","BUNGOMA","TONGAREN","SubCounty",21343,18.7,48.9,0.1,NA,0.1,0,3.2,28.3,0.7,0
"323","BUNGOMA","WEBUYE WEST","SubCounty",32834,17.5,51.3,0.1,0,0.1,0,4.4,23.6,2.9,0
"324","BUNGOMA","MT. ELGON FOREST","SubCounty",798,13.3,86.1,0.4,NA,NA,NA,NA,0.3,NA,NA
"325","BUSIA","BUSIA","County",197944,15,46.3,0.1,0,0.1,0.1,4.5,33.3,0.5,0
"326","BUSIA","BUNYALA","SubCounty",19028,20.4,34.5,0.1,0,0,0,2.7,42,0.5,0
"327","BUSIA","BUSIA","SubCounty",33152,11.1,40.7,0.1,0.1,0.3,0.1,8.1,38.3,1,0
"328","BUSIA","BUTULA","SubCounty",32199,11.7,61.5,0.1,0,0.2,0,2.3,23.9,0.3,0
"329","BUSIA","NAMBALE","SubCounty",23889,18.6,53.4,0.1,0,0.3,0,2.9,24.3,0.4,0
"330","BUSIA","SAMIA","SubCounty",23813,11.3,53.2,0.1,0,0,0,3,32.2,0.2,NA
"331","BUSIA","TESO NORTH","SubCounty",29314,19,31.8,0.1,0,0,0,4.9,43.4,0.8,0
"332","BUSIA","TESO SOUTH","SubCounty",36549,15.7,46.7,0.1,0,0.1,0.2,5.5,31,0.5,0
"333","SIAYA","SIAYA","County",249341,20.4,34.4,0.1,0,0.1,0.1,4.8,39.2,0.9,0
"334","SIAYA","SIAYA","SubCounty",57386,18.4,35.1,0.1,0.1,0.1,0.1,5.4,39.8,1,0.1
"335","SIAYA","GEM","SubCounty",44696,21.2,44.3,0.1,0,0,0,3.9,29.9,0.5,0
"336","SIAYA","UGENYA","SubCounty",33554,14.7,46.4,0.1,0.1,0.1,0,3.5,34.5,0.5,0
"337","SIAYA","UGUNJA","SubCounty",26321,15,44.2,0.1,0,0.2,0.1,4.7,35.2,0.6,0
"338","SIAYA","BONDO","SubCounty",50454,23.1,19.8,0.1,0,0.1,0,6.4,49.1,1.4,0
"339","SIAYA","RARIEDA","SubCounty",36930,27.8,23.3,0.1,0,0.1,0.1,4,43.6,0.9,0.1
"340","KISUMU","KISUMU","County",296846,22.6,19.2,0.1,0,0.1,0.1,11.3,44.5,1.9,0
"341","KISUMU","KISUMU EAST","SubCounty",61499,19.9,7.3,0,0,0.2,0.1,15.1,54.1,3.2,0
"342","KISUMU","KISUMU CENTRAL","SubCounty",52163,10.9,0.8,0.1,0,0.2,0.2,22.6,61.4,3.8,0
"343","KISUMU","KISUMU WEST","SubCounty",42785,22.4,15,0.1,0,0.1,0.1,10.5,50.7,1.1,0
"344","KISUMU","SEME","SubCounty",29404,29.5,19.5,0.2,0.1,0.1,0.1,5.1,44.7,0.7,0
"345","KISUMU","MUHORONI","SubCounty",36982,30.5,33.4,0.1,0,0,0,3.7,31.1,1,0
"346","KISUMU","NYANDO","SubCounty",38460,27.3,39.1,0.1,0,0.1,0.1,7,24.9,1.3,0
"347","KISUMU","NYAKACH","SubCounty",35553,26.1,35.7,0.1,0,0.1,0,6.6,30.6,0.8,0
"348","HOMA BAY","HOMA BAY","County",260290,28.1,29.8,0.2,0.1,0.1,0.1,4.4,36.5,0.7,0
"349","HOMA BAY","HOMA BAY","SubCounty",28471,21.6,18,0.1,0.1,0.1,0.1,9,49.3,1.6,0
"350","HOMA BAY","NDHIWA","SubCounty",47956,39.9,34.8,0.2,0,0,0,2.2,22.3,0.4,0
"351","HOMA BAY","RACHUONYO NORTH","SubCounty",41661,27.2,24,0.1,0.1,0,0,4.8,43.5,0.4,0
"352","HOMA BAY","RACHUONYO EAST","SubCounty",27229,33.6,28.9,0.1,0,0.1,0,4,32.9,0.3,0
"353","HOMA BAY","RACHUONYO SOUTH","SubCounty",30693,23.7,26.2,0.1,0.1,0.1,0.1,7.3,41.6,0.7,0
"354","HOMA BAY","RANGWE","SubCounty",26983,28.7,35.6,0.3,0.1,0.2,0.2,4,30.4,0.5,0
"355","HOMA BAY","SUBA NORTH","SubCounty",29662,20.4,31.7,0.1,0.1,0,0,3.1,43.1,1.4,0
"356","HOMA BAY","SUBA SOUTH","SubCounty",27635,23.2,39.1,0.2,0.1,0.1,0.1,2.1,34.3,0.6,0
"357","MIGORI","MIGORI","County",238133,39.1,20.1,0.1,0.1,0.2,0.1,4.9,34.8,0.6,0
"358","MIGORI","AWENDO","SubCounty",27014,32.9,25.1,0.1,0,0,0,3.8,37.5,0.5,0
"359","MIGORI","KURIA EAST","SubCounty",17267,69.5,13.1,0.2,0.2,0.4,0.2,2.2,13.9,0.2,0
"360","MIGORI","KURIA WEST","SubCounty",39723,56.4,8.6,0.1,0.1,0.4,0.1,4.6,29.2,0.6,0
"361","MIGORI","NYATIKE","SubCounty",39358,35.2,17.9,0.1,0,0,0,3.4,42.7,0.6,0
"362","MIGORI","RONGO","SubCounty",29007,28.3,23.1,0.1,0,0.1,0.1,7.4,40.1,0.8,0
"363","MIGORI","SUNA EAST","SubCounty",27214,25,25.4,0.1,0,0.1,0,8.2,40.2,0.8,0.1
"364","MIGORI","SUNA WEST","SubCounty",28839,38.5,11.2,0.1,0.1,0.2,0.3,7.4,41.1,1,0
"365","MIGORI","URIRI","SubCounty",29711,33.4,38.3,0.2,0,0.2,0,2.4,25.1,0.3,0
"366","KISII","KISII","County",307254,38.1,28.8,0.2,0,0,0.1,4.3,27.8,0.7,0
"367","KISII","ETAGO","SubCounty",18610,42,41.6,0.5,0,0,0,0.8,14.7,0.2,0
"368","KISII","GUCHA","SubCounty",19621,37,34.5,0.1,0,0,0,3.2,24.6,0.5,0
"369","KISII","GUCHA SOUTH","SubCounty",19627,42.1,36.5,0.1,0,0.1,0.1,2.4,17.9,0.7,0
"370","KISII","KENYENYA","SubCounty",30985,38.7,34.5,0.4,0,0,0,1.3,24.7,0.3,0
"371","KISII","KISII CENTRAL","SubCounty",44037,22.6,25.5,0.2,NA,0.1,0.1,8.7,41,1.8,0
"372","KISII","KISII SOUTH","SubCounty",31574,53.6,13.8,0,0,0,0,4.7,27.4,0.5,0
"373","KISII","KITUTU CENTRAL","SubCounty",41233,32.7,13,0,0,0,0,10.8,42,1.4,0
"374","KISII","MARANI","SubCounty",26133,39.8,44.3,0.2,0,0,0.1,1.4,14,0.2,0
"375","KISII","MASABA SOUTH","SubCounty",29206,40.9,29.3,0.1,0,0,0,2.8,26.5,0.3,0
"376","KISII","NYAMACHE","SubCounty",30583,38.6,35.2,0.3,0,0,0,1.5,24,0.3,0
"377","KISII","SAMETA","SubCounty",15645,45.7,27.7,0,0,0,0,2,24.2,0.2,0
"378","NYAMIRA","NYAMIRA","County",150499,35.9,33.1,0.1,0,0.1,0.1,4.4,25.5,0.7,0
"379","NYAMIRA","BORABU","SubCounty",19404,27.3,25.1,0.1,0.1,0.3,0.1,5.9,40.6,0.4,0
"380","NYAMIRA","MANGA","SubCounty",23836,28.5,39.9,0.1,0.1,0.3,0.1,3.8,26.4,0.7,0
"381","NYAMIRA","MASABA NORTH","SubCounty",27904,34.8,35.7,0.1,0,0.1,0.1,3.7,25.1,0.4,0
"382","NYAMIRA","NYAMIRA NORTH","SubCounty",40396,38.4,36.6,0.1,0,0,0.1,3.8,20.4,0.7,0
"383","NYAMIRA","NYAMIRA SOUTH","SubCounty",38959,43.1,27.5,0.1,0,0.1,0.1,5.1,23.3,0.8,0
"384","NAIROBI CITY","NAIROBI CITY","County",1494676,6.2,0.1,0.6,0,1.4,0.4,25.4,62.5,3.2,0.1
"385","NAIROBI CITY","DAGORETTI","SubCounty",154949,4.6,0,0.1,0,0.3,0.1,13.5,79.1,2.3,0.1
"386","NAIROBI CITY","EMBAKASI","SubCounty",346462,3.6,0,0.2,0,0.4,0.6,33.3,59.8,2.1,0
"387","NAIROBI CITY","KAMUKUNJI","SubCounty",83680,8.6,0.2,0.2,0,0.2,0.5,18.5,65.7,5.9,0.1
"388","NAIROBI CITY","KASARANI","SubCounty",268611,5.2,0.2,0.2,0,0.7,0.2,33.6,56.3,3.7,0
"389","NAIROBI CITY","KIBRA","SubCounty",61651,21.4,0.9,0.7,0,1.7,0.7,10.2,59.8,4.7,0
"390","NAIROBI CITY","LANG'ATA","SubCounty",60187,10.1,0.1,2.1,0.1,5.1,0.8,38.5,40.7,2.2,0.1
"391","NAIROBI CITY","MAKADARA","SubCounty",70080,3.8,0,0.3,0,0.7,1,11,77.4,5.7,0
"392","NAIROBI CITY","MATHARE","SubCounty",74967,12.2,0.2,0.3,0,0.2,0.4,4.4,78.7,3.7,0.1
"393","NAIROBI CITY","NJIRU","SubCounty",204492,5.6,0.1,0.1,0,0.1,0.1,28.1,62.4,3.3,0.1
"394","NAIROBI CITY","STAREHE","SubCounty",66108,4.9,0.1,0.9,0.1,1.5,0.4,25.7,63.6,2.7,0.1
"395","NAIROBI CITY","WESTLANDS","SubCounty",103489,5.6,0.1,4.7,0.1,11.5,0.9,22.2,52.3,2.5,0
