"","County","SubCounty","AdminArea","ConventionalHouseholds","Cane/Palm/Trunks","Grass/Reeds","Mud/Cowdung","Stonewithmud","Coveredadobe","Uncoveredadobe","Plywood/Cardboard","Offcuts/ReusedWood/Woodplanks","Ironsheets","Concrete/Concreteblocks/Precastwall","Stonewithlime/Cement","Bricks","Canvas/Tents","Nylon/Cartons","Timber","PrefabricatedPanels","NotStated"
"1","xxx","KENYA","xxx",12043016,0.8,1.9,27.5,3.5,2.7,1,0.4,1.4,9.9,16.3,16.5,10.2,0.1,0.2,7.7,0,0
"2","xxx","RURAL","xxx",7379282,1.3,2.9,41.2,4.2,3,1.4,0.4,1.8,6.1,6.6,8.4,11.2,0.1,0.3,11.2,0,0
"3","xxx","URBAN","xxx",4663734,0.2,0.4,5.6,2.4,2.2,0.3,0.4,0.7,16,31.6,29.3,8.5,0,0.1,2.3,0,0
"4","MOMBASA","MOMBASA","County",376295,0,0,5,5.9,4.9,1.2,0.1,0.1,2.2,32.7,38.1,9.7,0,0.1,0,0.1,0
"5","MOMBASA","CHANGAMWE","SubCounty",46439,0,0,3.4,9.6,8,1.2,0,0.1,1.4,33.3,34.4,8.3,0,0,0,0,0
"6","MOMBASA","JOMVU","SubCounty",53214,0,0.1,14.3,10,2,0.6,0,0.1,1.4,30.7,30.1,10.5,0,0,0,0,0
"7","MOMBASA","KISAUNI","SubCounty",88159,0,0.1,6.2,4.8,5,1.7,0.1,0.1,4,31,34,12.7,0,0.2,0,0.2,0
"8","MOMBASA","LIKONI","SubCounty",80002,0,0,0.4,2.9,6.9,1.7,0.1,0.1,1.2,21.8,57.1,7.7,0,0,0,0,0
"9","MOMBASA","MVITA","SubCounty",38710,0,0,7,4.9,1.7,0.2,0.2,0.1,3.1,47.7,25.6,9.2,0,0,0.2,0,0.1
"10","MOMBASA","NYALI","SubCounty",69771,0,0,1.6,5.7,4.3,1,0.1,0.2,1.5,39.9,36.7,8.8,0,0,0,0.1,0
"11","KWALE","KWALE","County",172802,0.4,0.6,46.3,7.7,1.5,0.7,0,0.1,0.9,9.5,27.2,4.7,0,0.1,0.1,0,0
"12","KWALE","KINANGO","SubCounty",16041,0.1,0.8,67.3,11,0.7,0.1,0,0.1,0.4,4,14.4,1,0,0.1,0.1,NA,0
"13","KWALE","LUNGALUNGA","SubCounty",37276,0.7,0.7,64.3,8.5,2.1,1.1,0,0.2,0.8,6.9,10,4.4,0,0.2,0,0,0
"14","KWALE","MATUGA","SubCounty",39124,0.5,0.4,45.2,6.9,1.2,1,0,0.1,0.9,9.1,31.2,3.4,0,0,0,0,0
"15","KWALE","MSAMBWENI","SubCounty",45374,0.4,0.4,20,4.1,1.9,0.7,0,0,1,14.7,48.8,7.5,0,0,0.2,0,0
"16","KWALE","SAMBURU-KWALE","SubCounty",34987,0.4,1,52.9,11,1.3,0.4,0,0.1,0.9,8.3,19,4.2,0.1,0.1,0,0,0.1
"17","KILIFI","KILIFI","County",297990,0.4,0.6,38.8,10.2,1.6,0.8,0,0.1,0.9,16,19.8,10.4,0.1,0.1,0.1,0,0
"18","KILIFI","CHONYI","SubCounty",11416,0.1,0.6,58.2,14.3,2.2,3.3,0,0,0.4,4.9,8.9,7.1,NA,0,NA,0,NA
"19","KILIFI","GANZE","SubCounty",23197,0.1,0.7,77.9,8.7,0.6,0.2,0,0.1,0.8,3,4.3,3.4,0.1,0.1,0,0,0.1
"20","KILIFI","KALOLENI","SubCounty",36344,0.1,0.1,51.1,8.4,1.2,0.4,0,0,1,10.6,17.9,8.7,0,0,0.2,0,0
"21","KILIFI","KAUMA","SubCounty",3479,0.5,0.4,71.9,8,0.6,0.7,0,0.1,1.3,4.7,7.6,3.9,0,0.1,NA,NA,NA
"22","KILIFI","KILIFI NORTH","SubCounty",39508,0.6,0.4,29.8,7.7,1.8,0.8,0.1,0.1,0.8,14.8,34.6,8.5,0,0,0.1,0,0
"23","KILIFI","KILIFI SOUTH","SubCounty",53011,0.1,0.1,20.8,8.2,1.4,0.8,0,0.1,1.4,24.3,28.4,14,0,0,0.1,0.1,0
"24","KILIFI","MAGARINI","SubCounty",32978,1,1.2,57.8,14.9,1.9,0.6,0,0.1,0.7,6.7,8.7,5.8,0.2,0.2,0,0,0
"25","KILIFI","MALINDI","SubCounty",73317,0.6,1.1,24.9,10.8,1.7,0.8,0,0.2,0.9,24.7,19.5,14.5,0.1,0.1,0,0,0
"26","KILIFI","RABAI","SubCounty",24740,0.1,0.2,39.8,13.3,2.1,0.7,0,0.3,0.7,13.7,17.1,11.5,0,0.1,0.1,0,0
"27","TANA RIVER","TANA RIVER","County",66984,1.8,21.6,38,14.1,1,0.4,0.1,0.5,2,8.5,5.8,4.3,1.1,0.7,0.2,0,0.1
"28","TANA RIVER","TANA DELTA","SubCounty",22395,1.4,13.9,53.7,14.6,0.9,0.1,0.1,0.1,0.5,4.8,5.4,2.2,1.6,0.5,0.1,0,0
"29","TANA RIVER","TANA NORTH","SubCounty",26119,3.1,32,20,14.5,1.4,0.5,0.2,0.4,3.7,10.3,6.7,5,1.2,0.9,0.2,0,0
"30","TANA RIVER","TANA RIVER","SubCounty",18470,0.4,16.4,44.4,12.9,0.5,0.5,0.1,1.2,1.4,10.3,5,5.7,0.4,0.5,0.2,0,0.1
"31","LAMU","LAMU","County",34231,2.1,1.9,40.8,11.6,2.8,0.8,0.1,0.2,1.4,15.6,14.1,7,0.4,0.7,0.3,0.1,0
"32","LAMU","LAMU EAST","SubCounty",4476,0.5,0.7,12.3,24.2,4,1.7,NA,0,0.8,10.6,32.8,11.9,0.3,0.1,0.2,NA,NA
"33","LAMU","LAMU WEST","SubCounty",29755,2.3,2.1,45.1,9.7,2.6,0.6,0.1,0.3,1.4,16.4,11.3,6.3,0.4,0.8,0.3,0.2,0
"34","TAITA/TAVETA","TAITA/TAVETA","County",94468,0.2,0.1,19.6,5.5,16.2,7.1,0.1,0.2,2.7,11.5,7.9,28.6,0.1,0.1,0.1,0.1,0
"35","TAITA/TAVETA","MWATATE","SubCounty",23184,0,0,12.4,6.1,24.9,13.7,0.1,0.1,1.9,5.8,4.7,30.1,0.1,0.1,0,0,0
"36","TAITA/TAVETA","TAITA","SubCounty",14985,0.1,0,9.7,6.3,29.8,15.7,0,0.1,1.2,7.5,4,25.5,0,0,0.1,NA,0
"37","TAITA/TAVETA","TAVETA","SubCounty",23417,0.2,0.2,34,6.3,1.7,0.8,0.1,0.1,6.5,20.5,17.9,11,0,0.1,0.3,0.1,0
"38","TAITA/TAVETA","VOI","SubCounty",32882,0.4,0.1,18.8,4,14.2,3.2,0,0.3,1.4,11,4.6,41.7,0.1,0.1,0.1,0.1,0
"39","GARISSA","GARISSA","County",138940,5.8,29.2,13.5,12,2.6,0.7,0.3,0.6,14.1,7.3,6.3,6.6,0.1,0.1,0.8,0,0
"40","GARISSA","BALAMBALA","SubCounty",3986,6.8,51.8,15.4,10.6,0.8,0.4,0.2,0.1,6.7,1.1,2.6,2.2,0.1,NA,1.4,NA,NA
"41","GARISSA","DADAAB","SubCounty",35169,3.8,16.4,29.1,11,2.8,0.8,0.3,0.4,29.8,1.8,1.2,1.3,0.2,0.2,1,0,0
"42","GARISSA","FAFI","SubCounty",23351,4.4,33.7,13.6,15.7,3.4,0.5,0.2,1.7,16.9,1.9,3.2,2.4,0.4,0.4,1.6,0,0
"43","GARISSA","GARISSA","SubCounty",29790,1.2,9.7,5.1,7.7,5,1.3,0.1,0.2,7.6,22.1,15.6,23.5,0.1,0.1,0.6,0.1,0.1
"44","GARISSA","HULUGHO","SubCounty",20078,17.7,60.9,4.1,7.9,0.6,0.1,0.1,0,4,0.8,2.6,0.8,0,0,0.2,NA,0
"45","GARISSA","IJARA","SubCounty",18296,6.6,31.3,4.1,19.3,1.1,0.7,0.3,1.2,7.6,11.8,11.2,4.2,0,0.1,0.4,NA,0
"46","GARISSA","LAGDERA","SubCounty",8270,3.8,48.9,19.2,15.7,0.5,0.2,1,0.3,5,1.3,2.4,1.5,0,0,0.2,NA,NA
"47","WAJIR","WAJIR","County",126878,9.4,41.4,9.8,10.8,1.3,0.5,0.2,0.8,7.9,5.9,5.4,4.3,0.1,1,1.2,0,0
"48","WAJIR","BUNA","SubCounty",6480,4.1,32.4,12.9,16.6,2,1.2,0.8,1.9,10.4,0.8,2.2,2.3,0.1,8,4.5,NA,NA
"49","WAJIR","ELDAS","SubCounty",13862,22.5,40.5,9.5,10.3,1.7,0.4,0.3,0.8,3.5,4,1.9,2.5,0,1,1.3,0,NA
"50","WAJIR","HABASWEIN","SubCounty",31113,5.1,27.8,11.4,14.4,1.2,0.8,0.1,0.4,15.4,9.4,7.4,5,0.2,0.4,1,0,0
"51","WAJIR","TARBAJ","SubCounty",9241,8.9,71.2,4.9,5.7,0.9,0.1,0.1,0.3,3.3,0.3,0.4,2.9,0,0.5,0.5,0,NA
"52","WAJIR","WAJIR EAST","SubCounty",18282,6,33.9,1.8,10.2,2.6,0.9,0.2,0.2,7.4,12.3,13,10.7,0.1,0.1,0.4,0.1,0
"53","WAJIR","WAJIR NORTH","SubCounty",10478,5.8,27.1,15.2,15.8,0.9,0.2,0.3,1.6,7.9,7.4,9.8,3.4,0.1,1.3,3.4,NA,NA
"54","WAJIR","WAJIR SOUTH","SubCounty",21149,8.1,53.6,17.5,9.8,0.2,0.2,0.1,0.7,4.6,0.3,0.9,1.7,0.2,1.1,0.9,NA,0
"55","WAJIR","WAJIR WEST","SubCounty",16273,16.7,56.2,4,3.8,1.3,0.4,0.1,1.2,3.4,5.1,3.5,3.1,0.1,NA,0.9,0,NA
"56","MANDERA","MANDERA","County",123954,12.7,33.6,10.1,11.8,0.9,0.3,0.2,1.9,8.4,5,6.7,5.4,0.5,0.7,1.8,0,0
"57","MANDERA","MANDERA WEST","SubCounty",14201,6.2,25.6,20.1,10.3,0.6,0.4,0.3,3.4,10.4,3.4,7,9,0.3,0.9,2.2,0,0
"58","MANDERA","BANISA","SubCounty",24000,10.1,39.4,18.7,10.1,0.6,0.1,0.3,1.4,8,2.1,1.8,2.6,0.7,1.1,3.2,0,0
"59","MANDERA","KOTULO","SubCounty",9342,3.3,44.9,7.4,16.6,2,0.8,0.2,1,6.2,3,8.8,2.6,0,0.3,2.9,NA,NA
"60","MANDERA","LAFEY","SubCounty",11380,18.8,43.2,4.9,6.1,0.7,0.9,0.1,1.9,9.9,1.4,1.6,5.2,1.5,1,2.8,0.1,NA
"61","MANDERA","MANDERA CENTRAL","SubCounty",20795,5.7,31.1,6.3,25.4,1.1,0.3,0.2,0.5,10,3.1,11.6,2.9,0.1,1,0.5,NA,0.1
"62","MANDERA","MANDERA EAST","SubCounty",25206,16.5,22.4,5.2,6.5,1,0.3,0,2.6,8.5,13.7,11.1,10.8,0.1,0.1,1.1,0,NA
"63","MANDERA","MANDERA NORTH","SubCounty",19030,24.4,38.4,6.8,8.3,0.6,0.1,0.1,2.3,5.4,3.9,3.6,3.5,1.2,0.5,0.8,NA,NA
"64","MARSABIT","MARSABIT","County",76689,19.5,7.7,20.5,3.6,2.6,0.6,0.4,3.4,5.3,10.9,8.3,5.7,0.2,9.6,1.5,0,0.1
"65","MARSABIT","LOIYANGALANI","SubCounty",7646,26.1,26.2,25.6,0.6,0,NA,0.3,2.2,0.6,3.2,5,0.6,0,7.7,1.8,0,NA
"66","MARSABIT","MARSABIT CENTRAL","SubCounty",15658,1.3,2.5,33.1,4.2,2.3,0.4,0.1,1.1,6.9,21.3,23,2.2,0,0.8,0.7,0,0
"67","MARSABIT","MARSABIT NORTH","SubCounty",7468,50.9,6.4,6.1,1.9,0.3,0.1,0,0.1,1.4,4.8,5,0.6,0.2,21.2,0.7,0,NA
"68","MARSABIT","MARSABIT SOUTH","SubCounty",11563,26.4,5.1,3.4,0.2,0,0,2,12.1,7,5,2,3.8,0.2,31.7,1,0,0
"69","MARSABIT","MOYALE","SubCounty",17591,5.3,5.6,24.3,5.2,5.8,1.3,0.3,2.4,1.9,18.3,6.5,17.9,0.3,2.2,2.8,0,0
"70","MARSABIT","NORTH HORR","SubCounty",9601,46.2,7.5,7.8,2.3,0.1,0,0,3.5,15.3,0.9,2.6,2,0.3,10.7,0.2,NA,0.4
"71","MARSABIT","SOLOLO","SubCounty",7162,7.3,10.1,38.2,10.7,8.1,2.3,0.1,1.6,2.9,7.5,4.9,2.3,0.2,0.2,3.6,NA,0
"72","ISIOLO","ISIOLO","County",53217,1.5,12.6,30.8,5.8,0.9,0.3,1,2.7,5.4,10.9,8.4,3.4,0.1,1.7,14.5,0,0
"73","ISIOLO","GARBATULLA","SubCounty",17047,1.8,23.3,45.5,13.7,0.9,0.4,0.1,0.4,4.2,3.8,2.7,1.4,0,0.2,1.7,NA,0
"74","ISIOLO","ISIOLO","SubCounty",27612,0.4,0.8,14.4,0.8,1,0.2,1.9,5,7.5,18,14.1,5.7,0.2,3.1,26.8,0,0
"75","ISIOLO","MERTI","SubCounty",8558,4.3,29.5,54.4,6.1,0.2,0.1,0,0.1,1.2,1.8,1.6,0.1,NA,0.3,0.1,0.2,NA
"76","MERU","MERU","County",423931,0.4,0.3,5.1,0.5,0.5,0.4,1.9,5.5,1.8,8.6,14,3,0,0.2,57.8,0,0
"77","MERU","BUURI EAST","SubCounty",23737,0.3,0.1,0.2,0.1,0.1,0,2.7,7.2,1.4,9.4,13,2.3,NA,0.3,62.9,0,0
"78","MERU","BUURI WEST","SubCounty",27905,0.3,0,2.5,0.3,0.1,0.2,2,11.9,3.2,8.3,13.6,2.3,0,0.7,54.5,0,0
"79","MERU","IGEMBE CENTRAL","SubCounty",51848,0.9,0.3,6.9,0.4,0.5,0.2,1.5,6.5,2.1,4.2,5.2,1.9,0,0.2,69,0,0
"80","MERU","IGEMBE NORTH","SubCounty",38716,1.4,0.6,5.4,0.6,0.5,0.2,2.6,5.7,2.4,4.6,6.1,2.2,0,0.2,67.5,0,0
"81","MERU","IGEMBE SOUTH","SubCounty",43222,0.4,0.5,3.3,0.4,0.2,0.1,1.6,6.2,1.7,10,8.7,2.2,0,0.1,64.6,0,0.1
"82","MERU","IMENTI NORTH","SubCounty",57556,0,0,0.7,0.1,0.3,0.4,1.9,4.4,1.3,16.4,27.9,3.3,0,0.1,43,0,0
"83","MERU","IMENTI SOUTH","SubCounty",63954,0.1,0.1,4.1,0.4,0.5,0.2,1.9,4.1,1.4,9.3,21.7,2,0,0.1,54,0,0
"84","MERU","MERU CENTRAL","SubCounty",39498,0.3,0.1,7.7,0.7,0.9,0.9,2.7,3.8,1.4,7.3,17.6,3.4,0,0.1,53.1,0,0
"85","MERU","TIGANIA CENTRAL","SubCounty",24983,0.4,0.4,8.2,1.4,1.6,2.3,0.8,4.2,1.5,4.6,7.3,9.5,0,0.1,57.6,0,0
"86","MERU","TIGANIA EAST","SubCounty",16791,0.1,0.4,20.1,1.2,0.3,0.2,1.4,5.9,2.9,8.5,9.1,2.5,0,0.3,47.1,0,0.1
"87","MERU","TIGANIA WEST","SubCounty",35402,0.1,0.1,6.5,0.9,0.5,0.2,1.5,4.3,1.6,7.8,9.1,4,0,0.1,63.1,0,0
"88","MERU","MERU NATIONAL PARK","SubCounty",46,NA,NA,NA,NA,NA,NA,NA,NA,2.2,26.1,8.7,63,NA,NA,NA,NA,NA
"89","MERU","MT. KENYA FOREST","SubCounty",273,10.6,57.1,4.4,NA,NA,NA,NA,1.1,0.4,1.1,1.5,0.7,0.4,10.6,12.1,NA,NA
"90","THARAKA-NITHI","THARAKA-NITHI","County",109450,0.4,0.2,26.9,1.6,2.5,1.9,0.8,1.8,1.4,6.1,17.1,6.6,0,0.1,32.6,0.1,0
"91","THARAKA-NITHI","IGAMBANG'OMBE","SubCounty",14383,0.5,0.1,46.6,2.2,3.4,3.1,0.1,1.5,1.5,5.6,10.5,4.9,0,0.1,20.1,NA,0
"92","THARAKA-NITHI","MAARA","SubCounty",34779,0.4,0.1,7.7,0.4,0.2,0.3,1.8,2.9,1.7,4.6,21.8,2.2,0,0.1,55.7,0,0
"93","THARAKA-NITHI","MERU SOUTH","SubCounty",28211,0,0,5.6,0.4,0.5,0.5,0.6,1.7,1.3,11.9,24.4,6.3,NA,0.1,46.6,0,0
"94","THARAKA-NITHI","THARAKA NORTH","SubCounty",13403,1.4,0.8,57.3,3.1,5.5,3.5,0.1,0.9,1.3,2,6.3,16.5,0,NA,1,0.1,0.1
"95","THARAKA-NITHI","THARAKA SOUTH","SubCounty",18603,0.4,0.1,57.9,4.3,6.8,4.9,0.1,0.5,1,3.5,10.3,9.7,0,0,0.5,0.2,0
"96","THARAKA-NITHI","MT. KENYA FOREST","SubCounty",71,NA,NA,NA,NA,NA,NA,NA,38,12.7,9.9,18.3,NA,NA,NA,19.7,1.4,NA
"97","EMBU","EMBU","County",182427,0.1,0.1,16,2,5.6,3.5,0.2,1.2,3.4,8,18.8,20.9,0,0.1,20.2,0,0
"98","EMBU","EMBU EAST","SubCounty",39586,0,0,12.5,1.3,1.5,1.2,0.2,1.2,2.2,6,11.6,29.3,0,0,32.9,0,NA
"99","EMBU","EMBU NORTH","SubCounty",24294,0,NA,1.6,0.3,0.3,0.1,0.5,2.3,1.9,4.7,16.3,6.6,0,0.1,65.4,0,0
"100","EMBU","EMBU WEST","SubCounty",43126,0.1,0,7.4,1,1.3,0.6,0.1,2.3,5.8,17.1,32.4,14.4,0,0,17.3,0,0
"101","EMBU","MBEERE SOUTH","SubCounty",45924,0.2,0.2,24.1,2.6,10.8,6.5,0.1,0.3,3.8,5.1,18.4,27,0,0.1,0.7,0,0
"102","EMBU","MBEERE NORTH","SubCounty",29483,0.1,0.1,32.7,4.7,13.5,8.8,0,0.3,2,4.6,11.4,21.4,0,0.1,0.3,NA,0
"103","EMBU","MT. KENYA FOREST","SubCounty",14,NA,NA,NA,NA,NA,NA,NA,71.4,21.4,NA,NA,NA,NA,NA,7.1,NA,NA
"104","KITUI","KITUI","County",261814,0.5,0.4,11.6,4.4,8.5,7.5,0,0.5,1.8,10.6,7.4,46.4,0,0,0.2,0,0
"105","KITUI","IKUTHA","SubCounty",16579,1.1,0.3,16.6,5.8,10,12.4,0,0.6,1.5,5,2.8,43.4,0,0.1,0.5,0.1,0
"106","KITUI","KATULANI","SubCounty",12166,0.1,0.1,2.3,3.5,13.8,10.2,0,0,1.1,8.3,7,53.5,0,0,NA,NA,NA
"107","KITUI","KISASI","SubCounty",10860,0,0,2.5,4.2,5.2,8.2,0,0,1.7,9.5,8.7,59.7,0,0,0,NA,0
"108","KITUI","KITUI CENTRAL","SubCounty",29026,0,0,1.3,2.9,7.1,4.8,0,0,1.8,22,13.3,46.5,0,0,0,0,0
"109","KITUI","KITUI WEST","SubCounty",17465,NA,0,1.2,2.5,11.6,7.9,0,0,1.4,13.5,10.1,51.7,0,0,0,0,NA
"110","KITUI","KYUSO","SubCounty",15969,0.6,0.6,20.9,4.1,6.7,5.7,0,1.9,1.8,7.2,3.2,47.1,0.1,0.1,0.3,0,0
"111","KITUI","LOWER YATTA","SubCounty",15021,0.2,0.4,5.4,6.7,10.7,12.4,0,0.1,4.7,10.1,12.1,37.1,0,0,0.1,0,0
"112","KITUI","MATINYANI","SubCounty",11497,0,0.1,0.3,4,8.5,8.5,0,0,1.4,8.8,10.6,57.6,0.1,NA,NA,NA,NA
"113","KITUI","MIGWANI","SubCounty",18843,0,0,0.7,2.2,9.4,5.3,NA,0,1.7,14.3,8,58.1,0,NA,0,NA,0
"114","KITUI","MUMONI","SubCounty",6451,0.7,0.2,10.6,2.7,8.3,7.1,NA,0.2,1.5,4.5,2.5,61.6,0,0,0.1,NA,0
"115","KITUI","MUTITU","SubCounty",11490,0.7,1.4,45,9.8,5.8,3.2,0.1,0.4,1.5,4.9,3.9,22.2,0.2,0.1,0.7,0,0.1
"116","KITUI","MUTITU NORTH","SubCounty",4929,0.4,0.1,39.3,6.1,11,5.6,0,0.9,1.1,5.8,2.4,27.1,0.1,0.1,0.1,NA,0
"117","KITUI","MUTOMO","SubCounty",23034,1.7,1.8,12.7,3.6,7,12.4,0.1,0.5,1.5,7.1,4,47.2,0,0.1,0.2,0,0
"118","KITUI","MWINGI CENTRAL","SubCounty",26745,0.3,0.1,6.9,3.6,10,6,0,0.2,2,16.5,10.9,43.3,0,0,0.1,0,0
"119","KITUI","MWINGI EAST","SubCounty",18725,0.6,0.4,38.3,7.4,4.2,3.1,0.1,2.1,1.6,6.1,4.1,31.1,0.1,0.1,0.7,NA,0
"120","KITUI","NZAMBANI","SubCounty",11276,0.1,0,1.3,2.9,9,9.9,0,0,1.6,7.2,7.8,60.1,0.1,0,0.1,NA,NA
"121","KITUI","THAGICU","SubCounty",3289,0.2,0.5,34.6,7.3,4.7,1.9,0.1,2.1,1,6.4,1.6,39.3,NA,0,0.2,NA,NA
"122","KITUI","TSEIKURU","SubCounty",8449,2.1,1.5,14.6,6.2,9.3,7.1,0,1.1,2.6,6.2,2.6,46.4,NA,0,0.3,0,NA
"123","MACHAKOS","MACHAKOS","County",399523,0,0,0.8,2.5,6.8,4.8,0.1,0.1,9.4,19.5,24.2,31.5,0,0,0.1,0,0
"124","MACHAKOS","ATHI RIVER","SubCounty",109723,0,0,0.3,0.5,1,0.3,0.3,0.2,27.5,36.8,28.8,3.7,0.1,0.1,0.3,0,0.1
"125","MACHAKOS","KALAMA","SubCounty",14137,0,0,1.1,4.2,10.3,7.8,0,0.1,3.6,11.5,14.8,46.1,0.1,NA,0.2,NA,0
"126","MACHAKOS","KANGUNDO","SubCounty",26115,0,0,0.1,2.1,6.6,6.3,0,0,1.2,7,25.5,51,0,0,0,0,0
"127","MACHAKOS","KATHIANI","SubCounty",28730,0,0,0.5,0.8,12.4,8.4,0,0,1.3,9.9,10.5,56.1,0,0,0,0,0
"128","MACHAKOS","MACHAKOS","SubCounty",50753,0,0,1.3,1.7,6.9,2.4,0,0.1,2.4,26.2,26.6,32.2,0,0,0.1,0.1,0
"129","MACHAKOS","MASINGA","SubCounty",36196,0.1,0.1,2,3,11.6,9.7,0,0.1,2.2,8.9,11.2,51.1,0,0,0.1,NA,0
"130","MACHAKOS","MATUNGULU","SubCounty",44399,0,0,0.7,6,3.3,4.5,0.1,0.1,4.9,13.3,46.8,20.2,0,0,0.1,0,0
"131","MACHAKOS","MWALA","SubCounty",45809,0,0,0.7,1.6,12.3,7.3,0,0,1.6,8.7,6.4,61.3,0,0,0,0,0
"132","MACHAKOS","YATTA","SubCounty",43661,0.1,0.1,1.6,5.9,10.7,8.1,0,0,2.5,11.2,27.6,32,0,0,0,0,0
"133","MAKUENI","MAKUENI","County",243979,0.1,0,3.5,3.3,14.5,6.4,0,0.1,2.5,7.8,5.9,55.7,0.1,0,0.1,0,0
"134","MAKUENI","KATHONZWENI","SubCounty",18362,0,0,2.8,0.9,11.4,3.9,0,0,2.2,4.8,2.7,71,0.1,0,0,0,0
"135","MAKUENI","KIBWEZI","SubCounty",47594,0.1,0.1,4.5,6.3,10.5,5.8,0,0.1,1.6,6.8,5.9,58.1,0,0,0.1,0,0
"136","MAKUENI","KILUNGU","SubCounty",14563,0.1,0,4,1.9,24.7,13,0,0,1.2,6,2.2,46,0,NA,0,0.7,0
"137","MAKUENI","MAKINDU","SubCounty",21662,0,0.1,2.9,3.6,19.2,7.3,0,0,2.3,11,7.9,45.4,0.1,0,0,0,0
"138","MAKUENI","MAKUENI","SubCounty",34352,0,0,3.1,1.8,18.4,6.7,0,0,1.5,10.4,6.3,51.6,0,0,0,NA,0
"139","MAKUENI","MBOONI EAST","SubCounty",23724,0.1,0,3.4,1,12.6,6.1,0,0.1,1.1,7.2,3.5,64.8,0,0,0,NA,0
"140","MAKUENI","MBOONI WEST","SubCounty",24807,0,0,1.9,3.5,14.5,6.3,0,0,1.2,5.2,5.3,61.9,0,0,0,0,0
"141","MAKUENI","MUKAA","SubCounty",28109,0,0,4.3,4.1,11.5,5,0.1,0.1,9.3,9.9,8.7,46.8,0,0,0.2,0,0
"142","MAKUENI","NZAUI","SubCounty",30806,0,0,4,3.3,14.1,6.3,0,0,1.7,7.7,7.3,55.3,0.1,0,0.1,0,0
"143","NYANDARUA","NYANDARUA","County",178224,0.1,0,17.7,1.1,0.5,0.4,1,9.4,12.5,7.1,19.3,0.8,0,0.1,29.8,0,0
"144","NYANDARUA","KINANGOP","SubCounty",30847,0.2,0,10.9,1.4,1.6,2.1,1.1,13,12.1,6,20.1,1.5,0,0.3,29.6,0,0
"145","NYANDARUA","NYANDARUA SOUTH","SubCounty",25650,0.1,0,30.7,1.5,0.6,0.1,0.7,8.4,10.1,5.9,24.5,0.3,0,0.2,16.8,0,0
"146","NYANDARUA","MIRANGINE","SubCounty",17880,0.4,0,24.6,1.3,0.1,NA,2,11.4,16.5,6.1,13.5,0.2,0.1,0.1,23.8,0,0
"147","NYANDARUA","KIPIPIRI","SubCounty",25077,0.1,0,29.7,1.2,0.5,0.1,1,5.4,16.6,4.7,14.7,0.7,NA,0.1,25.2,0,0
"148","NYANDARUA","NYANDARUA CENTRAL","SubCounty",21852,0.1,0,20.6,1.2,0.5,0.4,0.6,4.9,14.2,8.7,32.6,0.8,0,0.1,15.2,0,0
"149","NYANDARUA","NYANDARUA WEST","SubCounty",29003,0.1,NA,6.8,0.4,0.1,0,0.8,11.4,8.6,11.6,19.8,0.7,0,0.1,39.5,0,0
"150","NYANDARUA","NYANDARUA NORTH","SubCounty",27906,0,0,7.2,0.7,0.1,0,1.2,10,11.7,6.4,10.4,0.9,0,0.1,51.1,0,0
"151","NYANDARUA","ABERDARE NATIONAL PARK","SubCounty",9,NA,NA,NA,NA,NA,NA,NA,NA,NA,44.4,44.4,NA,NA,NA,11.1,NA,NA
"152","NYERI","NYERI","County",244564,0.1,0,1.7,0.3,1.2,0.8,0.5,6.5,4.1,12,18.5,2.5,0,0.1,51.6,0,0
"153","NYERI","TETU","SubCounty",24122,0,0,0.4,0.1,0.5,0.1,0.7,4.6,1.6,6.5,10.3,0.4,0,0.1,74.6,0,0
"154","NYERI","KIENI EAST","SubCounty",36751,0.1,0.1,1.2,0.2,0.2,0,0.5,6.9,4.1,8.5,18.6,0.5,0,0.2,58.8,0,0
"155","NYERI","KIENI WEST","SubCounty",27530,0.4,0.1,0.4,0.1,0.1,0,1.1,12.7,5.9,4.9,8.2,0.3,0,0.2,65.6,0.1,0
"156","NYERI","MATHIRA EAST","SubCounty",33945,0.1,0,1.9,0.3,0.6,0.4,0.4,5,1.9,18.5,21.7,2.9,0,0,46.3,0,0
"157","NYERI","MATHIRA WEST","SubCounty",18892,0.1,0,3,0.2,0.1,0.1,0.6,5.9,3.4,6.7,15,1.2,0,0.1,63.4,0,0
"158","NYERI","NYERI SOUTH","SubCounty",28103,0.2,0,0.8,0.2,0.9,0.1,0.7,5.4,3.8,7.8,17.3,0.3,0,0.1,62.2,0.1,0
"159","NYERI","MUKURWE-INI","SubCounty",27036,0.1,0,7.4,1.2,6.8,6.6,0.2,2.7,7.4,8.9,15.2,14.6,0,0,28.9,0.1,0
"160","NYERI","NYERI CENTRAL","SubCounty",48036,0,NA,0.2,0.2,0.6,0.1,0.3,7.6,4.3,23.1,30.2,1.2,0,0.1,32,0,0
"161","NYERI","MT. KENYA FOREST","SubCounty",101,5,NA,5.9,NA,NA,NA,NA,5,3,4,24.8,NA,1,2,49.5,NA,NA
"162","NYERI","ABERDARE FOREST","SubCounty",48,NA,NA,NA,NA,NA,NA,NA,NA,NA,47.9,NA,NA,NA,NA,33.3,18.8,NA
"163","KIRINYAGA","KIRINYAGA","County",203576,0,0,10.4,1.9,4.7,2.2,0.3,2.9,3.8,12.8,24.1,9.4,0,0,27.5,0,0
"164","KIRINYAGA","KIRINYAGA CENTRAL","SubCounty",40149,0,NA,4.5,0.4,1,0.6,0.7,2.2,2.2,13.2,20.2,4.2,0,0,50.8,0,0
"165","KIRINYAGA","KIRINYAGA EAST","SubCounty",44509,0,0,8.2,0.7,1,0.2,0.2,5.4,1.7,8.3,20.1,3.9,0,0,50.1,0,0
"166","KIRINYAGA","KIRINYAGA WEST","SubCounty",37951,0.1,0,4,1,6.8,6.4,0.3,3.5,3.7,10.4,25.8,13.8,0,0.1,24.1,0,0
"167","KIRINYAGA","MWEA EAST","SubCounty",46331,0,0,14.3,4.5,9.4,1.5,0.1,1.5,5.1,18.5,29.6,10.3,0,0,5.2,0,0
"168","KIRINYAGA","MWEA WEST","SubCounty",34613,0,0,21.9,2.5,5.3,2.7,0.2,1.4,6.5,13.3,24.5,16.5,0,0,5.1,0,0
"169","KIRINYAGA","MT. KENYA FOREST","SubCounty",23,NA,NA,NA,NA,NA,NA,NA,43.5,26.1,NA,13,NA,NA,NA,17.4,NA,NA
"170","MURANG'A","MURANG'A","County",317496,0.1,0,7.4,1.1,2.8,1.7,0.3,2.2,24.4,10.6,30.2,7.6,0,0,11.4,0.2,0
"171","MURANG'A","MURANG'A EAST","SubCounty",34650,0,0,7.5,2.1,6.8,4.9,0.1,0.6,8.3,16.8,36.1,15.1,0,0,1.6,NA,0
"172","MURANG'A","KANGEMA","SubCounty",25283,0.1,NA,2.7,0.3,0.4,0.2,0.6,3.7,38.7,5.4,18.1,2.3,0,0,27.2,0.2,NA
"173","MURANG'A","MATHIOYA","SubCounty",28372,0.2,NA,2.4,0.3,0.8,0.3,0.3,3.1,47.6,6.2,15.8,1.8,0,0,21,0.3,0
"174","MURANG'A","KAHURO","SubCounty",26778,0.1,0,8.7,0.8,0.5,0.2,0.2,2.4,34.1,7.2,24.2,1.5,0,0,20,0,0
"175","MURANG'A","MURANG'A SOUTH","SubCounty",55878,0.1,0,9.1,1.7,5.9,3.5,0.2,0.7,15.2,12.7,35,13.5,0,0,2.3,0,0
"176","MURANG'A","GATANGA","SubCounty",55340,0.3,0,5.1,1.5,2.8,2,0.3,3.1,10.8,12.1,38.4,11,0,0,12.5,0.2,0
"177","MURANG'A","KIGUMO","SubCounty",40528,0.1,0,9.3,0.7,1,0.3,0.4,3.7,33.5,7.8,21.4,4.7,0,0,16.6,0.5,0
"178","MURANG'A","KANDARA","SubCounty",50657,0.2,0,10.8,0.8,1.5,0.5,0.3,1.7,27.6,11.3,36.3,3.8,0,0,5.1,0.1,0
"179","MURANG'A","ABERDARE FOREST","SubCounty",10,NA,NA,NA,NA,NA,NA,NA,NA,70,NA,20,NA,NA,NA,10,NA,NA
"180","KIAMBU","KIAMBU","County",792333,0.1,0,0.6,0.4,1,0.2,1.2,1.4,24.7,23.3,40.3,2,0,0.1,4.8,0.1,0
"181","KIAMBU","GATUNDU NORTH","SubCounty",31452,0.3,0,1.8,1,1.6,0.7,0.5,3.1,27.4,7.3,35.1,6.6,0,0,14.4,0.2,0
"182","KIAMBU","GATUNDU SOUTH","SubCounty",35577,0.2,0,2.5,0.8,1,0.4,0.7,2.6,39.2,11.1,32.7,1.6,0,NA,7.3,0,0
"183","KIAMBU","GITHUNGURI","SubCounty",49414,0.2,0,0.1,0.2,1,0.3,1.9,3.2,42.4,11.1,26.7,1.1,0,0.1,11.5,0.1,0
"184","KIAMBU","JUJA","SubCounty",104042,0,0,0.2,0.5,1.3,0.3,0.1,0.1,5.5,28.9,61,1.8,0,0,0.2,0.1,0
"185","KIAMBU","KABETE","SubCounty",66681,0,0,0,0,0.2,0.2,1.5,1.2,48.1,14.1,31,1.1,0,0,2.4,0,0
"186","KIAMBU","KIAMBAA","SubCounty",80316,0,0,0,0.2,0.6,0.1,1.4,1.3,34.3,23.3,33.1,2.1,0,0,3.4,0,0
"187","KIAMBU","KIAMBU","SubCounty",46816,0,0,0,0.2,1.2,0.1,1.7,0.8,27.1,25.2,39.3,2,0,0,2.3,0,0.1
"188","KIAMBU","KIKUYU","SubCounty",60619,0.1,0,0.4,0.1,0.3,0.1,2.8,1.3,41.8,24.1,25.2,1.6,0,0,2.1,0.1,0
"189","KIAMBU","LARI","SubCounty",38585,0.1,0,0.9,0.3,0.5,0.2,4.2,5.6,30.7,8.6,16.7,0.5,0,0.3,31.2,0.1,0
"190","KIAMBU","LIMURU","SubCounty",49096,0.2,0,2.2,0.6,0.3,0.1,2.3,3,33.3,16.6,30.1,1.3,0,0.3,9.8,0,0
"191","KIAMBU","RUIRU","SubCounty",127910,0,0,0.1,0.3,1.3,0.2,0.1,0.2,10.1,36.7,48.9,1.7,0,0,0.4,0,0
"192","KIAMBU","THIKA EAST","SubCounty",12736,0,0,2.3,2.9,1.9,2.5,0.3,0.2,5.5,18.4,58.1,7.4,NA,0,0.3,NA,0
"193","KIAMBU","THIKA WEST","SubCounty",89089,0,0,1.1,0.6,1.4,0.2,0.1,0.5,8.1,30.7,53.6,3,0,0,0.8,0,0
"194","TURKANA","TURKANA","County",162627,16.4,27.5,28.5,3.3,0.9,0.4,0.2,3,5.9,5.3,1.8,2.3,1.5,2.5,0.4,0.1,0.1
"195","TURKANA","KIBISH","SubCounty",5699,6.7,75.7,5.4,2.1,0.1,0,0.1,5.1,1.6,0.7,0,0.1,0.2,0.9,1.2,NA,NA
"196","TURKANA","LOIMA","SubCounty",19139,28.9,31.2,26.8,2.4,0.1,0.2,0.2,8.1,0.5,0.5,0.4,0.2,0.1,0.4,0.2,0,0.1
"197","TURKANA","TURKANA CENTRAL","SubCounty",37917,18.7,21.1,29.6,2.8,0.5,0,0.2,0.5,5.8,13.3,4,2.9,0,0.1,0.5,0.1,0
"198","TURKANA","TURKANA EAST","SubCounty",17887,25.3,10.7,49.7,5.2,0.2,0.2,0.1,3.7,1,2.1,0.7,0.7,0,0.1,0.1,NA,0.1
"199","TURKANA","TURKANA NORTH","SubCounty",12964,16.2,61.8,3.2,0.6,0.1,0.1,0.1,5.6,5.2,1.6,0.9,0.1,0.6,3.8,0.1,0,0
"200","TURKANA","TURKANA SOUTH","SubCounty",24281,16.9,17.2,44,5.2,1,0.8,0.1,2.5,1.3,6.1,1.1,2,0.2,1.4,0,0,0.1
"201","TURKANA","TURKANA WEST","SubCounty",44740,6.7,27.8,21.8,3.2,2.1,0.7,0.3,1.9,13.4,3.2,1.8,4.5,5.1,6.7,0.6,0.2,0.1
"202","WEST POKOT","WEST POKOT","County",115761,1,3,74.8,5.6,1.5,0.2,0.1,0.3,0.9,4.2,1.9,5.9,0,0,0.5,0,0
"203","WEST POKOT","KIPKOMO","SubCounty",18367,0.2,1.9,73.8,7.5,2.3,0.1,0,0.1,0.8,4.6,1.6,7.1,0,0,0,0,NA
"204","WEST POKOT","POKOT CENTRAL","SubCounty",21784,2.6,3.7,79.3,6.1,0.7,0.1,0.1,0.6,0.9,2.5,1.4,1.4,0.1,0.1,0.4,NA,0
"205","WEST POKOT","POKOT NORTH","SubCounty",25736,1.6,5.5,83.2,3.3,0.4,0.1,0,0.3,0.5,1.9,0.9,1.4,0,0,0.7,0,0.1
"206","WEST POKOT","POKOT SOUTH","SubCounty",13752,0.4,1.3,80,7.9,0.4,0,0.2,0.5,0.3,3.7,2.2,2.1,NA,NA,1,0,NA
"207","WEST POKOT","WEST POKOT","SubCounty",36122,0.2,2.2,64.7,5,2.9,0.7,0,0,1.4,6.8,3.1,12.7,0,0,0.3,0,0
"208","SAMBURU","SAMBURU","County",63951,6.3,1.7,52.6,1.6,0.5,0.1,0.3,2.1,2.8,10.3,7.8,1.6,0,7.6,4.7,0,0
"209","SAMBURU","SAMBURU CENTRAL","SubCounty",33720,2.7,1.1,59.6,1.8,0.8,0.1,0.2,1.5,1.4,11.7,9,1.3,0,1.5,7.2,0,0
"210","SAMBURU","SAMBURU EAST","SubCounty",17307,8,0.9,38.4,1.4,0.3,0.1,0.6,3.7,6.5,10,6.2,2.7,0.1,19.5,1.6,0,NA
"211","SAMBURU","SAMBURU NORTH","SubCounty",12924,13.4,4.5,53.5,1.1,0.1,0,0.1,1.4,1.6,6.8,6.5,1.1,0,7.6,2.3,0,0
"212","TRANS NZOIA","TRANS NZOIA","County",222989,0,0.2,59.5,6.6,2.8,0.4,0.1,0.1,1.4,7.1,3.1,18.5,0,0,0.2,0,0
"213","TRANS NZOIA","TRANS NZOIA WEST","SubCounty",47576,0,0.1,46.3,8.5,4.8,0.7,0.1,0.2,1.7,12.2,3.8,21.2,0.1,0,0.3,0,0
"214","TRANS NZOIA","TRANS NZOIA EAST","SubCounty",49955,0,0.1,69.8,4.8,1.8,0.3,0.1,0.1,1.1,5.7,2.4,13.7,0,0,0.1,0,0
"215","TRANS NZOIA","KWANZA","SubCounty",45599,0,0.1,62.2,7.4,3.4,0.5,0,0.1,1.2,6,2.7,16.2,0,0,0.1,0,0
"216","TRANS NZOIA","ENDEBESS","SubCounty",23246,0.1,0.5,79,6.7,1.2,0.2,0.1,0.3,1.3,4,2.7,3.3,0,0,0.5,0,0
"217","TRANS NZOIA","KIMININI","SubCounty",56613,0,0.1,51.4,5.9,2.1,0.4,0.1,0.1,1.4,6.3,3.5,28.5,0,0,0.2,0,0
"218","UASIN GISHU","UASIN GISHU","County",301110,0,0.1,33.9,2.8,2.1,0.3,0.5,1.3,9.9,23.6,8.2,12.2,0,0,5.2,0,0
"219","UASIN GISHU","AINABKOI","SubCounty",34862,0.1,0.1,21.7,1.3,1,0.3,0.8,3.6,16.1,23,6.2,10.4,0,0.1,15.3,0,0
"220","UASIN GISHU","KAPSERET","SubCounty",59678,0,0,26.8,1.9,3,0.4,0.5,0.4,12.3,31.9,11.4,10.3,0,0,1,0,0
"221","UASIN GISHU","KESSES","SubCounty",34623,0.1,0.1,36.4,2.6,0.4,0.1,0.5,4.5,10.8,12.9,5.1,8.9,0,0,17.5,0,0
"222","UASIN GISHU","MOIBEN","SubCounty",46602,0,0.1,25,4.5,1.3,0.3,0.7,1.2,13.1,23.8,8,15.7,0,0,6.3,0,0
"223","UASIN GISHU","SOY","SubCounty",53758,0,0.1,53.3,2.6,2.7,0.5,0.2,0.2,6.1,13.9,5.3,14.6,0,0,0.5,0,0
"224","UASIN GISHU","TURBO","SubCounty",71587,0,0,35.7,3.3,2.6,0.3,0.3,0.3,5.1,29.5,10.2,12.2,0,0,0.4,0,0
"225","ELGEYO/MARAKWET","ELGEYO/MARAKWET","County",99119,0.2,0.6,36.6,11.7,1,0.3,0.4,2.1,9.5,5.7,3.9,8.1,0,0,19.7,0,0
"226","ELGEYO/MARAKWET","KEIYO NORTH","SubCounty",21749,0.1,0.1,21.8,5.9,1,0.6,0.3,3,19.1,5.7,1.9,15.7,0,0,24.8,0,0
"227","ELGEYO/MARAKWET","KEIYO SOUTH","SubCounty",26740,0.2,0.2,22.6,0.9,0.6,0.1,0.6,4.2,16.7,3.1,1.1,3.7,0,0.1,45.9,0,0
"228","ELGEYO/MARAKWET","MARAKWET EAST","SubCounty",21123,0.7,1.9,40.3,31.8,1.2,0.4,0,0.2,1.9,5.6,8.4,6.9,0,0,0.8,0,0
"229","ELGEYO/MARAKWET","MARAKWET WEST","SubCounty",29507,0.1,0.3,57.4,11.5,1.3,0.1,0.5,0.9,1.5,8.3,4.7,7.5,0,0,5.9,0,0
"230","NANDI","NANDI","County",199040,0,0.1,59.6,3.1,3.4,0.4,0.3,0.6,2.5,9.7,4.2,12.1,0,0,3.9,0,0
"231","NANDI","CHESUMEI","SubCounty",39011,0,0.1,54.5,2.1,5.4,0.6,0.2,0.5,2.2,9.1,3.6,20.9,0,0,0.7,0,0
"232","NANDI","NANDI CENTRAL","SubCounty",34247,0,0.1,56.2,3.5,7,1,0.2,0.4,2.2,10,3.8,14.3,0,0,1.3,0,0
"233","NANDI","NANDI EAST","SubCounty",29249,0,0,37.9,4.1,1.6,0.2,0.7,1.5,5.5,18.6,5.8,13.5,0,0,10.6,0,0
"234","NANDI","NANDI NORTH","SubCounty",35257,0.1,0.2,77.9,2.4,2.3,0.2,0,0,0.8,5.4,2.8,7.7,0,NA,0.1,0,0
"235","NANDI","NANDI SOUTH","SubCounty",37038,0,0.2,70.3,3.1,2,0.3,0.1,0.2,1.6,7.7,5,9.2,0,0,0.4,0,0
"236","NANDI","TINDERET","SubCounty",24238,0,0.1,55.9,3.9,1.3,0.1,0.6,1.7,3.4,8.8,4.2,4.2,0,0,15.7,0,0
"237","BARINGO","BARINGO","County",141877,1.9,3.2,36.5,3,0.2,0.1,0.3,3.1,18.6,7.3,5.5,1.3,0,0.1,18.8,0,0
"238","BARINGO","BARINGO CENTRAL","SubCounty",23523,0.2,0.2,23.4,1.4,0.4,0.1,0.4,3.2,17.2,13.3,6.7,3.9,NA,0,29.4,0,0
"239","BARINGO","BARINGO NORTH","SubCounty",23345,0.4,0.9,44.4,4.7,0.1,0,0.2,2.1,12.9,3.9,2.2,0.9,NA,0,27.2,0,0
"240","BARINGO","EAST POKOT","SubCounty",14392,14.6,17.1,50.3,8.1,0.2,0.3,0.3,0.7,3.8,2.6,1.3,0.3,0.1,0,0.2,NA,NA
"241","BARINGO","KOIBATEK","SubCounty",30752,0.2,0,21.4,1.1,0.4,0.1,0.7,8.1,7.7,11.1,10.7,1.3,NA,0.1,37.1,0,0
"242","BARINGO","MARIGAT","SubCounty",19658,0.3,0.9,24.4,2.8,0.1,0,0.2,2,55.2,2.9,2.1,0.5,0,0.1,8.4,0,0
"243","BARINGO","MOGOTIO","SubCounty",18169,0,0.1,49.2,1.3,0.3,0,0.2,0.6,26.8,9.4,9.5,0.8,0,0,1.8,0,NA
"244","BARINGO","TIATY EAST","SubCounty",12038,2.4,13.5,69.4,4.8,0.1,0.1,0.1,0.5,5.6,1.6,1,0.5,0,0.2,0.1,NA,0
"245","LAIKIPIA","LAIKIPIA","County",145776,0.4,0.2,19.7,1,0.3,0.1,0.8,8.3,9.3,11.9,14.4,1.4,0,0.5,31.7,0,0
"246","LAIKIPIA","LAIKIPIA CENTRAL","SubCounty",29877,0.1,0,1,0.2,0,0,0.8,9.7,14.2,10.6,17,0.9,0,0.2,45,0,0
"247","LAIKIPIA","LAIKIPIA EAST","SubCounty",31311,0.7,0.1,10.2,1.3,0.4,0,1.7,8.9,6.3,20.7,16.1,2.4,0.1,0.2,31,0,0
"248","LAIKIPIA","LAIKIPIA NORTH","SubCounty",7694,2.1,1.8,57.1,3.7,0.3,0.2,0.4,4.5,3.6,6.9,6.8,0.5,0.1,4.8,7.3,NA,0
"249","LAIKIPIA","LAIKIPIA WEST","SubCounty",32821,0.4,0.4,48,1.1,0.5,0.2,0.3,4.1,9.4,6.8,8,0.9,0.1,0.6,19.2,0,0
"250","LAIKIPIA","NYAHURURU","SubCounty",44073,0.1,0,11.4,0.6,0.4,0.1,0.7,10.7,8.8,11.2,17.5,1.6,0,0.1,36.7,0,0
"251","NAKURU","NAKURU","County",598237,0.1,0.1,24.6,2.4,1.3,0.2,0.4,2.8,6.4,17.9,32.5,2.6,0,0.1,8.5,0,0
"252","NAKURU","GILGIL","SubCounty",49405,0.1,0,26.7,1.8,0.5,0.2,0.4,1.4,14.1,14.9,33.8,1.7,0,0.1,4.2,0.2,0
"253","NAKURU","KURESOI NORTH","SubCounty",40168,0.1,0.2,54.9,1.3,0.2,0,0.7,6.3,3.7,2.4,4.6,2.8,0.1,0.1,22.5,0,0
"254","NAKURU","KURESOI SOUTH","SubCounty",34543,0.1,0.4,35.3,0.5,0.1,0,0.5,6.1,1.2,4.4,3.1,2.4,0,0.6,45.1,0,0
"255","NAKURU","MOLO","SubCounty",41439,0.1,0.1,27,1.1,0.9,0.1,1.2,10.8,3.5,10.3,17.1,2.9,0,0.1,24.8,0,0
"256","NAKURU","NAIVASHA","SubCounty",111493,0.2,0.1,8.4,2.2,1.2,0.1,0.4,1.8,10.5,21.4,46.6,3.3,0,0.2,3.5,0,0
"257","NAKURU","NAKURU EAST","SubCounty",60066,0,0,6.1,2.7,1.9,0.2,0.2,0.6,2.3,34.1,48.5,2.4,0,0,0.9,0,0
"258","NAKURU","NAKURU NORTH","SubCounty",61582,0,0,19.9,1.6,1.2,0.2,0.3,1.4,3.4,17.9,49.6,1.9,0,0,2.5,0,0
"259","NAKURU","NAKURU WEST","SubCounty",64429,0,0,10,6.6,2.7,0.3,0.2,0.3,2.3,36,37.6,3.3,0,0,0.6,0,0
"260","NAKURU","NJORO","SubCounty",61156,0.1,0.1,53.7,2.1,0.9,0.1,0.5,2.7,5.7,8.6,18.7,1.2,0,0.1,5.7,0,0
"261","NAKURU","RONGAI","SubCounty",52248,0,0,34.2,2.3,2.5,0.7,0.3,1,8.7,12.9,31.1,3.8,0,0.2,2.2,0,0
"262","NAKURU","SUBUKIA","SubCounty",21708,0.1,0,28.6,1.7,0.5,0.1,0.4,6.3,16.3,10.8,19.7,1.4,0.3,0,13.8,0,0
"263","NAROK","NAROK","County",238115,0.4,0.7,60.7,1.9,0.8,0.1,0.7,1.9,7.6,6.4,6.5,2,0.1,0.2,9.8,0,0
"264","NAROK","NAROK EAST","SubCounty",24860,1.5,1.2,38,1.7,0.5,0.2,2.3,3,19,10.1,5.3,0.3,0.3,1,15.3,0.3,0
"265","NAROK","NAROK NORTH","SubCounty",59802,0.4,0.3,31.6,1.5,0.6,0.1,0.9,4.3,12.8,10.5,16.3,1.1,0,0.2,19.3,0,0
"266","NAROK","NAROK SOUTH","SubCounty",46549,0.6,0.7,73.8,2,0.4,0,0.4,1,4.9,2.7,3.1,0.5,0.1,0.2,9.7,0,0
"267","NAROK","NAROK WEST","SubCounty",37782,0.2,0.5,79.3,1.7,0.4,0,0.3,0.6,4.2,5,3.8,0.8,0.1,0.1,3,0,0
"268","NAROK","TRANS MARA EAST","SubCounty",20439,0.1,1.2,84.2,0.9,0.2,0,0.7,1.2,0.6,0.5,0.2,0.8,NA,0,9.3,0,0
"269","NAROK","TRANS MARA WEST","SubCounty",48683,0.1,0.9,71.3,3,2,0.3,0.2,0.3,3.7,6.8,3.4,6.6,0.1,0.1,1.1,0,0
"270","NAROK","MAU FOREST","SubCounty",NA,NA,NA,NA,NA,NA,NA,NA,NA,NA,NA,NA,NA,NA,NA,NA,NA,NA
"271","KAJIADO","KAJIADO","County",313218,0.4,0.5,12.1,1.3,0.9,0.2,0.9,0.7,32.4,22.4,21.4,3.3,0.1,0.5,2.9,0,0
"272","KAJIADO","ISINYA","SubCounty",71395,0,0.1,0.1,0.7,1.2,0.1,0.8,0.2,35.7,32.4,25.8,2.3,0,0,0.5,0,0.1
"273","KAJIADO","KAJIADO CENTRAL","SubCounty",37059,0.3,0.9,31.2,3.9,0.9,0.2,0.2,0.3,28.5,13.8,15.3,3.5,0.1,0.4,0.5,0,0
"274","KAJIADO","KAJIADO NORTH","SubCounty",100908,0,0,0.1,0.5,0.6,0.1,1,0.6,31.6,27.8,34.3,2.5,0,0,0.7,0,0
"275","KAJIADO","KAJIADO WEST","SubCounty",42367,2.2,1.8,29,1.2,0.4,0.1,1.7,0.7,37.8,12.1,10.4,1.5,0,0.1,0.8,0.1,0
"276","KAJIADO","LOITOKITOK","SubCounty",45581,0.4,1,26.6,0.5,0.3,0.1,1,2.2,30.2,11.7,3.8,2.6,0.3,2.7,16.6,0,0
"277","KAJIADO","MASHUURU","SubCounty",15908,0.1,0.1,11.7,5.4,3.6,1,0.3,0.2,23.8,20.5,12.8,18.4,0.1,1.5,0.2,0.1,0
"278","KERICHO","KERICHO","County",205932,0,0.1,40.6,1.6,1.1,0.2,0.4,3.1,8.8,9.9,5.1,13,0,0,16,0,0
"279","KERICHO","BELGUT","SubCounty",34978,0,0,37.3,1.8,2.5,0.4,0.3,1.4,6,18.8,7.1,17.9,0,0,6.2,0,0
"280","KERICHO","BURETI","SubCounty",43098,0.1,0.1,54.1,2.6,1.1,0.1,0.5,2.1,2.2,6.1,3.4,17.3,0,NA,10.3,0,0
"281","KERICHO","KERICHO EAST","SubCounty",44246,0,0,20.8,0.5,1,0.2,0.4,2.9,18.9,14.6,7.6,17,0,0,15.8,0,0.1
"282","KERICHO","KIPKELION","SubCounty",24676,0,0.1,32,1.6,0.1,0.1,0.6,5,18.4,2.7,1.3,1.5,0,0,36.5,0,0
"283","KERICHO","LONDIANI","SubCounty",31739,0,0,35.1,0.8,0.6,0.2,0.6,7.5,3.9,9.1,6.7,3.8,0,0,31.5,0,0
"284","KERICHO","SOIN SIGOWET","SubCounty",27195,0.1,0.2,69.8,2.3,1,0.2,0.2,0.3,3,4.6,2.9,14.3,0,0,0.9,0,0
"285","BOMET","BOMET","County",187230,0,0.1,51.5,1.5,0.5,0.1,0.5,2.5,1.3,6.4,3.9,8.7,0.1,0.1,22.9,0,0
"286","BOMET","BOMET EAST","SubCounty",29897,0,0.1,65.8,1.6,0.3,0.1,0.4,1.9,1.2,3.8,3,4.4,0,0,17.5,NA,0
"287","BOMET","CHEPALUNGU","SubCounty",33850,0.1,0.3,75.8,1.2,0.1,0,0.6,1.8,0.6,1.6,1,1.8,NA,0,15,0,0
"288","BOMET","KONOIN","SubCounty",38123,0,0,25,2.6,0.7,0.2,0.3,4.3,1.9,16.2,8.4,9.4,0,0.1,31,0,0
"289","BOMET","SOTIK","SubCounty",47265,0,0.1,60.4,1,0.6,0.1,0.6,2.1,1.1,4.1,2.1,12.5,0,0,15.3,0,0
"290","BOMET","BOMET CENTRAL","SubCounty",38095,0,0.1,34.3,1,0.7,0.1,0.7,2.5,1.5,5.7,4.8,12.9,0.3,0.2,35.3,0,0
"291","KAKAMEGA","KAKAMEGA","County",432284,0,0.1,71.7,3.2,1.8,0.3,0,0,0.9,8.9,3.5,9.4,0,0,0.1,0,0
"292","KAKAMEGA","BUTERE","SubCounty",36243,0,0.1,80.1,1.6,1.1,0.1,0,0,0.7,8.7,3.3,4.2,0,NA,0,NA,0
"293","KAKAMEGA","KAKAMEGA CENTRAL","SubCounty",51956,0,0,44,3.2,3.1,0.2,0.1,0,1.9,19.7,6.8,20.6,0,NA,0.2,0,0
"294","KAKAMEGA","KAKAMEGA EAST","SubCounty",39589,0,0.1,77.1,3.1,1.4,0.1,0,0,1,6.8,3,7.2,NA,0,0,0,0.1
"295","KAKAMEGA","KAKAMEGA NORTH","SubCounty",50952,0,0.1,75.2,3,2.5,0.8,0,0,0.5,6.9,3.1,7.8,0,0,0,0,0
"296","KAKAMEGA","KAKAMEGA SOUTH","SubCounty",26940,0,0.1,81.3,1.8,1,0.1,0,0,0.7,6.2,3.6,4.9,0,NA,0.2,0,0
"297","KAKAMEGA","KHWISERO","SubCounty",27681,0,0.1,80.4,1.8,2.8,0.2,0,0,0.6,6.6,3.6,3.8,0,0,0,NA,0
"298","KAKAMEGA","LIKUYANI","SubCounty",34776,0,0.1,60.1,6.7,1.5,0.2,0,0,1.4,8.8,2.7,18.4,0,0,0.1,0,0
"299","KAKAMEGA","LUGARI","SubCounty",27817,0,0.1,70.5,3.5,2.8,0.4,0,0,0.8,7.1,2.6,11.9,0,0,0.3,0,0
"300","KAKAMEGA","MATETE","SubCounty",13956,0,0.4,75.4,6.4,1.3,0.2,NA,0,0.9,5.7,2.6,6.7,0,NA,0,0.2,NA
"301","KAKAMEGA","MATUNGU","SubCounty",36414,0.2,0.1,78.4,3.5,1,0.2,0,0,0.9,5.8,3.3,6.5,NA,NA,0,0,0
"302","KAKAMEGA","MUMIAS EAST","SubCounty",25995,0,0.2,78.7,3,0.6,0.1,NA,0,0.8,6.8,2.6,7.2,0,NA,0,0,0
"303","KAKAMEGA","MUMIAS WEST","SubCounty",27650,0,0.2,65.8,2.1,1.9,0.1,0,0,0.8,14.7,4.2,10.1,0,NA,0,0,0
"304","KAKAMEGA","NAVAKHOLO","SubCounty",32315,0.1,0.2,82.8,3.4,1.4,0.5,NA,0,0.5,4.5,2,4.7,0,NA,0,0,0
"305","VIHIGA","VIHIGA","County",143288,0.1,0.1,70.4,2.7,3.2,0.3,0,0,0.6,9.3,3.3,10,0,0,0.1,0,0
"306","VIHIGA","EMUHAYA","SubCounty",23803,0.3,0,79.2,1.4,2,0.1,NA,0,0.6,9.1,2.5,4.6,NA,0,0,NA,0
"307","VIHIGA","VIHIGA","SubCounty",23359,0,0,66.1,2.8,4.6,0.5,NA,0.1,0.7,10.7,4.1,10.1,0,NA,0.3,0,0
"308","VIHIGA","SABATIA","SubCounty",31391,0,0.1,70.3,1.6,2.8,0.3,0,0,0.7,10.3,2.8,11.1,NA,NA,0,0,0
"309","VIHIGA","LUANDA","SubCounty",26766,0,0,67.8,3.2,3.1,0.2,0,0,0.7,11.4,4.6,8.8,0,0,0,NA,0
"310","VIHIGA","HAMISI","SubCounty",37965,0,0.1,69.3,3.8,3.4,0.3,0,0,0.6,6.2,3,13.3,0,0,0,NA,0
"311","VIHIGA","KAKAMEGA FOREST","SubCounty",4,NA,NA,NA,NA,NA,NA,NA,NA,50,NA,NA,25,NA,NA,25,NA,NA
"312","BUNGOMA","BUNGOMA","County",357714,0.1,0.2,59.5,10.7,3.1,0.9,0,0.1,0.9,7.1,3.5,13.7,0,0,0.2,0,0
"313","BUNGOMA","BUMULA","SubCounty",44922,0.1,0.3,70.7,9.4,3.2,2.1,0,0,0.8,3.6,2.5,7.3,0,0,0,0,0
"314","BUNGOMA","BUNGOMA CENTRAL","SubCounty",37535,0.1,0.2,57.5,17.9,2.2,0.6,0.1,0,0.9,4.4,2.7,13.2,0,NA,0.2,0,0
"315","BUNGOMA","BUNGOMA EAST","SubCounty",24798,0,0,62.9,6.8,3.5,0.5,0,0,0.9,8.2,3.6,13.5,0,0,0,0,0
"316","BUNGOMA","BUNGOMA NORTH","SubCounty",24940,0,0.2,68.1,5.9,2.4,0.8,NA,0,0.6,3.9,2.1,15.9,0,0,0,0,0
"317","BUNGOMA","BUNGOMA SOUTH","SubCounty",69088,0.1,0.1,45.9,7.6,4.4,0.6,0,0,1.2,13.2,5.8,20.8,0,0,0,0,0
"318","BUNGOMA","CHEPTAIS","SubCounty",26007,0.1,0.2,64.1,15.4,2.3,0.8,0.1,0.7,0.7,5,2.9,6,0,0,1.5,NA,0
"319","BUNGOMA","KIMILILI","SubCounty",35053,0,0.2,62.7,7.8,3.4,0.7,0.1,0,1,7.4,2.7,13.8,0,0,0,0,0
"320","BUNGOMA","MT. ELGON","SubCounty",15230,0.1,0.2,46.8,28.8,1.2,0.6,0.1,0.5,0.9,7.1,8.3,5.2,NA,0,0.3,0,0
"321","BUNGOMA","BUNGOMA WEST","SubCounty",25166,0,0.1,54.3,16.5,4.3,2.4,0,0,0.9,4.1,2.4,14.8,0,NA,0,0,0
"322","BUNGOMA","TONGAREN","SubCounty",21343,0,0.1,60.9,10.4,3.6,0.7,0,0,0.6,4.2,1.7,17.7,0,NA,0,0,0
"323","BUNGOMA","WEBUYE WEST","SubCounty",32834,0,0.1,67.2,4,2.2,0.4,0,0,0.8,9.2,2.9,13.1,0,NA,0.1,0,0
"324","BUNGOMA","MT. ELGON FOREST","SubCounty",798,NA,1.5,97.7,0.4,NA,NA,NA,NA,0.1,0.3,NA,NA,NA,NA,NA,NA,NA
"325","BUSIA","BUSIA","County",197944,0.1,0.2,60.8,4,3.3,0.7,0,0.1,0.9,7.9,5.1,16.7,0,0,0.1,0,0
"326","BUSIA","BUNYALA","SubCounty",19028,0.1,0.7,63.3,4.4,3.1,0.3,0,0,1.6,9.2,9.8,7,0,0,0.4,NA,0
"327","BUSIA","BUSIA","SubCounty",33152,0,0.1,51,3.3,4.6,0.5,0,0.1,1.1,13.6,6.1,19.4,0,0,0,0,0
"328","BUSIA","BUTULA","SubCounty",32199,0,0.2,72.7,2.4,2.1,0.4,0,0.1,0.7,6.4,5.3,9.6,0,0,0.2,0,0
"329","BUSIA","NAMBALE","SubCounty",23889,0,0.3,70.4,2.8,1.7,0.2,0,0,0.7,6,3.3,14.5,NA,NA,0.1,NA,0
"330","BUSIA","SAMIA","SubCounty",23813,0,0.1,66.1,3.1,2.7,0.4,0,0,0.7,8,7.1,11.7,0,0,0,NA,NA
"331","BUSIA","TESO NORTH","SubCounty",29314,0.1,0.1,47.4,5.7,4.3,2.2,0,0.1,0.9,5.3,2.3,31.5,0,0,0,0,0
"332","BUSIA","TESO SOUTH","SubCounty",36549,0.1,0.2,59.1,5.8,3.9,0.5,0,0.3,0.8,6.8,3.5,18.6,0,0,0.3,0,0
"333","SIAYA","SIAYA","County",249341,0,0.1,57.6,3.8,5.9,0.8,0,0,1.7,13,8.2,8.5,0,0,0.1,0,0
"334","SIAYA","SIAYA","SubCounty",57386,0,0.1,58.2,3.3,6.2,0.9,0,0,1.6,10.1,7.2,12.2,0,NA,0,0,0.1
"335","SIAYA","GEM","SubCounty",44696,0,0.2,67.3,2.3,3.8,0.4,0,0,1.2,12.1,5.9,6.5,0,0,0.1,0,0
"336","SIAYA","UGENYA","SubCounty",33554,0,0.1,67,2.5,6.1,0.6,0,NA,0.8,9.3,5.4,8.2,0,0,0,0,0
"337","SIAYA","UGUNJA","SubCounty",26321,0,0.1,62.9,3.3,2.8,0.4,0,0,1,11.4,7.3,10.5,0,0,0,0,0
"338","SIAYA","BONDO","SubCounty",50454,0,0.1,44.1,5.2,9,1,0,0,3,17.3,11.3,8.5,0,0,0.2,0.1,0
"339","SIAYA","RARIEDA","SubCounty",36930,0,0.1,51,5.9,6.1,1.2,0,0.1,2,17.4,11.8,4,0,0,0.3,0,0.1
"340","KISUMU","KISUMU","County",296846,0,0.1,43.3,6.2,3.5,0.5,0.2,0.1,8.1,18.4,8.9,10.6,0,0,0.1,0,0
"341","KISUMU","KISUMU EAST","SubCounty",61499,0,0.1,36.9,8.1,3,0.5,0.3,0.1,10.9,16.4,8.9,14.5,0,0,0.1,0,0
"342","KISUMU","KISUMU CENTRAL","SubCounty",52163,0,0,7.4,8.6,4.6,0.4,0.4,0.1,10.4,39.8,16.2,11.9,0,0,0.1,0,0
"343","KISUMU","KISUMU WEST","SubCounty",42785,0,0.1,37.6,7.2,5.1,0.7,0.1,0.1,7.8,18.3,10.8,12,0,NA,0.1,0,0
"344","KISUMU","SEME","SubCounty",29404,0,0.1,52.3,5.7,5.6,0.8,0.1,0,1.5,17.1,12.3,4.4,0,0,0,0,0
"345","KISUMU","MUHORONI","SubCounty",36982,0,0.1,59.1,4.3,1.4,0.2,0.1,0.1,13.1,12,4.3,5,0,0,0.3,0,0
"346","KISUMU","NYANDO","SubCounty",38460,0,0.1,66.3,2.9,1.3,0.3,0.1,0.1,6.6,8.2,3.6,10.4,0,0,0,0.1,0
"347","KISUMU","NYAKACH","SubCounty",35553,0,0.1,65.1,3.9,3.6,0.6,0,0,2.1,9.1,3.8,11.7,0,NA,0,0,0
"348","HOMA BAY","HOMA BAY","County",260290,0.1,0.2,58.4,3.1,2.9,0.5,0.1,0,10.7,10.4,5.8,7.6,0,0,0.1,0,0
"349","HOMA BAY","HOMA BAY","SubCounty",28471,0,0.1,36.2,3.5,2.8,0.6,0.1,0.1,32.3,12.7,5,6.3,0,0,0.1,0,0
"350","HOMA BAY","NDHIWA","SubCounty",47956,0.2,0.3,73,2.6,2.2,0.3,0,0,5.6,7.2,2.6,5.9,0,0,0,0,0
"351","HOMA BAY","RACHUONYO NORTH","SubCounty",41661,0,0.1,59.1,3.8,4.9,0.6,0,0,3.4,10.6,10.1,7.2,0,0,0,0,0
"352","HOMA BAY","RACHUONYO EAST","SubCounty",27229,0,0.1,62,3.1,4.5,0.7,0,0,1.2,7.9,6.5,13.3,0,0,0.4,0,0
"353","HOMA BAY","RACHUONYO SOUTH","SubCounty",30693,0,0.1,53.5,3.2,4.6,0.6,0,0.1,2,13.5,5.9,16.2,0,NA,0,0,0
"354","HOMA BAY","RANGWE","SubCounty",26983,0.1,0.3,68.6,5.8,1.7,0.3,0.1,0,2,10,5.2,5.8,0,0,0,0,0
"355","HOMA BAY","SUBA NORTH","SubCounty",29662,0.1,0.2,47.9,1.3,1.2,0.2,0.1,0,25.4,13.6,5.8,4.1,0,0,0,0,0
"356","HOMA BAY","SUBA SOUTH","SubCounty",27635,0.1,0.2,58,2,1.2,0.2,0,0.1,20.2,9.1,5.9,2.9,0,0,0,0,0
"357","MIGORI","MIGORI","County",238133,0.1,0.2,56.8,3.9,4.5,0.8,0,0.1,2.7,8.9,4.8,16.8,0,0,0.3,0,0
"358","MIGORI","AWENDO","SubCounty",27014,0,0.1,57.3,3.3,3.2,0.4,0,0.1,2.8,11.5,5.3,15.6,0,0,0.3,0,0
"359","MIGORI","KURIA EAST","SubCounty",17267,0.3,0.7,82,2.6,1.7,0.2,0,0,1.1,3.7,1.9,5.7,0,0,0.1,0,0
"360","MIGORI","KURIA WEST","SubCounty",39723,0.2,0.3,62.7,2.9,3.1,0.3,0,0,1.6,5.1,2.6,21.1,0,0,0,0,0
"361","MIGORI","NYATIKE","SubCounty",39358,0.3,0.1,49.9,2.6,6.2,1.3,0,0.4,8.2,7.8,5.3,16.8,0,0,1,0,0
"362","MIGORI","RONGO","SubCounty",29007,0,0,52.6,3.4,4.9,0.5,0,0,2.3,11.7,4.6,19.9,0,NA,0,0,0
"363","MIGORI","SUNA EAST","SubCounty",27214,0,0.1,49.4,4.4,4.2,0.8,0,0,1.1,13.8,6,19.9,0,0,0,0,0.1
"364","MIGORI","SUNA WEST","SubCounty",28839,0.2,0.1,43.3,5.6,8.7,1.7,0,0.1,1.2,11.1,7.3,19.5,0,0,1,0,0
"365","MIGORI","URIRI","SubCounty",29711,0,0.1,66.6,6.9,2.9,0.7,0,0,1.3,6.5,5,9.9,0,0,0,0,0
"366","KISII","KISII","County",307254,0,0.1,60.3,3.7,2.9,0.5,0,0.1,1.8,6.3,2.9,21,0,0,0.2,0,0
"367","KISII","ETAGO","SubCounty",18610,0,0.2,77.1,6.8,1.8,0.2,0,0,1.1,3.6,2.3,6.7,0,NA,0.1,NA,0
"368","KISII","GUCHA","SubCounty",19621,0,0.1,65,2.7,3.9,0.9,0,0.1,1,6.7,1.8,17.8,0,0,0.1,0,0
"369","KISII","GUCHA SOUTH","SubCounty",19627,0.1,0.1,70.2,6.7,1.6,0.4,NA,0,0.9,4.6,2.5,12.3,0,NA,0.6,0,0
"370","KISII","KENYENYA","SubCounty",30985,0.1,0.1,67.3,2.5,2,0.3,0.1,0.1,1.2,4.6,2.1,19.5,0,NA,0.1,NA,0
"371","KISII","KISII CENTRAL","SubCounty",44037,0,0,39.9,2.4,4.2,0.5,0.1,0.1,4.1,9.5,4.4,34.5,0,NA,0.3,0,0
"372","KISII","KISII SOUTH","SubCounty",31574,0,0.2,64.1,5.2,1.9,0.3,0,0.1,1.5,7.5,4,14.8,0,0,0.3,0,0
"373","KISII","KITUTU CENTRAL","SubCounty",41233,0,0,41.9,2,6,1,0,0.1,2.9,10.6,3.6,31.5,0,0,0.1,0,0
"374","KISII","MARANI","SubCounty",26133,0,0.1,79.2,5.2,1.9,0.3,0,0,0.7,3,1.7,7.8,0,0,0.1,0,0
"375","KISII","MASABA SOUTH","SubCounty",29206,0,0,61.3,3,1.9,0.4,0,0,1,3.6,2.6,25.9,0,NA,0.1,0,0
"376","KISII","NYAMACHE","SubCounty",30583,0,0.1,62.6,4.4,2.8,0.5,0,0.1,1.3,4.7,2.3,21,0,0,0.1,0,0
"377","KISII","SAMETA","SubCounty",15645,0.1,0.6,67.5,2.7,1.5,0.4,0,0,1.3,6.4,2.6,16.7,NA,0,0.1,0,0
"378","NYAMIRA","NYAMIRA","County",150499,0,0.1,60.3,5.8,3.3,0.6,0.1,0.2,1.2,5.3,2.4,20.3,0,0,0.4,0,0
"379","NYAMIRA","BORABU","SubCounty",19404,0.1,0.1,41.6,3.2,2.3,0.6,0.1,0.4,2.3,10.8,2.6,34.4,0,NA,1.5,0,0
"380","NYAMIRA","MANGA","SubCounty",23836,0,0.1,63.9,3.3,3.4,0.5,0,0.1,1.4,4.6,2.4,19.9,0.1,0,0.1,0,0
"381","NYAMIRA","MASABA NORTH","SubCounty",27904,0.1,0.1,63,3.3,3.2,0.7,0,0.1,1.3,3.4,2.6,22.1,0,NA,0.1,0,0
"382","NYAMIRA","NYAMIRA NORTH","SubCounty",40396,0,0.1,64.7,10.6,3.8,0.5,0,0.1,0.7,4.4,2.2,12.6,0,0,0.3,0,0
"383","NYAMIRA","NYAMIRA SOUTH","SubCounty",38959,0,0.1,61,5.5,3.2,0.7,0.1,0.2,1.1,5.4,2.3,20.2,0,0,0.2,0,0
"384","NAIROBI CITY","NAIROBI CITY","County",1494676,0,0,1.6,1.1,0.8,0.1,0.2,0.3,26.3,40.3,26.2,2.5,0,0,0.4,0.1,0.1
"385","NAIROBI CITY","DAGORETTI","SubCounty",154949,0,0,0.1,0.2,0.9,0.1,0.5,0.6,53.4,23.6,16.9,2.3,0,0,1.3,0,0.1
"386","NAIROBI CITY","EMBAKASI","SubCounty",346462,0,0,0,0.1,0.6,0,0.1,0.1,23.8,45.6,27.4,2.2,0,0,0.1,0.1,0
"387","NAIROBI CITY","KAMUKUNJI","SubCounty",83680,0,0,3.8,1.2,0.9,0.1,0.4,0.2,30.7,40.1,19.1,3.1,0,0,0.3,0.1,0.1
"388","NAIROBI CITY","KASARANI","SubCounty",268611,0,0,0.8,0.7,0.7,0.1,0.1,0.2,11.4,49.7,33.8,2.1,0,0,0.3,0,0
"389","NAIROBI CITY","KIBRA","SubCounty",61651,0,0,23.5,12.9,2.2,0.4,0.4,0.4,23.1,18.7,16,1.7,0,0.1,0.4,0,0
"390","NAIROBI CITY","LANG'ATA","SubCounty",60187,0,0,5.3,2.9,1.4,0.2,0.5,0.5,23.6,37.4,24,3.1,0,0.3,0.6,0,0.1
"391","NAIROBI CITY","MAKADARA","SubCounty",70080,0,0,0.1,0.7,0.7,0.2,0.4,0.2,48.5,30.7,16.8,1.5,0,0,0.2,0,0
"392","NAIROBI CITY","MATHARE","SubCounty",74967,0,0,1,0.7,0.3,0.1,0.2,0.2,32.7,42.8,19.4,2.3,0,0,0.3,0,0.1
"393","NAIROBI CITY","NJIRU","SubCounty",204492,0,0,0.1,0.5,1.3,0.1,0.1,0.2,10.5,42.6,40.6,3.7,0,0,0.2,0.1,0.1
"394","NAIROBI CITY","STAREHE","SubCounty",66108,0,0,0.1,0.3,0.8,0,0.5,0.2,36.1,43.8,15.2,2.5,0,0,0.2,0,0.1
"395","NAIROBI CITY","WESTLANDS","SubCounty",103489,0,0,0,0.3,0.4,0,0.4,0.8,37.5,36.2,19.8,2.7,0,0,1.5,0.2,0
