"","County","SubCounty","AdminArea","ConventionalHouseholds","Grass/Twigs","MakutiThatch","Dung/Mud","Ironsheets","Tincans","AsbestosSheets","Concrete/Cement","Tiles","Canvas/Tents","Decra/Versatile","Nylon/Cartons/Cardboard","Shingles","NotStated"
"1","xxx","KENYA","xxx",12043016,5.1,1.6,0.9,80.3,0.1,1.4,8.2,1,0.1,0.6,0.6,0,0
"2","xxx","RURAL","xxx",7379282,7.9,2.3,1.3,85.7,0.2,0.9,0.5,0.2,0.1,0.3,0.6,0,0
"3","xxx","URBAN","xxx",4663734,0.6,0.5,0.2,71.8,0.1,2.2,20.5,2.4,0,0.9,0.7,0.1,0
"4","MOMBASA","MOMBASA","County",376295,0.1,0.5,0.3,79.1,0.1,2.1,14.8,1.1,0,0.4,1.2,0.1,0
"5","MOMBASA","CHANGAMWE","SubCounty",46439,0,0.1,0.6,81.1,0.1,4.1,11.4,0.3,0,0.1,2.1,0,0
"6","MOMBASA","JOMVU","SubCounty",53214,0.1,0.7,0.3,85.3,0.1,0.9,11.1,0.2,0,0.2,0.7,0.3,0
"7","MOMBASA","KISAUNI","SubCounty",88159,0.2,0.9,0.2,84.2,0.1,2.3,9,1,0,0.4,1.6,0.1,0
"8","MOMBASA","LIKONI","SubCounty",80002,0.1,0.6,0.2,93.5,0.1,1.5,2.8,0.3,0,0.1,0.7,0,0
"9","MOMBASA","MVITA","SubCounty",38710,0.1,0.1,0.5,31.7,0.1,2.3,59.8,3.1,0.1,1.2,0.9,0.1,0.1
"10","MOMBASA","NYALI","SubCounty",69771,0.1,0.5,0.4,76.5,0.1,2.1,16.1,2.3,0,0.4,1.4,0,0
"11","KWALE","KWALE","County",172802,4,25.4,0.2,68.3,0.1,0.9,0.7,0.1,0,0.2,0.1,0,0
"12","KWALE","KINANGO","SubCounty",16041,12.4,17.3,0.3,68.8,0,0.6,0.1,0.1,0.1,0.1,0.2,NA,0
"13","KWALE","LUNGALUNGA","SubCounty",37276,7.3,34.2,0.3,57,0.1,0.6,0.1,0.1,0.1,0,0.2,0,0
"14","KWALE","MATUGA","SubCounty",39124,1.2,33.7,0.1,63.1,0,1.1,0.3,0.1,0,0.2,0,0,0
"15","KWALE","MSAMBWENI","SubCounty",45374,0.5,26.3,0.1,69.1,0.1,1.2,2,0.3,0,0.3,0.1,0,0
"16","KWALE","SAMBURU-KWALE","SubCounty",34987,4.2,9.1,0.2,84.7,0.1,0.6,0.2,0.1,0.1,0.3,0.2,0,0.1
"17","KILIFI","KILIFI","County",297990,2.1,20.5,0.2,71.6,0.1,1.1,3.4,0.4,0.1,0.2,0.2,0,0
"18","KILIFI","CHONYI","SubCounty",11416,1.5,48.9,0.1,48.7,0,0.5,0.1,0,0,0.1,NA,NA,NA
"19","KILIFI","GANZE","SubCounty",23197,5.9,13.4,0.6,79.2,0.1,0.2,0.2,0,0.1,0,0.2,0,0.1
"20","KILIFI","KALOLENI","SubCounty",36344,1,15.4,0.2,79.8,0.1,0.6,1.3,1.1,0,0.3,0.1,0,0
"21","KILIFI","KAUMA","SubCounty",3479,3.1,37.6,0.1,58.5,0,0.2,0.3,NA,0.1,0,0.1,NA,NA
"22","KILIFI","KILIFI NORTH","SubCounty",39508,0.8,26.5,0.1,68.7,0,1.5,1.6,0.5,0,0.3,0,0,0
"23","KILIFI","KILIFI SOUTH","SubCounty",53011,0.4,17.5,0.2,71.1,0.1,2,7.2,0.6,0,0.5,0.2,0.1,0
"24","KILIFI","MAGARINI","SubCounty",32978,7,23.5,0.2,68,0.1,0.3,0.5,0,0.2,0,0.2,0,0
"25","KILIFI","MALINDI","SubCounty",73317,1.9,18.2,0.1,70.8,0.1,1.3,6.7,0.2,0.1,0.2,0.4,0,0
"26","KILIFI","RABAI","SubCounty",24740,0.3,18.9,0.1,78.2,0.1,0.5,0.9,0.1,0,0.3,0.4,0,0
"27","TANA RIVER","TANA RIVER","County",66984,33.5,8.8,1.1,52.9,0.1,0.5,0.6,0.1,1.3,0,0.9,0,0.1
"28","TANA RIVER","TANA DELTA","SubCounty",22395,34.7,19.1,0.5,42.1,0.1,0.5,0.2,0,1.8,0.1,0.8,0,0
"29","TANA RIVER","TANA NORTH","SubCounty",26119,34.8,3.7,1.7,55.3,0.2,0.5,1.1,0,1.6,0,1,0,0
"30","TANA RIVER","TANA RIVER","SubCounty",18470,30.3,3.5,0.9,62.8,0.1,0.6,0.4,0.2,0.4,0,0.7,NA,0.1
"31","LAMU","LAMU","County",34231,9,19,0.3,55.6,0,1.2,13.7,0,0.4,0.1,0.6,0,0
"32","LAMU","LAMU EAST","SubCounty",4476,7.6,50,0.1,27.4,0,0.6,13.9,NA,0.3,0,0.1,NA,NA
"33","LAMU","LAMU WEST","SubCounty",29755,9.2,14.4,0.3,59.8,0.1,1.3,13.7,0,0.4,0.1,0.7,0,0
"34","TAITA/TAVETA","TAITA/TAVETA","County",94468,0.9,0.3,0.2,94.9,0.3,1.5,1,0.3,0,0.3,0.1,0.1,0
"35","TAITA/TAVETA","MWATATE","SubCounty",23184,0.2,0.1,0.1,97.6,0.4,0.7,0.2,0.1,0.1,0.4,0.1,0,0
"36","TAITA/TAVETA","TAITA","SubCounty",14985,0.5,0,0.2,95,0.8,1.6,0.7,0.7,0,0.4,0,0.1,0
"37","TAITA/TAVETA","TAVETA","SubCounty",23417,2.4,1.1,0.2,92.6,0.1,2.2,0.6,0.2,0,0.3,0.2,0.1,0
"38","TAITA/TAVETA","VOI","SubCounty",32882,0.6,0,0.1,94.7,0.1,1.4,1.9,0.5,0,0.3,0.2,0.1,0
"39","GARISSA","GARISSA","County",138940,33.9,2.2,4.6,53,0.8,1.2,3.1,0.4,0.2,0.1,0.3,0,0
"40","GARISSA","BALAMBALA","SubCounty",3986,55.8,9,7.5,23.6,1.9,0.4,1.6,0.2,0.2,NA,0,NA,NA
"41","GARISSA","DADAAB","SubCounty",35169,19.7,1.6,8.7,65,1.2,0.9,2.1,0.2,0.3,0,0.2,0,0
"42","GARISSA","FAFI","SubCounty",23351,33.8,3.6,5.3,52.5,1,0.2,1.9,0.3,0.7,0.1,0.4,0.2,0
"43","GARISSA","GARISSA","SubCounty",29790,11.3,1.8,1.7,73.2,0.4,3.1,6.6,1.2,0.1,0.3,0.1,0,0.1
"44","GARISSA","HULUGHO","SubCounty",20078,78.5,0.5,1.9,17.5,0.5,0,1.1,0,0,0,0,0,0
"45","GARISSA","IJARA","SubCounty",18296,35.3,2.9,1.7,52.3,0.8,2,4,0.5,0.1,0.2,0.2,0,0
"46","GARISSA","LAGDERA","SubCounty",8270,54.1,2,7.6,33.2,0.4,0.3,1,0.1,0,0,1.2,NA,NA
"47","WAJIR","WAJIR","County",126878,50.8,3,4,36.2,0.5,0.8,2.8,0.4,0.3,0,1.1,0.1,0
"48","WAJIR","BUNA","SubCounty",6480,40.4,1.9,4.3,41.8,0.4,0.6,0.5,0.2,0.1,0,9.7,0,NA
"49","WAJIR","ELDAS","SubCounty",13862,64.5,4.1,4.4,20.5,0.9,0.5,2.1,1,0.1,0,2,0,NA
"50","WAJIR","HABASWEIN","SubCounty",31113,32.3,2,3.1,55.5,0.7,0.9,4.4,0.2,0.5,0,0.3,0.1,0
"51","WAJIR","TARBAJ","SubCounty",9241,78.8,1.8,2.8,15.3,0.4,0.2,0.4,0.3,0,NA,0,NA,NA
"52","WAJIR","WAJIR EAST","SubCounty",18282,36.1,4.6,1.7,49.5,0.5,1,5.1,0.7,0.1,0.2,0.2,0.3,0
"53","WAJIR","WAJIR NORTH","SubCounty",10478,32.3,2.5,8.7,47.8,0.6,2.7,2.8,0.4,0,0,2,0,NA
"54","WAJIR","WAJIR SOUTH","SubCounty",21149,64.8,2.9,5.8,24.5,0.2,0.2,0.6,0,0.3,0,0.6,NA,0
"55","WAJIR","WAJIR WEST","SubCounty",16273,73.3,3.5,2.8,15.3,0.4,0.9,3,0.1,0.7,0,0,0,NA
"56","MANDERA","MANDERA","County",123954,43.1,4.5,4.5,42.2,0.6,0.6,2.6,0.2,0.8,0.1,0.8,0,0
"57","MANDERA","MANDERA WEST","SubCounty",14201,31.9,1.5,7.7,53.3,0.5,1.3,1.6,0.3,0.4,0,1.5,NA,0
"58","MANDERA","BANISA","SubCounty",24000,44.7,4.1,7,40.1,0.5,0.4,1.3,0.1,0.7,0,1.1,0,0
"59","MANDERA","KOTULO","SubCounty",9342,51.4,3.8,3.2,37.2,0.8,0.4,2.7,0.2,0.1,0,0.1,NA,NA
"60","MANDERA","LAFEY","SubCounty",11380,58.3,7,3.2,26.7,1.1,0.4,0.7,0.5,1.7,0,0.2,0,NA
"61","MANDERA","MANDERA CENTRAL","SubCounty",20795,34.3,3,4.8,51.9,0.4,0.5,3.6,0.3,0.2,0,0.9,0,0.1
"62","MANDERA","MANDERA EAST","SubCounty",25206,33.5,7,2.2,49.3,0.5,1.2,4.8,0.3,0.2,0.2,0.6,0,NA
"63","MANDERA","MANDERA NORTH","SubCounty",19030,58.6,4.5,3.3,28,0.4,0.2,2.2,0.1,2.2,0,0.5,0,NA
"64","MARSABIT","MARSABIT","County",76689,31.1,10.5,1.7,43.2,0.2,0.8,0.9,0.1,0.2,0.1,11.4,0,0.1
"65","MARSABIT","LOIYANGALANI","SubCounty",7646,49.1,17,2.4,10.3,0,0.8,0.5,NA,0.2,0,19.6,NA,NA
"66","MARSABIT","MARSABIT CENTRAL","SubCounty",15658,9.6,0.7,1,78.8,0.4,1.8,1,0.1,0.1,0.3,6,0,0
"67","MARSABIT","MARSABIT NORTH","SubCounty",7468,33.1,48.2,0.3,15.4,0.1,0.2,0.4,0,0.1,NA,2.2,0,NA
"68","MARSABIT","MARSABIT SOUTH","SubCounty",11563,36.2,8.5,1.7,10.9,0.1,0.2,0.4,NA,0.1,0,41.9,0,0
"69","MARSABIT","MOYALE","SubCounty",17591,24,0.7,3,64.2,0.1,1,1.9,0.1,0.2,0.1,4.6,0,0
"70","MARSABIT","NORTH HORR","SubCounty",9601,49.7,18.8,0.6,25.1,0.6,0.1,0.1,0,0,NA,4.6,NA,0.4
"71","MARSABIT","SOLOLO","SubCounty",7162,40.5,1.9,1.8,53.7,0.1,0.3,0.8,0,0.6,NA,0.3,NA,0
"72","ISIOLO","ISIOLO","County",53217,15.9,1.4,2.5,70.2,0.3,0.7,1.9,0.3,0.3,0.4,6.1,0,0
"73","ISIOLO","GARBATULLA","SubCounty",17047,26.1,2.6,3.5,64.9,0.6,0.3,1.1,0.4,0.1,0.1,0.3,NA,0
"74","ISIOLO","ISIOLO","SubCounty",27612,4.1,0.3,2.4,76,0.1,1.2,2.9,0.2,0.5,0.7,11.5,0,0
"75","ISIOLO","MERTI","SubCounty",8558,33.4,2.8,0.8,62.4,0.1,0.1,0.2,0,0.1,0,NA,NA,NA
"76","MERU","MERU","County",423931,0.5,0.1,0.2,94.3,0.1,1.8,1.4,0.2,0,0.7,0.3,0.1,0
"77","MERU","BUURI EAST","SubCounty",23737,0,0,0.1,96.7,0.2,1.5,0.6,0.1,NA,0.7,0.1,0,0
"78","MERU","BUURI WEST","SubCounty",27905,0.2,0.1,0.1,95.3,0.1,2.5,0.6,0.1,0,0.4,0.5,0.1,0
"79","MERU","IGEMBE CENTRAL","SubCounty",51848,0.7,0.2,0.2,96.4,0.1,1.2,0.3,0.1,0.1,0.5,0.2,0.1,0
"80","MERU","IGEMBE NORTH","SubCounty",38716,0.8,0.2,0.5,95.2,0.1,1.6,0.7,0.1,0,0.3,0.3,0.2,0
"81","MERU","IGEMBE SOUTH","SubCounty",43222,0.3,0.2,0.2,94.1,0.1,1.8,2,0.1,0,0.5,0.4,0.3,0.1
"82","MERU","IMENTI NORTH","SubCounty",57556,0,0,0.1,90.6,0.1,1.8,4.9,0.5,0,1.3,0.6,0,0
"83","MERU","IMENTI SOUTH","SubCounty",63954,0.2,0,0.1,94.2,0.1,2.3,1.5,0.2,0,1.1,0.2,0,0
"84","MERU","MERU CENTRAL","SubCounty",39498,0.2,0,0.2,95.6,0.1,2.1,0.6,0.1,0,0.7,0.2,0,0
"85","MERU","TIGANIA CENTRAL","SubCounty",24983,0.7,0.1,0.4,95.4,0.1,1.7,0.6,0.1,0.1,0.7,0.1,0.1,0
"86","MERU","TIGANIA EAST","SubCounty",16791,5.3,0.3,0.8,89.6,0.1,1.7,0.6,0.1,0.1,0.6,0.7,0,0.1
"87","MERU","TIGANIA WEST","SubCounty",35402,0.3,0.1,0.3,95.3,0.2,2.2,0.6,0.1,0,0.6,0.1,0.1,0
"88","MERU","MERU NATIONAL PARK","SubCounty",46,NA,NA,NA,97.8,2.2,NA,NA,NA,NA,NA,NA,NA,NA
"89","MERU","MT. KENYA FOREST","SubCounty",273,42.9,17.6,NA,12.8,NA,0.4,NA,NA,2.2,NA,22,2.2,NA
"90","THARAKA-NITHI","THARAKA-NITHI","County",109450,0.7,0.1,0.3,95.4,0.1,0.7,1.5,0.1,0,0.7,0.3,0,0
"91","THARAKA-NITHI","IGAMBANG'OMBE","SubCounty",14383,1.3,0.1,0.4,96.8,0.1,0.4,0.3,0.1,0,0.4,0,0,0
"92","THARAKA-NITHI","MAARA","SubCounty",34779,0.3,0,0.1,96.9,0.1,0.8,0.9,0.1,0,0.6,0,0,0
"93","THARAKA-NITHI","MERU SOUTH","SubCounty",28211,0.1,0,0.1,92.8,0.1,0.3,4,0.3,0,1.1,1.1,0,0
"94","THARAKA-NITHI","THARAKA NORTH","SubCounty",13403,2.4,0.5,0.9,94.5,0.2,0.8,0.1,0.1,0,0.5,0.1,0.1,0.1
"95","THARAKA-NITHI","THARAKA SOUTH","SubCounty",18603,1,0.1,0.5,96.3,0.2,0.9,0.4,0,0,0.6,NA,0,0
"96","THARAKA-NITHI","MT. KENYA FOREST","SubCounty",71,NA,NA,NA,100,NA,NA,NA,NA,NA,NA,NA,NA,NA
"97","EMBU","EMBU","County",182427,0.2,0,0.2,95,0.1,0.9,2.4,0.3,0,0.7,0.1,0,0
"98","EMBU","EMBU EAST","SubCounty",39586,0,0.1,0.2,96.6,0.1,1,0.8,0.2,0,0.9,0,0,NA
"99","EMBU","EMBU NORTH","SubCounty",24294,0,0,0.1,97.8,0.1,0.7,0.5,0.3,0,0.4,0.1,0,0
"100","EMBU","EMBU WEST","SubCounty",43126,0,0,0.1,88.8,0.1,1.2,7.9,0.9,0,0.6,0.3,0,0
"101","EMBU","MBEERE SOUTH","SubCounty",45924,0.4,0,0.2,96.8,0.1,0.7,0.8,0.1,0,0.6,0.1,0,0
"102","EMBU","MBEERE NORTH","SubCounty",29483,0.4,0.1,0.4,97,0.1,0.7,0.4,0.1,0,0.7,0.1,0,0
"103","EMBU","MT. KENYA FOREST","SubCounty",14,NA,NA,NA,92.9,NA,7.1,NA,NA,NA,NA,NA,NA,NA
"104","KITUI","KITUI","County",261814,2.7,0.3,0.4,93.1,0.1,1.5,1,0.3,0,0.5,0.1,0,0
"105","KITUI","IKUTHA","SubCounty",16579,3.5,0.1,0.3,94.4,0.1,1,0.3,0,0,0.2,0,0,0
"106","KITUI","KATULANI","SubCounty",12166,0.4,0.1,0.3,95.1,0.1,2.6,0.3,0.2,NA,0.8,0.1,0.1,NA
"107","KITUI","KISASI","SubCounty",10860,0.5,0,0.1,96.6,0.2,1,0.5,0.1,0,0.9,0,NA,0
"108","KITUI","KITUI CENTRAL","SubCounty",29026,0.3,0,0.3,91.4,0.1,2.3,3.6,0.7,0.1,0.9,0.2,0,0
"109","KITUI","KITUI WEST","SubCounty",17465,0.2,0,0.1,95.7,0.1,1.8,0.6,0.7,NA,0.6,0,0,NA
"110","KITUI","KYUSO","SubCounty",15969,3.7,0.1,0.4,93.7,0.1,0.8,0.8,0.1,0,0.2,0.1,0.1,0
"111","KITUI","LOWER YATTA","SubCounty",15021,1.3,0.2,0.7,94,0.1,1.7,1.2,0.3,0.1,0.4,0,0,0
"112","KITUI","MATINYANI","SubCounty",11497,0.4,0,0.1,96.1,0.1,1.6,0.4,0.4,0,0.8,0,0,NA
"113","KITUI","MIGWANI","SubCounty",18843,0.2,0,0.2,96.9,0.1,1.3,0.5,0.2,0,0.6,0,NA,0
"114","KITUI","MUMONI","SubCounty",6451,3.1,0.1,0.1,95.4,0.2,0.7,0.1,0,NA,0.3,0,NA,0
"115","KITUI","MUTITU","SubCounty",11490,7.9,1.4,0.9,87.4,0.1,1.2,0.4,0.1,0.1,0.2,0.1,NA,0.1
"116","KITUI","MUTITU NORTH","SubCounty",4929,2.4,0.2,0.3,94.6,0.2,0.5,0.2,0.2,0.1,1.1,0.1,0.1,0
"117","KITUI","MUTOMO","SubCounty",23034,7.3,1.2,0.3,88.7,0.2,1.5,0.2,0.2,0,0.3,0.1,0,0
"118","KITUI","MWINGI CENTRAL","SubCounty",26745,0.4,0.1,0.3,93.6,0.1,2.4,2.2,0.2,0,0.4,0.2,0.1,0
"119","KITUI","MWINGI EAST","SubCounty",18725,4.8,0.3,0.6,91.9,0.1,0.9,0.6,0.2,0.1,0.3,0.1,0,0
"120","KITUI","NZAMBANI","SubCounty",11276,0.7,0.1,0.1,95.8,0.1,1.3,0.8,0.2,0.1,0.9,0,NA,NA
"121","KITUI","THAGICU","SubCounty",3289,14.5,0.5,0.4,84.3,0,0.2,0,NA,NA,0.1,NA,NA,NA
"122","KITUI","TSEIKURU","SubCounty",8449,12.1,0.3,0.9,85.7,0.1,0.4,0.5,0.1,0,NA,0,NA,NA
"123","MACHAKOS","MACHAKOS","County",399523,0.2,0,0.1,85.9,0.1,1.9,8.9,1.2,0,1.3,0.2,0.1,0
"124","MACHAKOS","ATHI RIVER","SubCounty",109723,0.1,0,0.1,63.7,0.1,1.7,27.3,3.5,0.1,2.7,0.5,0.1,0.1
"125","MACHAKOS","KALAMA","SubCounty",14137,0.3,0,0.2,95.6,0.2,1.8,1.1,0.4,0,0.4,0,0,0
"126","MACHAKOS","KANGUNDO","SubCounty",26115,0.1,0,0,96.4,0.1,1.9,0.5,0.3,0,0.6,0,0,0
"127","MACHAKOS","KATHIANI","SubCounty",28730,0,0,0.1,96.2,0.1,1.9,0.4,0.3,NA,1,0,0,0
"128","MACHAKOS","MACHAKOS","SubCounty",50753,0,0,0.1,91.2,0.2,2.4,4.2,0.9,0,0.8,0.1,0,0
"129","MACHAKOS","MASINGA","SubCounty",36196,1.2,0.1,0.3,95.9,0.2,1.5,0.2,0.1,0,0.4,0,0,0
"130","MACHAKOS","MATUNGULU","SubCounty",44399,0.2,0,0.2,91.5,0.1,2.8,3.5,0.3,0,1.3,0.1,0,0
"131","MACHAKOS","MWALA","SubCounty",45809,0.2,0,0.1,96.9,0.1,1.1,0.7,0.2,0,0.5,0.1,0,0
"132","MACHAKOS","YATTA","SubCounty",43661,0.6,0.2,0.2,93.9,0.2,2,2.1,0.2,0,0.5,0,0,0
"133","MAKUENI","MAKUENI","County",243979,0.6,0.1,0.1,96,0.1,1.6,0.6,0.2,0,0.5,0,0,0
"134","MAKUENI","KATHONZWENI","SubCounty",18362,1.7,0,0.1,95.9,0.2,1.3,0.3,0.1,0,0.3,0,0.1,0
"135","MAKUENI","KIBWEZI","SubCounty",47594,0.8,0,0.1,96.8,0.1,1.2,0.5,0.2,0,0.3,0,0,0
"136","MAKUENI","KILUNGU","SubCounty",14563,0.1,0,0.3,97.3,0.2,1.1,0.5,0.1,NA,0.3,0.1,NA,0
"137","MAKUENI","MAKINDU","SubCounty",21662,0.6,0,0.1,95.6,0.2,2,0.5,0.2,0,0.6,0.1,0,0
"138","MAKUENI","MAKUENI","SubCounty",34352,0.5,0,0.1,95.5,0.1,1.8,1,0.2,0,0.7,0,0,0
"139","MAKUENI","MBOONI EAST","SubCounty",23724,0.4,0.3,0.1,95.8,0.1,1.9,0.3,0.1,0,0.9,0,0,0
"140","MAKUENI","MBOONI WEST","SubCounty",24807,0.2,0,0.1,97.1,0.1,1.5,0.3,0.1,NA,0.4,0,0,0
"141","MAKUENI","MUKAA","SubCounty",28109,0.3,0,0.2,95.8,0.2,1.1,1.3,0.4,0,0.6,0.1,0,0
"142","MAKUENI","NZAUI","SubCounty",30806,0.8,0.1,0.2,94.7,0.1,2.2,0.9,0.2,0.1,0.7,0,0,0
"143","NYANDARUA","NYANDARUA","County",178224,0.1,0,0.1,97.2,0.1,0.8,0.8,0.1,0,0.3,0.4,0,0
"144","NYANDARUA","KINANGOP","SubCounty",30847,0,0,0.1,96.7,0.1,1.1,1.1,0.3,0,0.4,0.3,0.1,0
"145","NYANDARUA","NYANDARUA SOUTH","SubCounty",25650,0,0,0.1,96.5,0.1,0.9,1,0.1,0,0.3,1,0.1,0
"146","NYANDARUA","MIRANGINE","SubCounty",17880,0,0,0.1,98.7,0.2,0.3,0.2,0.1,0,0.2,0.2,0,0
"147","NYANDARUA","KIPIPIRI","SubCounty",25077,0.1,0,0.2,97.8,0.2,0.6,0.5,0.1,0,0.3,0.1,0.1,0
"148","NYANDARUA","NYANDARUA CENTRAL","SubCounty",21852,0.1,0,0.1,96.6,0.1,1.1,1.3,0.2,0,0.4,0.1,0,0
"149","NYANDARUA","NYANDARUA WEST","SubCounty",29003,0,0,0.1,97.1,0.1,0.7,1.1,0.2,0,0.3,0.4,0,0
"150","NYANDARUA","NYANDARUA NORTH","SubCounty",27906,0.2,0,0.1,97.5,0.1,0.8,0.5,0.1,0,0.2,0.5,0,0
"151","NYANDARUA","ABERDARE NATIONAL PARK","SubCounty",9,NA,NA,NA,100,NA,NA,NA,NA,NA,NA,NA,NA,NA
"152","NYERI","NYERI","County",244564,0.1,0,0.1,93.8,0.1,1.6,2.9,0.5,0,0.6,0.2,0.1,0
"153","NYERI","TETU","SubCounty",24122,0,NA,0,98,0.1,0.6,0.3,0.3,NA,0.5,0.1,0.1,0
"154","NYERI","KIENI EAST","SubCounty",36751,0.5,0.1,0.1,95.2,0.1,1.4,1.6,0.2,0,0.5,0.4,0.1,0
"155","NYERI","KIENI WEST","SubCounty",27530,0.1,0,0.1,98.2,0.1,0.7,0.3,0.2,0,0.2,0.1,0.1,0
"156","NYERI","MATHIRA EAST","SubCounty",33945,0,0,0.1,91,0.1,1.9,5.7,0.5,0,0.5,0.1,0,0
"157","NYERI","MATHIRA WEST","SubCounty",18892,0.2,0,0.1,97.2,0.1,0.7,0.3,0.4,NA,0.7,0.2,0.1,0
"158","NYERI","NYERI SOUTH","SubCounty",28103,NA,0,0.1,94.9,0.2,1.2,2.2,0.3,0,0.6,0.4,0,0
"159","NYERI","MUKURWE-INI","SubCounty",27036,0,0,0.1,95.4,0.2,1.4,2.3,0.2,0,0.3,0,0,0
"160","NYERI","NYERI CENTRAL","SubCounty",48036,0,0,0,87.5,0.1,3.1,6.5,1.3,0,0.9,0.4,0.1,0
"161","NYERI","MT. KENYA FOREST","SubCounty",101,15.8,5,NA,31.7,NA,9.9,NA,NA,1,2,6.9,27.7,NA
"162","NYERI","ABERDARE FOREST","SubCounty",48,NA,NA,NA,100,NA,NA,NA,NA,NA,NA,NA,NA,NA
"163","KIRINYAGA","KIRINYAGA","County",203576,0,0,0.1,95,0.1,1.5,2.2,0.2,0,0.7,0.1,0,0
"164","KIRINYAGA","KIRINYAGA CENTRAL","SubCounty",40149,0,0,0,94.5,0.1,1.5,2.5,0.4,NA,0.8,0.1,0.1,0
"165","KIRINYAGA","KIRINYAGA EAST","SubCounty",44509,0,0,0.1,95.5,0.1,1.8,1.2,0.2,0,1,0,0,0
"166","KIRINYAGA","KIRINYAGA WEST","SubCounty",37951,0,0,0.1,94.5,0.1,1.2,2.8,0.3,NA,0.8,0.3,0,0
"167","KIRINYAGA","MWEA EAST","SubCounty",46331,0,0,0.1,94.5,0.1,1.2,3.2,0.2,0,0.5,0,0,0
"168","KIRINYAGA","MWEA WEST","SubCounty",34613,0,0,0.2,96,0.1,1.7,1.3,0.1,0,0.6,0,0,0
"169","KIRINYAGA","MT. KENYA FOREST","SubCounty",23,NA,NA,NA,100,NA,NA,NA,NA,NA,NA,NA,NA,NA
"170","MURANG'A","MURANG'A","County",317496,0,0,0.2,93.5,0.2,1.5,3.5,0.3,0,0.6,0.1,0,0
"171","MURANG'A","MURANG'A EAST","SubCounty",34650,0,0,0.1,85.3,0.2,1.8,11.1,0.4,0,0.6,0.4,0,0
"172","MURANG'A","KANGEMA","SubCounty",25283,NA,0,0.1,96.6,0.2,1,1.4,0.1,0,0.4,0.1,0,NA
"173","MURANG'A","MATHIOYA","SubCounty",28372,0,0,0.1,96.7,0.2,0.6,1.5,0.5,0,0.3,0,0,0
"174","MURANG'A","KAHURO","SubCounty",26778,0,0,0.1,96,0.1,1,2.1,0.2,NA,0.4,0.1,0,0
"175","MURANG'A","MURANG'A SOUTH","SubCounty",55878,0,0,0.3,92.2,0.1,1.8,4.6,0.2,0,0.6,0.1,0,0
"176","MURANG'A","GATANGA","SubCounty",55340,0,0,0.1,94.9,0.1,1.6,1,0.7,0,1.3,0.1,0.1,0
"177","MURANG'A","KIGUMO","SubCounty",40528,0,0,0.2,93.4,0.2,1.7,3.8,0.2,0,0.4,0.2,0,0
"178","MURANG'A","KANDARA","SubCounty",50657,0,0,0.2,94.6,0.2,1.8,2.2,0.2,0,0.5,0.1,0,0
"179","MURANG'A","ABERDARE FOREST","SubCounty",10,NA,NA,NA,100,NA,NA,NA,NA,NA,NA,NA,NA,NA
"180","KIAMBU","KIAMBU","County",792333,0,0,0,76.5,0.1,1.8,18,1.4,0,1.4,0.5,0.1,0
"181","KIAMBU","GATUNDU NORTH","SubCounty",31452,0,0,0.1,95.5,0.1,0.9,1.9,0.4,0,0.8,0.1,0.2,0
"182","KIAMBU","GATUNDU SOUTH","SubCounty",35577,NA,0,0.1,94.1,0.1,1.7,2.7,0.4,0,0.6,0.2,0.1,0
"183","KIAMBU","GITHUNGURI","SubCounty",49414,0,0,0,92,0.1,1.5,4.8,0.6,0,0.7,0.2,0.1,0
"184","KIAMBU","JUJA","SubCounty",104042,0,0,0,69.8,0.1,2.4,24.2,0.8,0,2.1,0.3,0.1,0
"185","KIAMBU","KABETE","SubCounty",66681,0,0,0.1,83.2,0.1,1.5,12.3,1.2,0,0.9,0.6,0.1,0
"186","KIAMBU","KIAMBAA","SubCounty",80316,0,0,0,79.1,0.1,1.5,16,1.2,0,1.1,0.8,0.1,0
"187","KIAMBU","KIAMBU","SubCounty",46816,NA,0,0,71.1,0.1,1.4,20.9,2.2,0,3.4,0.7,0.1,0.1
"188","KIAMBU","KIKUYU","SubCounty",60619,0,0,0,76,0.1,2.3,17.5,2.2,0,1,0.7,0.1,0
"189","KIAMBU","LARI","SubCounty",38585,0,0,0,94.1,0.1,1.5,1.9,0.5,0,0.7,1,0,0
"190","KIAMBU","LIMURU","SubCounty",49096,0,0,0,88.4,0.1,1.4,7.5,1.1,0,0.9,0.4,0.1,0
"191","KIAMBU","RUIRU","SubCounty",127910,0,0,0,54.3,0.1,1.9,38.5,2.3,0,2.2,0.6,0.1,0
"192","KIAMBU","THIKA EAST","SubCounty",12736,0,NA,0.1,91.3,0,3.4,3.7,0.1,NA,1.2,0.1,0.1,0
"193","KIAMBU","THIKA WEST","SubCounty",89089,0,0,0.1,73.2,0.1,2.2,20.4,2.2,0,1.2,0.6,0.1,0
"194","TURKANA","TURKANA","County",162627,41.3,19.5,1.2,33.1,0.3,0.4,0.3,0,0.9,0.1,2.8,0,0.1
"195","TURKANA","KIBISH","SubCounty",5699,83.1,0.6,2.3,3.3,0.1,0.1,0.1,NA,1.3,NA,9.1,NA,NA
"196","TURKANA","LOIMA","SubCounty",19139,53.5,37.3,1.2,5.6,0.1,0,0,NA,1.1,NA,1,0,0.1
"197","TURKANA","TURKANA CENTRAL","SubCounty",37917,34.6,18.6,0.5,44.3,0.1,0.9,0.6,0.1,0.1,0.2,0.1,0,0
"198","TURKANA","TURKANA EAST","SubCounty",17887,37.8,44,2.3,15,0.2,0.2,0.3,0,0.1,0,0,0,0.1
"199","TURKANA","TURKANA NORTH","SubCounty",12964,73.9,10.7,0.2,8.2,0.4,0.2,0.1,0,0.6,NA,5.8,NA,0
"200","TURKANA","TURKANA SOUTH","SubCounty",24281,29,23.3,1.8,41.6,0.3,0.4,0.3,0.1,0.5,0,2.7,NA,0.1
"201","TURKANA","TURKANA WEST","SubCounty",44740,35.2,5.8,1.2,49,0.7,0.3,0.4,0,2,0,5.2,0,0.1
"202","WEST POKOT","WEST POKOT","County",115761,50.1,0.6,2.9,45.3,0.1,0.3,0.2,0.1,0,0.1,0.1,0.1,0
"203","WEST POKOT","KIPKOMO","SubCounty",18367,37.1,1.2,2.5,58.7,0.1,0.1,0.1,0,0,0,0,0.1,NA
"204","WEST POKOT","POKOT CENTRAL","SubCounty",21784,61.9,0.4,1.9,35,0.1,0.2,0.1,0,0.1,0,0.3,NA,0
"205","WEST POKOT","POKOT NORTH","SubCounty",25736,76.3,0.8,5,17.3,0.1,0.3,0.1,0,0,NA,0,0,0.1
"206","WEST POKOT","POKOT SOUTH","SubCounty",13752,50.3,0.8,2.9,44.8,0.1,0.3,0.2,0,0,0,0.1,0.4,NA
"207","WEST POKOT","WEST POKOT","SubCounty",36122,30.9,0.3,2.2,64.8,0.1,0.5,0.5,0.3,0,0.3,0,0,0
"208","SAMBURU","SAMBURU","County",63951,21.7,6.7,19.7,31.1,0.3,0.8,0.5,0,0.1,0.1,19,0.1,0
"209","SAMBURU","SAMBURU CENTRAL","SubCounty",33720,17,8.5,25.9,40.5,0.2,1.2,0.6,0.1,0.1,0.1,5.7,0.1,0
"210","SAMBURU","SAMBURU EAST","SubCounty",17307,19.3,4.3,14.6,23.1,0.2,0.4,0.3,0,0.1,0.1,37.5,0,NA
"211","SAMBURU","SAMBURU NORTH","SubCounty",12924,37.1,5.2,10.3,17.3,0.7,0,0.3,0,0,0,29,0,0
"212","TRANS NZOIA","TRANS NZOIA","County",222989,2.3,0.1,0.9,94,0.1,1,0.6,0.6,0,0.2,0.1,0,0
"213","TRANS NZOIA","TRANS NZOIA WEST","SubCounty",47576,1.4,0,0.6,93.4,0.1,1.7,1.1,1.2,0,0.2,0.2,0,0
"214","TRANS NZOIA","TRANS NZOIA EAST","SubCounty",49955,1.4,0.1,1.2,95.6,0.1,0.9,0.2,0.2,0,0.3,0.2,0,0
"215","TRANS NZOIA","KWANZA","SubCounty",45599,1.3,0,1.2,95.6,0.1,0.6,0.6,0.3,0,0.2,0,0,0
"216","TRANS NZOIA","ENDEBESS","SubCounty",23246,12.9,0.2,1,85,0.1,0.3,0.1,0.2,0,0.1,0.1,0,0
"217","TRANS NZOIA","KIMININI","SubCounty",56613,0.2,0.1,0.8,95.6,0.2,1.2,0.7,0.7,0,0.4,0.1,0,0
"218","UASIN GISHU","UASIN GISHU","County",301110,0.9,0.1,0.4,92.8,0.1,1.6,1.5,1.8,0,0.6,0.2,0,0
"219","UASIN GISHU","AINABKOI","SubCounty",34862,1.2,0.1,0.2,88.2,0.1,1.6,1.2,6.5,0,0.7,0.2,0,0
"220","UASIN GISHU","KAPSERET","SubCounty",59678,0.1,0,0.3,92,0.1,1.1,3,2.1,0,0.9,0.3,0,0
"221","UASIN GISHU","KESSES","SubCounty",34623,1.2,0.1,0.3,95.8,0.1,0.9,0.4,0.4,0,0.6,0.2,0,0
"222","UASIN GISHU","MOIBEN","SubCounty",46602,2,0.1,0.4,93.1,0.1,1.4,1.4,0.8,0,0.6,0.1,0,0
"223","UASIN GISHU","SOY","SubCounty",53758,1,0.1,0.5,94.9,0.1,1.6,0.6,0.7,0,0.4,0.1,0,0
"224","UASIN GISHU","TURBO","SubCounty",71587,0.6,0,0.4,92.6,0.1,2.6,1.6,1.3,0,0.4,0.2,0,0
"225","ELGEYO/MARAKWET","ELGEYO/MARAKWET","County",99119,16.6,0.2,0.9,80.4,0.1,0.8,0.3,0.2,0,0.1,0.1,0.2,0
"226","ELGEYO/MARAKWET","KEIYO NORTH","SubCounty",21749,8.1,0.1,0.2,88.6,0.1,1.5,0.2,0.7,0,0.4,0.2,0,0
"227","ELGEYO/MARAKWET","KEIYO SOUTH","SubCounty",26740,8.4,0.2,0.3,88.9,0.2,1.3,0.2,0.2,0,0.1,0.1,0,0
"228","ELGEYO/MARAKWET","MARAKWET EAST","SubCounty",21123,41.7,0.3,1.7,55.2,0.1,0.2,0.5,0,0,0,0,0.2,0
"229","ELGEYO/MARAKWET","MARAKWET WEST","SubCounty",29507,12.2,0.2,1.3,84.7,0.1,0.3,0.3,0.1,0.1,0,0.2,0.5,0
"230","NANDI","NANDI","County",199040,2,0.1,0.8,95,0.1,1.1,0.3,0.3,0,0.3,0,0,0
"231","NANDI","CHESUMEI","SubCounty",39011,0.7,0,0.7,95.5,0.1,1.3,0.4,0.5,0,0.5,0.1,0,0
"232","NANDI","NANDI CENTRAL","SubCounty",34247,1.2,0.1,0.9,95.1,0.1,1.3,0.4,0.6,0,0.2,0.1,0,0
"233","NANDI","NANDI EAST","SubCounty",29249,0.9,0,0.4,97,0.1,0.6,0.5,0.2,0,0.2,0.1,0,0
"234","NANDI","NANDI NORTH","SubCounty",35257,2.3,0.1,0.9,94.9,0.1,1.1,0.1,0.1,0,0.3,0,0,0
"235","NANDI","NANDI SOUTH","SubCounty",37038,2.4,0.1,0.9,95.1,0.1,1,0.1,0.1,0,0.1,0,0,0
"236","NANDI","TINDERET","SubCounty",24238,5.7,0.1,0.8,91.9,0.1,0.9,0.2,0.1,0,0.1,0,0,0
"237","BARINGO","BARINGO","County",141877,22.3,0.4,1.2,74.3,0.1,0.8,0.3,0.3,0,0.1,0.2,0,0
"238","BARINGO","BARINGO CENTRAL","SubCounty",23523,6.4,0.1,0.2,90.5,0.1,1.3,0.6,0.6,0,0.3,0,0,0
"239","BARINGO","BARINGO NORTH","SubCounty",23345,21.5,0.1,0.3,77.4,0.1,0.3,0.1,0.1,NA,0,0,0,0
"240","BARINGO","EAST POKOT","SubCounty",14392,75.6,1.6,7.2,14.6,0.1,0.2,0.4,0,0.1,0,0,NA,NA
"241","BARINGO","KOIBATEK","SubCounty",30752,2.8,0.1,0.2,93.8,0.1,1.6,0.3,0.4,0,0.2,0.4,0,0
"242","BARINGO","MARIGAT","SubCounty",19658,14,0.3,0.4,84.1,0.1,0.6,0.1,0.1,0,0,0.1,0,0
"243","BARINGO","MOGOTIO","SubCounty",18169,7,0.1,0.3,91.1,0.1,0.3,0.6,0.3,0,0.2,0,NA,NA
"244","BARINGO","TIATY EAST","SubCounty",12038,78,1.1,2.3,17.2,0,0.3,0.1,0,0.2,NA,0.8,NA,0
"245","LAIKIPIA","LAIKIPIA","County",145776,5.4,0.2,1.4,86.4,0.2,1.1,2.5,0.5,0.1,0.3,1.9,0,0
"246","LAIKIPIA","LAIKIPIA CENTRAL","SubCounty",29877,0.2,0.1,0.1,95.3,0.1,0.9,2.6,0.1,0,0.4,0.1,0,0
"247","LAIKIPIA","LAIKIPIA EAST","SubCounty",31311,2.6,0.4,0.2,86.8,0.4,1.3,4.5,1.4,0.1,0.6,1.7,0,0
"248","LAIKIPIA","LAIKIPIA NORTH","SubCounty",7694,35.8,0.5,15.6,34.8,0.2,0.4,0.9,0.1,0.7,0,10.9,0,0
"249","LAIKIPIA","LAIKIPIA WEST","SubCounty",32821,12.1,0.3,1.9,80.3,0.1,0.9,0.2,0,0.3,0,3.7,0,0
"250","LAIKIPIA","NYAHURURU","SubCounty",44073,0.6,0,0.1,93.7,0.1,1.3,3.1,0.5,0,0.2,0.2,0,0
"251","NAKURU","NAKURU","County",598237,1.8,0.1,0.3,91.1,0.1,1.6,2.9,0.9,0.1,0.4,0.7,0.1,0
"252","NAKURU","GILGIL","SubCounty",49405,0.4,0.1,0.2,93.7,0.1,1.4,2.2,0.7,0,0.4,0.7,0.1,0
"253","NAKURU","KURESOI NORTH","SubCounty",40168,7.7,0.5,0.4,89.9,0.1,0.6,0.2,0.1,0.1,0.1,0.2,0.1,0
"254","NAKURU","KURESOI SOUTH","SubCounty",34543,13.3,0.5,0.5,83.5,0.1,0.9,0.2,0.1,0,0.2,0.8,0,0
"255","NAKURU","MOLO","SubCounty",41439,0.6,0.1,0.3,95.7,0.1,1.5,0.6,0.3,0.1,0.1,0.5,0.1,0
"256","NAKURU","NAIVASHA","SubCounty",111493,0.6,0.1,0.2,91.5,0.1,1.5,3.9,0.6,0.1,0.5,1,0,0
"257","NAKURU","NAKURU EAST","SubCounty",60066,0,0,0.1,80.2,0.1,4.3,10,3.2,0.1,0.8,0.9,0.2,0
"258","NAKURU","NAKURU NORTH","SubCounty",61582,0,0,0.2,95.7,0.1,0.9,1.8,0.4,0,0.5,0.5,0,0
"259","NAKURU","NAKURU WEST","SubCounty",64429,0,0,0.2,88.8,0.1,2,5,1.7,0,0.8,1.3,0,0
"260","NAKURU","NJORO","SubCounty",61156,1.9,0.1,0.6,94.3,0.1,1.3,0.7,0.2,0,0.2,0.5,0,0
"261","NAKURU","RONGAI","SubCounty",52248,0.6,0,0.3,94.7,0.1,0.9,1.3,1.2,0,0.6,0.3,0,0
"262","NAKURU","SUBUKIA","SubCounty",21708,1.3,0.1,0.1,96.3,0.1,1.2,0.3,0.1,0,0.2,0,0,0
"263","NAROK","NAROK","County",238115,14.6,0.6,6.3,74.7,0.2,0.8,0.4,0.1,0.4,0.1,1.7,0,0
"264","NAROK","NAROK EAST","SubCounty",24860,9.9,1.2,5.2,72.3,0.4,1,0.6,0,2,0,7.3,0,0
"265","NAROK","NAROK NORTH","SubCounty",59802,1.5,0.5,0.8,92.4,0.2,1.1,1,0.2,0.4,0.1,1.9,0,0
"266","NAROK","NAROK SOUTH","SubCounty",46549,14.8,0.4,11.6,70.6,0.2,0.7,0.2,0,0.2,0,1.2,0,0
"267","NAROK","NAROK WEST","SubCounty",37782,9.4,0.4,19.4,68.8,0.1,0.5,0.2,0,0.2,0,0.7,0,0
"268","NAROK","TRANS MARA EAST","SubCounty",20439,50.5,0.4,0.9,47.4,0,0.7,0,0,NA,0,0,0,0
"269","NAROK","TRANS MARA WEST","SubCounty",48683,22.1,1.1,0.8,74.1,0.1,0.6,0.2,0,0.2,0.1,0.5,0,0
"270","NAROK","MAU FOREST","SubCounty",NA,NA,NA,NA,NA,NA,NA,NA,NA,NA,NA,NA,NA,NA
"271","KAJIADO","KAJIADO","County",313218,6.1,0.2,3.4,69.4,0.2,2,13.9,2.1,0.1,1.2,1.3,0,0
"272","KAJIADO","ISINYA","SubCounty",71395,0.1,0.1,0.1,63.8,0.2,2.9,27.9,2.3,0.1,2.1,0.4,0,0.1
"273","KAJIADO","KAJIADO CENTRAL","SubCounty",37059,11.9,0.2,12.7,70.9,0.2,1.7,1.1,0.2,0.1,0.2,0.7,0.1,0
"274","KAJIADO","KAJIADO NORTH","SubCounty",100908,0,0,0,70.1,0.1,1.8,20.7,4.2,0,1.7,1.2,0.1,0
"275","KAJIADO","KAJIADO WEST","SubCounty",42367,19.3,0.8,9.8,61.3,0.2,1.5,4.6,1.1,0,0.7,0.6,0,0
"276","KAJIADO","LOITOKITOK","SubCounty",45581,14.1,0.5,2.7,76,0.2,1.5,0.5,0.2,0.3,0.2,3.8,0,0
"277","KAJIADO","MASHUURU","SubCounty",15908,1.1,0.1,3,89.3,0.2,1.9,1.7,0.4,0.2,0.2,1.7,0,0
"278","KERICHO","KERICHO","County",205932,2.2,0.1,0.5,94.5,0.1,0.9,0.9,0.2,0,0.3,0.1,0,0
"279","KERICHO","BELGUT","SubCounty",34978,1.1,0.1,0.6,93.9,0.1,1.4,2.2,0.2,NA,0.4,0,0,0
"280","KERICHO","BURETI","SubCounty",43098,1.5,0.2,0.6,95.3,0.1,1.3,0.3,0.2,0,0.4,0.1,0,0
"281","KERICHO","KERICHO EAST","SubCounty",44246,1.4,0,0.2,94.2,0.1,0.9,2.1,0.5,0.1,0.3,0.1,0,0.1
"282","KERICHO","KIPKELION","SubCounty",24676,3.4,0.3,0.1,95.3,0.1,0.3,0.1,0.1,0,0.1,0,0.2,0
"283","KERICHO","LONDIANI","SubCounty",31739,2,0.1,0.5,96.1,0.1,0.7,0.2,0.1,0,0.2,0,0,0
"284","KERICHO","SOIN SIGOWET","SubCounty",27195,5.3,0.1,1.1,91.9,0.2,0.7,0.2,0.2,0,0.2,0,0,0
"285","BOMET","BOMET","County",187230,6.8,0.2,0.6,90.5,0.1,0.6,0.7,0.2,0,0.1,0.1,0,0
"286","BOMET","BOMET EAST","SubCounty",29897,6.2,0.2,0.9,91.9,0.1,0.4,0.1,0,0,0.1,0,NA,0
"287","BOMET","CHEPALUNGU","SubCounty",33850,16.7,0.2,0.7,81.6,0.1,0.5,0.1,0,0,0,0,0,0
"288","BOMET","KONOIN","SubCounty",38123,1.1,0.1,0.3,94.6,0.1,1.3,2.2,0.1,0,0.2,0.1,0,0
"289","BOMET","SOTIK","SubCounty",47265,8,0.2,0.7,89.3,0.1,0.6,0.3,0.6,0,0.2,0.1,0,0
"290","BOMET","BOMET CENTRAL","SubCounty",38095,2.8,0.2,0.4,95,0.1,0.4,0.8,0.1,0,0.1,0.1,NA,0
"291","KAKAMEGA","KAKAMEGA","County",432284,3.7,0.1,1.1,93.3,0.1,0.8,0.4,0.1,0,0.2,0.1,0,0
"292","KAKAMEGA","BUTERE","SubCounty",36243,4.8,0.2,1.3,92.2,0.1,0.8,0.2,0.1,0,0.2,0,0,0
"293","KAKAMEGA","KAKAMEGA CENTRAL","SubCounty",51956,0.4,0,0.6,94.4,0.1,1.6,1.8,0.4,0,0.3,0.3,0,0
"294","KAKAMEGA","KAKAMEGA EAST","SubCounty",39589,1.9,0.2,1.8,94.5,0.1,0.8,0.4,0.2,0,0.1,0,0,0.1
"295","KAKAMEGA","KAKAMEGA NORTH","SubCounty",50952,8.4,0.1,0.9,89.7,0.1,0.4,0.1,0,0,0.1,0,0,0
"296","KAKAMEGA","KAKAMEGA SOUTH","SubCounty",26940,0.3,0.1,1.7,97,0,0.4,0.2,0.1,0,0.1,0,0,0
"297","KAKAMEGA","KHWISERO","SubCounty",27681,2,0.1,1,95.6,0.1,0.5,0.3,0.1,0,0.1,0.1,0,0
"298","KAKAMEGA","LIKUYANI","SubCounty",34776,0.3,0,1.1,96.5,0.2,0.9,0.3,0.2,0,0.3,0,0,0
"299","KAKAMEGA","LUGARI","SubCounty",27817,0.2,0,1.2,96.3,0.1,1.2,0.3,0.2,0,0.4,0.1,NA,0
"300","KAKAMEGA","MATETE","SubCounty",13956,4.1,0.1,1.3,93.4,0.1,0.7,0.2,0.1,0,0.1,NA,NA,NA
"301","KAKAMEGA","MATUNGU","SubCounty",36414,8.1,0.2,1.4,89,0.1,0.6,0.2,0.1,0,0.3,0,0,0
"302","KAKAMEGA","MUMIAS EAST","SubCounty",25995,3.9,0.1,0.8,93.9,0.1,0.7,0.2,0.1,NA,0.2,0,0,0
"303","KAKAMEGA","MUMIAS WEST","SubCounty",27650,5.5,0.1,0.8,91.1,0.1,1.4,0.4,0.2,0,0.2,0.2,NA,0
"304","KAKAMEGA","NAVAKHOLO","SubCounty",32315,6.5,0.2,1,91.4,0.1,0.4,0.1,0.1,0,0.1,0,NA,0
"305","VIHIGA","VIHIGA","County",143288,0.2,0.1,0.9,97.4,0.1,0.4,0.4,0.2,0,0.2,0.1,0,0
"306","VIHIGA","EMUHAYA","SubCounty",23803,0.3,0.1,0.9,98,0.1,0.2,0.1,0.1,NA,0.1,0,NA,0
"307","VIHIGA","VIHIGA","SubCounty",23359,0.2,0.1,1,96.9,0.1,0.4,0.7,0.3,0,0.2,0.1,NA,0
"308","VIHIGA","SABATIA","SubCounty",31391,0.2,0.1,0.8,97,0.1,0.6,0.6,0.4,0,0.2,0.1,0,0
"309","VIHIGA","LUANDA","SubCounty",26766,0.3,0,0.8,97.7,0.1,0.2,0.4,0.1,NA,0.1,0.1,NA,0
"310","VIHIGA","HAMISI","SubCounty",37965,0.2,0.1,0.9,97.4,0.1,0.5,0.3,0.1,0,0.2,0.1,0,0
"311","VIHIGA","KAKAMEGA FOREST","SubCounty",4,25,NA,NA,75,NA,NA,NA,NA,NA,NA,NA,NA,NA
"312","BUNGOMA","BUNGOMA","County",357714,2,0.1,1.2,94.8,0.1,0.9,0.4,0.2,0,0.2,0.1,0,0
"313","BUNGOMA","BUMULA","SubCounty",44922,4.5,0.2,1.4,92.9,0.2,0.6,0.2,0,0,0.1,0,0,0
"314","BUNGOMA","BUNGOMA CENTRAL","SubCounty",37535,0.6,0.1,1,96.9,0.2,0.7,0.2,0.1,0,0.2,0.1,0,0
"315","BUNGOMA","BUNGOMA EAST","SubCounty",24798,0.2,0,1.4,95.9,0.1,1.7,0.3,0.1,0,0.1,0,0.2,0
"316","BUNGOMA","BUNGOMA NORTH","SubCounty",24940,0.1,0,1.2,96.9,0.1,1.1,0.2,0.1,NA,0.2,0,0,0
"317","BUNGOMA","BUNGOMA SOUTH","SubCounty",69088,0.7,0.1,1.1,95,0.1,1.2,1,0.3,0,0.4,0.1,0,0
"318","BUNGOMA","CHEPTAIS","SubCounty",26007,7.4,0.3,1.2,89.7,0.1,0.6,0.1,0,0,0.1,0.4,0,0
"319","BUNGOMA","KIMILILI","SubCounty",35053,0.1,0.1,1.5,96.4,0.2,0.6,0.5,0.2,0,0.2,0.2,0,0
"320","BUNGOMA","MT. ELGON","SubCounty",15230,5,0.2,0.7,92.4,0.1,0.8,0.3,0.1,0.1,0.1,0.1,NA,0
"321","BUNGOMA","BUNGOMA WEST","SubCounty",25166,3.3,0.2,0.9,94.4,0.2,0.7,0.1,0.1,NA,0.1,0,0,0
"322","BUNGOMA","TONGAREN","SubCounty",21343,0.2,0,0.6,97.6,0.1,0.9,0.1,0.2,0,0.2,0,0,0
"323","BUNGOMA","WEBUYE WEST","SubCounty",32834,0.4,0,1.2,96.5,0.1,0.7,0.3,0.3,0,0.3,0,0,0
"324","BUNGOMA","MT. ELGON FOREST","SubCounty",798,93.4,0.3,0.3,5.6,NA,NA,NA,NA,NA,NA,0.5,NA,NA
"325","BUSIA","BUSIA","County",197944,10.8,0.2,0.5,86.6,0.1,0.8,0.5,0.1,0,0.2,0.1,0,0
"326","BUSIA","BUNYALA","SubCounty",19028,9.8,0.3,0.2,88.2,0.1,0.6,0.2,0.1,0.1,0.2,0.3,0,0
"327","BUSIA","BUSIA","SubCounty",33152,5.7,0.2,0.5,90.6,0.1,1.3,0.9,0.2,0,0.3,0.2,0,0
"328","BUSIA","BUTULA","SubCounty",32199,12.2,0.2,0.6,85.8,0.1,0.5,0.2,0.1,0,0.2,0,0,0
"329","BUSIA","NAMBALE","SubCounty",23889,8.7,0.2,0.7,88.7,0.1,1,0.4,0.1,0,0.1,0,0,0
"330","BUSIA","SAMIA","SubCounty",23813,11.4,0.4,0.6,86.2,0.1,0.6,0.2,0.2,NA,0.4,0,0,NA
"331","BUSIA","TESO NORTH","SubCounty",29314,12.7,0.1,0.4,84.8,0.1,0.6,0.9,0.2,0,0.1,0.1,0,0
"332","BUSIA","TESO SOUTH","SubCounty",36549,14,0.2,0.5,83.1,0.1,0.9,0.6,0.1,0,0.3,0.1,0,0
"333","SIAYA","SIAYA","County",249341,4.4,0.2,0.4,92.9,0.1,0.8,0.4,0.2,0,0.4,0.1,0,0
"334","SIAYA","SIAYA","SubCounty",57386,5.4,0.2,0.4,91.4,0.2,1.2,0.4,0.3,0,0.4,0.1,0,0.1
"335","SIAYA","GEM","SubCounty",44696,4.4,0.2,0.4,93.4,0.1,0.5,0.3,0.2,0,0.3,0,0,0
"336","SIAYA","UGENYA","SubCounty",33554,8.2,0.2,0.4,89.3,0.1,1,0.2,0.1,0,0.4,0,0,0
"337","SIAYA","UGUNJA","SubCounty",26321,5.7,0.1,0.6,91.6,0.1,0.8,0.3,0.3,0,0.3,0,0,0
"338","SIAYA","BONDO","SubCounty",50454,1.3,0.1,0.4,95.7,0.1,0.7,0.7,0.2,0,0.6,0,0,0
"339","SIAYA","RARIEDA","SubCounty",36930,2.6,0.2,0.4,95.1,0.2,0.7,0.3,0.1,0,0.3,0,0,0.1
"340","KISUMU","KISUMU","County",296846,0.4,0.1,0.5,93.5,0.1,1.5,2.5,0.7,0,0.5,0.2,0,0
"341","KISUMU","KISUMU EAST","SubCounty",61499,0.1,0.1,0.3,95.3,0.1,0.7,2.3,0.2,0,0.5,0.3,0,0
"342","KISUMU","KISUMU CENTRAL","SubCounty",52163,0,0,0.1,82.1,0.1,4.3,9.4,2.8,0,0.7,0.4,0.1,0
"343","KISUMU","KISUMU WEST","SubCounty",42785,0.3,0,0.4,95.9,0.1,0.8,1,0.7,0,0.7,0.1,0,0
"344","KISUMU","SEME","SubCounty",29404,1.2,0.1,0.5,96.4,0.2,0.8,0.3,0.1,0,0.3,0,0,0
"345","KISUMU","MUHORONI","SubCounty",36982,1.4,0.1,0.6,95.4,0.1,1.3,0.6,0.3,NA,0.2,0,0,0
"346","KISUMU","NYANDO","SubCounty",38460,0.3,0,1.1,96.9,0.1,0.5,0.3,0.1,0,0.5,0,0,0
"347","KISUMU","NYAKACH","SubCounty",35553,0.3,0,1.1,96.2,0.1,1.2,0.4,0.2,0,0.4,0,0,0
"348","HOMA BAY","HOMA BAY","County",260290,0.9,0.1,0.7,96.3,0.2,0.8,0.4,0.1,0,0.4,0.1,0,0
"349","HOMA BAY","HOMA BAY","SubCounty",28471,0.1,0,0.3,96.4,0.2,1.1,1,0.3,0,0.5,0.2,0,0
"350","HOMA BAY","NDHIWA","SubCounty",47956,1.7,0.1,0.8,95.8,0.2,0.8,0.2,0.1,0,0.3,0,0,0
"351","HOMA BAY","RACHUONYO NORTH","SubCounty",41661,0.2,0,0.6,97.1,0.2,0.7,0.4,0.1,0,0.6,0,0,0
"352","HOMA BAY","RACHUONYO EAST","SubCounty",27229,0.3,0,0.8,97.4,0.1,0.6,0.2,0.1,NA,0.3,0,0,0
"353","HOMA BAY","RACHUONYO SOUTH","SubCounty",30693,0.2,0,0.8,96.1,0.2,1.1,0.7,0.1,0,0.6,0.1,0,0
"354","HOMA BAY","RANGWE","SubCounty",26983,0.3,0.1,1.2,96.2,0.3,0.9,0.3,0.1,0,0.6,0,0,0
"355","HOMA BAY","SUBA NORTH","SubCounty",29662,0.6,0.1,0.4,97.4,0.2,0.5,0.4,0,NA,0.2,0,0,0
"356","HOMA BAY","SUBA SOUTH","SubCounty",27635,3.6,0.2,1.1,93.6,0.2,0.6,0.3,0.1,0,0.3,0.1,0,0
"357","MIGORI","MIGORI","County",238133,2.5,0.2,0.9,94.1,0.2,1,0.5,0.1,0,0.4,0.1,0,0
"358","MIGORI","AWENDO","SubCounty",27014,0.2,0,0.8,95.2,0.1,2.6,0.3,0.2,0,0.4,0.1,0.1,0
"359","MIGORI","KURIA EAST","SubCounty",17267,9,0.5,1.7,86.8,0.4,0.9,0.3,0.1,0,0.2,0,0,0
"360","MIGORI","KURIA WEST","SubCounty",39723,3.4,0.2,1.1,93.6,0.1,0.7,0.4,0.1,0,0.2,0.1,0,0
"361","MIGORI","NYATIKE","SubCounty",39358,4.4,0.3,0.3,93.6,0.2,0.6,0.2,0.1,0,0.3,0,0.1,0
"362","MIGORI","RONGO","SubCounty",29007,0.2,0,0.8,96.4,0.2,0.7,0.9,0.2,0,0.6,0,0,0
"363","MIGORI","SUNA EAST","SubCounty",27214,0.8,0.1,0.8,94.5,0.1,1.3,1,0.2,0,0.8,0.3,0,0.1
"364","MIGORI","SUNA WEST","SubCounty",28839,2.5,0.1,0.5,94.2,0.2,1,0.8,0.2,0,0.3,0.2,0,0
"365","MIGORI","URIRI","SubCounty",29711,0.8,0.1,1.7,96.1,0.2,0.5,0.3,0.1,0,0.3,0,0,0
"366","KISII","KISII","County",307254,1,0.1,0.9,95.3,0.1,0.5,1.6,0.2,0,0.3,0.1,0,0
"367","KISII","ETAGO","SubCounty",18610,2.2,0.1,1.4,95.3,0.1,0.3,0.2,0.1,NA,0.2,0,0.1,0
"368","KISII","GUCHA","SubCounty",19621,0.5,0.1,1.6,94.8,0.1,1.1,1.2,0.2,0,0.3,0.1,0,0
"369","KISII","GUCHA SOUTH","SubCounty",19627,0.4,0.1,1.3,96.5,0.1,0.5,0.5,0.1,NA,0.5,0,0,0
"370","KISII","KENYENYA","SubCounty",30985,1.7,0.1,0.9,96.3,0.1,0.2,0.5,0.1,NA,0.1,0,0,0
"371","KISII","KISII CENTRAL","SubCounty",44037,0.6,0.1,0.6,92.7,0.1,0.4,4.4,0.3,0,0.4,0.3,0,0
"372","KISII","KISII SOUTH","SubCounty",31574,0.4,0,0.7,96.8,0.1,0.3,1.2,0.1,0,0.3,0,0,0
"373","KISII","KITUTU CENTRAL","SubCounty",41233,0.2,0,0.5,93.6,0.1,0.6,4,0.2,NA,0.5,0.1,0,0
"374","KISII","MARANI","SubCounty",26133,0.7,0.1,1.5,96.4,0.1,0.8,0.2,0,0,0.1,0,0,0
"375","KISII","MASABA SOUTH","SubCounty",29206,1.9,0.1,0.4,96.5,0.1,0.3,0.4,0.1,NA,0.2,0,0,0
"376","KISII","NYAMACHE","SubCounty",30583,2.4,0.2,1.1,95.3,0.2,0.3,0.4,0.2,0,0.2,0,0,0
"377","KISII","SAMETA","SubCounty",15645,0.8,0.2,0.8,96.4,0.2,0.6,0.3,0.2,0,0.5,0,0,0
"378","NYAMIRA","NYAMIRA","County",150499,0.8,0.1,1,96.1,0.1,0.6,0.8,0.2,0,0.3,0.1,0,0
"379","NYAMIRA","BORABU","SubCounty",19404,0.6,0.1,0.7,95,0.1,1.1,1,0.9,0,0.4,0,NA,0
"380","NYAMIRA","MANGA","SubCounty",23836,0.8,0.2,1.1,96.4,0.1,0.5,0.5,0.1,0,0.3,NA,0,0
"381","NYAMIRA","MASABA NORTH","SubCounty",27904,1.8,0.1,0.8,95.6,0.1,0.4,0.8,0.1,0,0.3,0.1,NA,0
"382","NYAMIRA","NYAMIRA NORTH","SubCounty",40396,0.4,0,1.1,97,0.1,0.5,0.3,0.1,0,0.3,0.1,0,0
"383","NYAMIRA","NYAMIRA SOUTH","SubCounty",38959,0.4,0.1,1.2,95.7,0.1,0.6,1.2,0.2,0,0.3,0.1,0,0
"384","NAIROBI CITY","NAIROBI CITY","County",1494676,0,0,0.1,51.3,0.1,2.5,39.4,4.5,0.1,1,0.8,0.1,0.1
"385","NAIROBI CITY","DAGORETTI","SubCounty",154949,0,0,0,80.6,0.1,1.4,15.1,0.9,0.1,0.5,1,0.1,0.1
"386","NAIROBI CITY","EMBAKASI","SubCounty",346462,0,0,0,38,0.1,2.4,54.7,3.3,0,0.6,0.7,0.1,0
"387","NAIROBI CITY","KAMUKUNJI","SubCounty",83680,0,0,0.1,50.6,0.1,1.7,41.6,3.6,0.1,0.8,1.2,0.1,0.1
"388","NAIROBI CITY","KASARANI","SubCounty",268611,0,0.1,0,39.4,0.1,2.6,53.8,2.2,0,0.9,0.8,0.1,0
"389","NAIROBI CITY","KIBRA","SubCounty",61651,0,0,0.4,79.4,0.1,3.2,9.9,5.5,0.1,0.4,0.8,0.1,0
"390","NAIROBI CITY","LANG'ATA","SubCounty",60187,0,0,0.1,44,0.1,3.1,26.6,21.1,0.1,3.7,0.8,0.4,0.1
"391","NAIROBI CITY","MAKADARA","SubCounty",70080,0,0.1,0,57,0.1,8,19.5,11.9,0,2.2,1,0.2,0
"392","NAIROBI CITY","MATHARE","SubCounty",74967,0.1,0,0.1,52.6,0.1,1.2,44.2,0.4,0,0.3,0.8,0.1,0.1
"393","NAIROBI CITY","NJIRU","SubCounty",204492,0,0,0,58.9,0.1,1.9,36.5,1,0,0.8,0.5,0.1,0.1
"394","NAIROBI CITY","STAREHE","SubCounty",66108,0,0,0,51.7,0.2,2.7,35.8,6.4,0.1,1.8,1.1,0.1,0.1
"395","NAIROBI CITY","WESTLANDS","SubCounty",103489,0,0,0,51,0.1,2.5,28.5,14.4,0.1,2.2,0.9,0.3,0
