"","County","SubCounty","AdminArea","Total","Male","Female","SearchedOnline_Total","SearchedOnline_Total_Perc","SearchedOnline_Male","SearchedOnline_Male_Perc","SearchedOnline_Female","SearchedOnline_Female_Perc"
"1","xxx","KENYA","xxx",28729203,14014340,14713949,1249133,4.3,698944,5,550116,3.7
"2","xxx","Rural*","xxx",19002236,9243850,9757916,315571,1.7,193164,2.1,122389,1.3
"3","xxx","Urban*","xxx",9726967,4770490,4956033,933562,9.6,505780,10.6,427727,8.6
"4","MOMBASA","MOMBASA","County",800412,403555,396843,58011,7.2,32027,7.9,25981,6.5
"5","MOMBASA","CHANGAMWE","SubCounty",90685,47934,42752,5398,6,3269,6.8,2129,5
"6","MOMBASA","JOMVU","SubCounty",106109,54315,51792,6589,6.2,3914,7.2,2675,5.2
"7","MOMBASA","KISAUNI","SubCounty",187488,93343,94143,13030,6.9,7093,7.6,5936,6.3
"8","MOMBASA","LIKONI","SubCounty",164014,84111,79901,7381,4.5,4485,5.3,2896,3.6
"9","MOMBASA","MVITA","SubCounty",104255,49260,54994,11235,10.8,5609,11.4,5626,10.2
"10","MOMBASA","NYALI","SubCounty",147861,74594,73263,14378,9.7,7657,10.3,6719,9.2
"11","KWALE","KWALE","County",472968,225949,247010,7004,1.5,4093,1.8,2910,1.2
"12","KWALE","KINANGO","SubCounty",46317,21109,25208,279,0.6,195,0.9,84,0.3
"13","KWALE","LUNGALUNGA","SubCounty",102695,48789,53906,685,0.7,463,0.9,222,0.4
"14","KWALE","MATUGA","SubCounty",111626,53782,57842,1615,1.4,928,1.7,687,1.2
"15","KWALE","MSAMBWENI","SubCounty",108942,54671,54268,3459,3.2,1867,3.4,1591,2.9
"16","KWALE","SAMBURU-KWALE","SubCounty",103388,47598,55786,966,0.9,640,1.3,326,0.6
"17","KILIFI","KILIFI","County",830180,389477,440696,18667,2.2,10824,2.8,7843,1.8
"18","KILIFI","CHONYI","SubCounty",33919,15106,18813,187,0.6,132,0.9,55,0.3
"19","KILIFI","GANZE","SubCounty",74499,31966,42533,495,0.7,340,1.1,155,0.4
"20","KILIFI","KALOLENI","SubCounty",107266,49188,58077,1895,1.8,1115,2.3,780,1.3
"21","KILIFI","KAUMA","SubCounty",12575,5985,6590,34,0.3,22,0.4,12,0.2
"22","KILIFI","KILIFI NORTH","SubCounty",106503,50569,55934,3997,3.8,2329,4.6,1668,3
"23","KILIFI","KILIFI SOUTH","SubCounty",126554,61234,65320,4555,3.6,2452,4,2103,3.2
"24","KILIFI","MAGARINI","SubCounty",100925,47636,53290,782,0.8,548,1.2,234,0.4
"25","KILIFI","MALINDI","SubCounty",195639,93614,102020,5716,2.9,3244,3.5,2472,2.4
"26","KILIFI","RABAI","SubCounty",72300,34180,38120,1006,1.4,642,1.9,364,1
"27","TANA RIVER","TANA RIVER","County",162150,79774,82374,1652,1,1115,1.4,537,0.7
"28","TANA RIVER","TANA DELTA","SubCounty",56824,28041,28784,514,0.9,350,1.2,164,0.6
"29","TANA RIVER","TANA NORTH","SubCounty",60646,30344,30301,502,0.8,347,1.1,155,0.5
"30","TANA RIVER","TANA RIVER","SubCounty",44680,21390,23290,636,1.4,418,2,218,0.9
"31","LAMU","LAMU","County",86390,46364,40025,2645,3.1,1735,3.7,910,2.3
"32","LAMU","LAMU EAST","SubCounty",13788,7304,6484,281,2,206,2.8,75,1.2
"33","LAMU","LAMU WEST","SubCounty",72602,39060,33541,2364,3.3,1529,3.9,835,2.5
"34","TAITA/TAVETA","TAITA/TAVETA","County",220214,111666,108544,7417,3.4,4303,3.9,3114,2.9
"35","TAITA/TAVETA","MWATATE","SubCounty",53830,27449,26381,1217,2.3,742,2.7,475,1.8
"36","TAITA/TAVETA","TAITA","SubCounty",37290,18858,18433,1229,3.3,711,3.8,518,2.8
"37","TAITA/TAVETA","TAVETA","SubCounty",56777,29360,27418,1652,2.9,966,3.3,686,2.5
"38","TAITA/TAVETA","VOI","SubCounty",72317,36000,36313,3319,4.6,1884,5.2,1435,4
"39","GARISSA","GARISSA","County",453174,248556,204594,7218,1.6,4541,1.8,2677,1.3
"40","GARISSA","BALAMBALA","SubCounty",20043,12873,7169,145,0.7,86,0.7,59,0.8
"41","GARISSA","DADAAB","SubCounty",105651,56673,48972,1110,1.1,677,1.2,433,0.9
"42","GARISSA","FAFI","SubCounty",73620,39938,33674,536,0.7,299,0.7,237,0.7
"43","GARISSA","GARISSA","SubCounty",90556,45018,45534,1796,2,1050,2.3,746,1.6
"44","GARISSA","HULUGHO","SubCounty",67830,39813,28015,2130,3.1,1433,3.6,697,2.5
"45","GARISSA","IJARA","SubCounty",69462,40717,28745,1380,2,927,2.3,453,1.6
"46","GARISSA","LAGDERA","SubCounty",26012,13525,12486,121,0.5,69,0.5,52,0.4
"47","WAJIR","WAJIR","County",383424,206705,176689,4353,1.1,2790,1.3,1563,0.9
"48","WAJIR","BUNA","SubCounty",23602,13104,10497,220,0.9,125,1,95,0.9
"49","WAJIR","ELDAS","SubCounty",42651,22700,19947,670,1.6,434,1.9,236,1.2
"50","WAJIR","HABASWEIN","SubCounty",87918,46652,41252,1288,1.5,816,1.7,472,1.1
"51","WAJIR","TARBAJ","SubCounty",25419,12731,12686,84,0.3,56,0.4,28,0.2
"52","WAJIR","WAJIR EAST","SubCounty",57262,30906,26354,849,1.5,597,1.9,252,1
"53","WAJIR","WAJIR NORTH","SubCounty",28981,15409,13568,221,0.8,140,0.9,81,0.6
"54","WAJIR","WAJIR SOUTH","SubCounty",61460,33955,27504,733,1.2,440,1.3,293,1.1
"55","WAJIR","WAJIR WEST","SubCounty",56131,31248,24881,288,0.5,182,0.6,106,0.4
"56","MANDERA","MANDERA","County",387832,200714,187105,3630,0.9,2180,1.1,1449,0.8
"57","MANDERA","MANDERA WEST","SubCounty",39966,20025,19942,352,0.9,214,1.1,138,0.7
"58","MANDERA","BANISA","SubCounty",65943,34711,31229,321,0.5,215,0.6,106,0.3
"59","MANDERA","KOTULO","SubCounty",30708,16218,14489,286,0.9,180,1.1,105,0.7
"60","MANDERA","LAFEY","SubCounty",39612,20154,19455,339,0.9,200,1,139,0.7
"61","MANDERA","MANDERA CENTRAL","SubCounty",67238,32636,34599,1164,1.7,581,1.8,583,1.7
"62","MANDERA","MANDERA EAST","SubCounty",80740,42219,38520,967,1.2,660,1.6,307,0.8
"63","MANDERA","MANDERA NORTH","SubCounty",63625,34751,28871,201,0.3,130,0.4,71,0.2
"64","MARSABIT","MARSABIT","County",232555,123665,108878,1818,0.8,1202,1,616,0.6
"65","MARSABIT","LOIYANGALANI","SubCounty",17005,8041,8963,69,0.4,49,0.6,20,0.2
"66","MARSABIT","MARSABIT CENTRAL","SubCounty",43706,22687,21011,747,1.7,458,2,289,1.4
"67","MARSABIT","MARSABIT NORTH","SubCounty",26923,15064,11858,66,0.2,45,0.3,21,0.2
"68","MARSABIT","MARSABIT SOUTH","SubCounty",32660,16464,16197,203,0.6,145,0.9,58,0.4
"69","MARSABIT","MOYALE","SubCounty",52696,27324,25372,495,0.9,336,1.2,159,0.6
"70","MARSABIT","NORTH HORR","SubCounty",37354,22157,15196,133,0.4,90,0.4,43,0.3
"71","MARSABIT","SOLOLO","SubCounty",22211,11929,10282,105,0.5,79,0.7,26,0.3
"72","ISIOLO","ISIOLO","County",147320,77507,69811,2949,2,1980,2.6,969,1.4
"73","ISIOLO","GARBATULLA","SubCounty",52863,29808,23054,372,0.7,243,0.8,129,0.6
"74","ISIOLO","ISIOLO","SubCounty",70632,34987,35646,2480,3.5,1662,4.8,818,2.3
"75","ISIOLO","MERTI","SubCounty",23825,12712,11111,97,0.4,75,0.6,22,0.2
"76","MERU","MERU","County",997193,490595,506570,21363,2.1,11906,2.4,9455,1.9
"77","MERU","BUURI EAST","SubCounty",52920,26205,26715,1125,2.1,612,2.3,513,1.9
"78","MERU","BUURI WEST","SubCounty",55007,27439,27566,1350,2.5,783,2.9,567,2.1
"79","MERU","IGEMBE CENTRAL","SubCounty",134072,66632,67438,1488,1.1,919,1.4,568,0.8
"80","MERU","IGEMBE NORTH","SubCounty",99786,48393,51391,1216,1.2,692,1.4,524,1
"81","MERU","IGEMBE SOUTH","SubCounty",101765,50263,51497,1716,1.7,993,2,723,1.4
"82","MERU","IMENTI NORTH","SubCounty",122837,60545,62290,6369,5.2,3370,5.6,2999,4.8
"83","MERU","IMENTI SOUTH","SubCounty",143775,71602,72168,3673,2.6,1949,2.7,1724,2.4
"84","MERU","MERU CENTRAL","SubCounty",92443,46021,46419,1799,1.9,982,2.1,817,1.8
"85","MERU","TIGANIA CENTRAL","SubCounty",63654,31092,32562,762,1.2,459,1.5,303,0.9
"86","MERU","TIGANIA EAST","SubCounty",42362,20133,22228,581,1.4,373,1.9,208,0.9
"87","MERU","TIGANIA WEST","SubCounty",87885,41688,46195,1268,1.4,760,1.8,507,1.1
"88","MERU","MERU NATIONAL PARK","SubCounty",256,199,57,11,4.3,10,5,1,1.8
"89","MERU","MT. KENYA FOREST","SubCounty",431,385,46,5,1.2,4,1,1,2.2
"90","THARAKA-NITHI","THARAKA-NITHI","County",259984,126666,133315,5563,2.1,3013,2.4,2549,1.9
"91","THARAKA-NITHI","IGAMBANG'OMBE","SubCounty",33707,16436,17270,311,0.9,184,1.1,127,0.7
"92","THARAKA-NITHI","MAARA","SubCounty",80383,40332,40051,2013,2.5,1043,2.6,970,2.4
"93","THARAKA-NITHI","MERU SOUTH","SubCounty",63652,31137,32513,2313,3.6,1229,3.9,1083,3.3
"94","THARAKA-NITHI","THARAKA NORTH","SubCounty",34843,16615,18229,270,0.8,167,1,103,0.6
"95","THARAKA-NITHI","THARAKA SOUTH","SubCounty",47260,22082,25177,647,1.4,388,1.8,259,1
"96","THARAKA-NITHI","MT. KENYA FOREST","SubCounty",139,64,75,9,6.5,2,3.1,7,9.3
"97","EMBU","EMBU","County",414785,205519,209251,10516,2.5,5642,2.7,4872,2.3
"98","EMBU","EMBU EAST","SubCounty",91401,45223,46177,1968,2.2,1053,2.3,915,2
"99","EMBU","EMBU NORTH","SubCounty",56752,27980,28769,1138,2,631,2.3,507,1.8
"100","EMBU","EMBU WEST","SubCounty",89441,43643,45790,4870,5.4,2501,5.7,2367,5.2
"101","EMBU","MBEERE SOUTH","SubCounty",107826,54954,52869,1662,1.5,954,1.7,708,1.3
"102","EMBU","MBEERE NORTH","SubCounty",69344,33701,35643,877,1.3,503,1.5,374,1
"103","EMBU","MT. KENYA FOREST","SubCounty",21,18,3,1,4.8,NA,NA,1,33.3
"104","KITUI","KITUI","County",686904,321241,365642,11702,1.7,6664,2.1,5037,1.4
"105","KITUI","IKUTHA","SubCounty",47621,22061,25560,469,1,289,1.3,180,0.7
"106","KITUI","KATULANI","SubCounty",30898,14938,15959,562,1.8,321,2.1,241,1.5
"107","KITUI","KISASI","SubCounty",29094,13942,15153,343,1.2,201,1.4,142,0.9
"108","KITUI","KITUI CENTRAL","SubCounty",69007,33115,35889,2711,3.9,1384,4.2,1327,3.7
"109","KITUI","KITUI WEST","SubCounty",44914,20783,24131,906,2,504,2.4,402,1.7
"110","KITUI","KYUSO","SubCounty",43511,19999,23512,447,1,272,1.4,175,0.7
"111","KITUI","LOWER YATTA","SubCounty",39998,19720,20278,678,1.7,417,2.1,261,1.3
"112","KITUI","MATINYANI","SubCounty",30850,14789,16060,524,1.7,282,1.9,242,1.5
"113","KITUI","MIGWANI","SubCounty",49213,22341,26870,795,1.6,471,2.1,323,1.2
"114","KITUI","MUMONI","SubCounty",16753,7484,9269,169,1,103,1.4,66,0.7
"115","KITUI","MUTITU","SubCounty",31107,14228,16878,273,0.9,147,1,126,0.7
"116","KITUI","MUTITU NORTH","SubCounty",12850,6073,6776,151,1.2,91,1.5,60,0.9
"117","KITUI","MUTOMO","SubCounty",65517,30572,34943,690,1.1,425,1.4,265,0.8
"118","KITUI","MWINGI CENTRAL","SubCounty",66145,30678,35467,1637,2.5,919,3,718,2
"119","KITUI","MWINGI EAST","SubCounty",47902,21565,26335,495,1,321,1.5,174,0.7
"120","KITUI","NZAMBANI","SubCounty",29439,14178,15259,603,2,358,2.5,245,1.6
"121","KITUI","THAGICU","SubCounty",8740,3935,4804,22,0.3,13,0.3,9,0.2
"122","KITUI","TSEIKURU","SubCounty",23345,10843,12502,227,1,146,1.3,81,0.6
"123","MACHAKOS","MACHAKOS","County",951658,471701,479937,44133,4.6,23782,5,20350,4.2
"124","MACHAKOS","ATHI RIVER","SubCounty",222180,113711,108468,24680,11.1,12838,11.3,11842,10.9
"125","MACHAKOS","KALAMA","SubCounty",36423,17497,18921,716,2,420,2.4,296,1.6
"126","MACHAKOS","KANGUNDO","SubCounty",66320,32593,33726,1580,2.4,890,2.7,690,2
"127","MACHAKOS","KATHIANI","SubCounty",73316,35201,38114,1214,1.7,739,2.1,475,1.2
"128","MACHAKOS","MACHAKOS","SubCounty",118176,58679,59493,6791,5.7,3714,6.3,3077,5.2
"129","MACHAKOS","MASINGA","SubCounty",93603,45538,48064,1482,1.6,904,2,578,1.2
"130","MACHAKOS","MATUNGULU","SubCounty",107549,53886,53661,3432,3.2,1839,3.4,1593,3
"131","MACHAKOS","MWALA","SubCounty",121935,59722,62211,2123,1.7,1226,2.1,897,1.4
"132","MACHAKOS","YATTA","SubCounty",112156,54875,57280,2115,1.9,1212,2.2,902,1.6
"133","MAKUENI","MAKUENI","County",633890,308324,325554,12838,2,7576,2.5,5262,1.6
"134","MAKUENI","KATHONZWENI","SubCounty",51623,25020,26600,736,1.4,453,1.8,283,1.1
"135","MAKUENI","KIBWEZI","SubCounty",121684,59366,62314,2485,2,1478,2.5,1007,1.6
"136","MAKUENI","KILUNGU","SubCounty",38706,17964,20741,695,1.8,411,2.3,284,1.4
"137","MAKUENI","MAKINDU","SubCounty",53368,25660,27709,1206,2.3,699,2.7,507,1.8
"138","MAKUENI","MAKUENI","SubCounty",87356,43229,44127,2604,3,1467,3.4,1137,2.6
"139","MAKUENI","MBOONI EAST","SubCounty",64258,30927,33330,920,1.4,554,1.8,366,1.1
"140","MAKUENI","MBOONI WEST","SubCounty",65709,30783,34925,1092,1.7,668,2.2,424,1.2
"141","MAKUENI","MUKAA","SubCounty",70644,35709,34935,1469,2.1,875,2.5,594,1.7
"142","MAKUENI","NZAUI","SubCounty",80542,39667,40874,1631,2,971,2.4,660,1.6
"143","NYANDARUA","NYANDARUA","County",408782,198123,210646,9011,2.2,5539,2.8,3472,1.6
"144","NYANDARUA","KINANGOP","SubCounty",70928,34115,36810,1364,1.9,850,2.5,514,1.4
"145","NYANDARUA","NYANDARUA SOUTH","SubCounty",59965,28964,30999,1315,2.2,803,2.8,512,1.7
"146","NYANDARUA","MIRANGINE","SubCounty",42296,20832,21464,647,1.5,420,2,227,1.1
"147","NYANDARUA","KIPIPIRI","SubCounty",59710,28849,30859,943,1.6,593,2.1,350,1.1
"148","NYANDARUA","NYANDARUA CENTRAL","SubCounty",48048,23433,24615,1399,2.9,809,3.5,590,2.4
"149","NYANDARUA","NYANDARUA WEST","SubCounty",63967,31201,32763,1957,3.1,1243,4,714,2.2
"150","NYANDARUA","NYANDARUA NORTH","SubCounty",63854,30720,33133,1386,2.2,821,2.7,565,1.7
"151","NYANDARUA","ABERDARE NATIONAL PARK","SubCounty",14,10,4,NA,NA,NA,NA,NA,NA
"152","NYERI","NYERI","County",529048,256826,272200,22154,4.2,12648,4.9,9506,3.5
"153","NYERI","TETU","SubCounty",56701,27252,29447,1625,2.9,917,3.4,708,2.4
"154","NYERI","KIENI EAST","SubCounty",75195,37496,37696,2879,3.8,1692,4.5,1187,3.1
"155","NYERI","KIENI WEST","SubCounty",59602,29267,30330,1752,2.9,1030,3.5,722,2.4
"156","NYERI","MATHIRA EAST","SubCounty",71070,33981,37086,3004,4.2,1731,5.1,1273,3.4
"157","NYERI","MATHIRA WEST","SubCounty",42381,20504,21875,1296,3.1,724,3.5,572,2.6
"158","NYERI","NYERI SOUTH","SubCounty",64157,30471,33686,2022,3.2,1162,3.8,860,2.6
"159","NYERI","MUKURWE-INI","SubCounty",62060,30173,31883,1899,3.1,1073,3.6,826,2.6
"160","NYERI","NYERI CENTRAL","SubCounty",97640,47517,50122,7659,7.8,4308,9.1,3351,6.7
"161","NYERI","MT. KENYA FOREST","SubCounty",150,102,48,9,6,7,6.9,2,4.2
"162","NYERI","ABERDARE FOREST","SubCounty",92,64,28,9,9.8,4,6.3,5,17.9
"163","KIRINYAGA","KIRINYAGA","County",430493,211002,219468,12219,2.8,6916,3.3,5301,2.4
"164","KIRINYAGA","KIRINYAGA CENTRAL","SubCounty",87974,42519,45453,3313,3.8,1778,4.2,1535,3.4
"165","KIRINYAGA","KIRINYAGA EAST","SubCounty",97888,48311,49571,2649,2.7,1562,3.2,1087,2.2
"166","KIRINYAGA","KIRINYAGA WEST","SubCounty",80518,38939,41577,2211,2.7,1256,3.2,955,2.3
"167","KIRINYAGA","MWEA EAST","SubCounty",91301,45075,46220,2515,2.8,1434,3.2,1079,2.3
"168","KIRINYAGA","MWEA WEST","SubCounty",72780,36136,36641,1530,2.1,885,2.4,645,1.8
"169","KIRINYAGA","MT. KENYA FOREST","SubCounty",32,24,8,1,3.1,1,4.2,NA,NA
"170","MURANG'A","MURANG'A","County",711163,348643,362499,17185,2.4,9760,2.8,7425,2
"171","MURANG'A","MURANG'A EAST","SubCounty",74808,36354,38454,2814,3.8,1471,4,1343,3.5
"172","MURANG'A","KANGEMA","SubCounty",55890,27101,28787,1297,2.3,733,2.7,564,2
"173","MURANG'A","MATHIOYA","SubCounty",63379,30627,32752,1263,2,733,2.4,530,1.6
"174","MURANG'A","KAHURO","SubCounty",61226,29582,31640,1291,2.1,747,2.5,544,1.7
"175","MURANG'A","MURANG'A SOUTH","SubCounty",121816,59916,61897,3116,2.6,1773,3,1343,2.2
"176","MURANG'A","GATANGA","SubCounty",124681,62424,62256,3249,2.6,1836,2.9,1413,2.3
"177","MURANG'A","KIGUMO","SubCounty",91742,44957,46784,1719,1.9,1000,2.2,719,1.5
"178","MURANG'A","KANDARA","SubCounty",117585,57656,59923,2436,2.1,1467,2.5,969,1.6
"179","MURANG'A","ABERDARE FOREST","SubCounty",36,28,8,NA,NA,NA,NA,NA,NA
"180","KIAMBU","KIAMBU","County",1658241,805753,852390,152171,9.2,81366,10.1,70797,8.3
"181","KIAMBU","GATUNDU NORTH","SubCounty",74475,36352,38121,1911,2.6,1124,3.1,787,2.1
"182","KIAMBU","GATUNDU SOUTH","SubCounty",83931,41094,42836,2339,2.8,1323,3.2,1016,2.4
"183","KIAMBU","GITHUNGURI","SubCounty",114135,56297,57831,3756,3.3,2078,3.7,1678,2.9
"184","KIAMBU","JUJA","SubCounty",206032,100909,105104,20501,10,11740,11.6,8759,8.3
"185","KIAMBU","KABETE","SubCounty",139233,67420,71800,15733,11.3,8294,12.3,7438,10.4
"186","KIAMBU","KIAMBAA","SubCounty",163775,79645,84123,19823,12.1,10082,12.7,9740,11.6
"187","KIAMBU","KIAMBU","SubCounty",100920,47194,53714,13763,13.6,6804,14.4,6958,13
"188","KIAMBU","KIKUYU","SubCounty",129194,61751,67439,17079,13.2,8694,14.1,8385,12.4
"189","KIAMBU","LARI","SubCounty",89402,44020,45382,2610,2.9,1530,3.5,1080,2.4
"190","KIAMBU","LIMURU","SubCounty",106584,53063,53521,6031,5.7,3345,6.3,2686,5
"191","KIAMBU","RUIRU","SubCounty",256197,123324,132858,30866,12,16694,13.5,14172,10.7
"192","KIAMBU","THIKA EAST","SubCounty",26022,13257,12762,937,3.6,513,3.9,423,3.3
"193","KIAMBU","THIKA WEST","SubCounty",168341,81429,86901,16822,10,9145,11.2,7675,8.8
"194","TURKANA","TURKANA","County",504380,260163,244204,5147,1,3389,1.3,1758,0.7
"195","TURKANA","KIBISH","SubCounty",18931,9447,9484,65,0.3,51,0.5,14,0.1
"196","TURKANA","LOIMA","SubCounty",56399,27706,28693,141,0.3,99,0.4,42,0.1
"197","TURKANA","TURKANA CENTRAL","SubCounty",99203,48885,50318,2127,2.1,1334,2.7,793,1.6
"198","TURKANA","TURKANA EAST","SubCounty",79264,45309,33946,336,0.4,250,0.6,86,0.3
"199","TURKANA","TURKANA NORTH","SubCounty",33457,16330,17127,159,0.5,133,0.8,26,0.2
"200","TURKANA","TURKANA SOUTH","SubCounty",83744,43558,40183,1488,1.8,972,2.2,516,1.3
"201","TURKANA","TURKANA WEST","SubCounty",133382,68928,64453,831,0.6,550,0.8,281,0.4
"202","WEST POKOT","WEST POKOT","County",301800,146545,155251,2474,0.8,1592,1.1,882,0.6
"203","WEST POKOT","KIPKOMO","SubCounty",50301,24500,25798,326,0.6,205,0.8,121,0.5
"204","WEST POKOT","POKOT CENTRAL","SubCounty",56929,28095,28834,168,0.3,112,0.4,56,0.2
"205","WEST POKOT","POKOT NORTH","SubCounty",60595,28390,32204,202,0.3,135,0.5,67,0.2
"206","WEST POKOT","POKOT SOUTH","SubCounty",39263,18991,20272,295,0.8,214,1.1,81,0.4
"207","WEST POKOT","WEST POKOT","SubCounty",94712,46569,48143,1483,1.6,926,2,557,1.2
"208","SAMBURU","SAMBURU","County",156593,78176,78414,2022,1.3,1249,1.6,773,1
"209","SAMBURU","SAMBURU CENTRAL","SubCounty",84329,42509,41819,1429,1.7,835,2,594,1.4
"210","SAMBURU","SAMBURU EAST","SubCounty",39697,18875,20822,427,1.1,289,1.5,138,0.7
"211","SAMBURU","SAMBURU NORTH","SubCounty",32567,16793,15774,166,0.5,125,0.7,41,0.3
"212","TRANS NZOIA","TRANS NZOIA","County",564784,274373,290401,12364,2.2,7293,2.7,5071,1.7
"213","TRANS NZOIA","TRANS NZOIA WEST","SubCounty",115140,56623,58516,2523,2.2,1526,2.7,997,1.7
"214","TRANS NZOIA","TRANS NZOIA EAST","SubCounty",131889,64006,67881,2195,1.7,1314,2.1,881,1.3
"215","TRANS NZOIA","KWANZA","SubCounty",115062,55485,59575,2406,2.1,1439,2.6,967,1.6
"216","TRANS NZOIA","ENDEBESS","SubCounty",60006,29945,30059,556,0.9,388,1.3,168,0.6
"217","TRANS NZOIA","KIMININI","SubCounty",142687,68315,74371,4684,3.3,2626,3.8,2058,2.8
"218","UASIN GISHU","UASIN GISHU","County",726858,359386,367456,37721,5.2,21920,6.1,15800,4.3
"219","UASIN GISHU","AINABKOI","SubCounty",86967,42533,44435,5103,5.9,2883,6.8,2220,5
"220","UASIN GISHU","KAPSERET","SubCounty",129885,65036,64845,9476,7.3,5324,8.2,4152,6.4
"221","UASIN GISHU","KESSES","SubCounty",90889,44937,45951,3429,3.8,2063,4.6,1365,3
"222","UASIN GISHU","MOIBEN","SubCounty",114635,56233,58400,7015,6.1,4119,7.3,2896,5
"223","UASIN GISHU","SOY","SubCounty",137684,67729,69952,3938,2.9,2433,3.6,1505,2.2
"224","UASIN GISHU","TURBO","SubCounty",166798,82919,83874,8760,5.3,5098,6.1,3662,4.4
"225","ELGEYO/MARAKWET","ELGEYO/MARAKWET","County",262296,130383,131907,4428,1.7,2839,2.2,1587,1.2
"226","ELGEYO/MARAKWET","KEIYO NORTH","SubCounty",60202,29803,30400,1748,2.9,1093,3.7,655,2.2
"227","ELGEYO/MARAKWET","KEIYO SOUTH","SubCounty",73469,36970,36496,1215,1.7,760,2.1,453,1.2
"228","ELGEYO/MARAKWET","MARAKWET EAST","SubCounty",50948,24833,26114,417,0.8,312,1.3,105,0.4
"229","ELGEYO/MARAKWET","MARAKWET WEST","SubCounty",77677,38777,38897,1048,1.3,674,1.7,374,1
"230","NANDI","NANDI","County",535700,264583,271103,10900,2,6634,2.5,4264,1.6
"231","NANDI","CHESUMEI","SubCounty",102865,50235,52628,2980,2.9,1734,3.5,1245,2.4
"232","NANDI","NANDI CENTRAL","SubCounty",90418,44330,46083,2290,2.5,1403,3.2,886,1.9
"233","NANDI","NANDI EAST","SubCounty",72594,36547,36046,1826,2.5,1136,3.1,690,1.9
"234","NANDI","NANDI NORTH","SubCounty",99054,48523,50531,1474,1.5,911,1.9,563,1.1
"235","NANDI","NANDI SOUTH","SubCounty",104152,51032,53117,1539,1.5,915,1.8,624,1.2
"236","NANDI","TINDERET","SubCounty",66617,33917,32699,791,1.2,535,1.6,256,0.8
"237","BARINGO","BARINGO","County",367367,182447,184914,7251,2,4632,2.5,2618,1.4
"238","BARINGO","BARINGO CENTRAL","SubCounty",58072,28542,29530,1830,3.2,1135,4,695,2.4
"239","BARINGO","BARINGO NORTH","SubCounty",58522,28545,29975,797,1.4,545,1.9,252,0.8
"240","BARINGO","EAST POKOT","SubCounty",38544,19031,19512,113,0.3,80,0.4,33,0.2
"241","BARINGO","KOIBATEK","SubCounty",78649,39286,39362,2240,2.8,1378,3.5,862,2.2
"242","BARINGO","MARIGAT","SubCounty",46293,22760,23532,743,1.6,525,2.3,217,0.9
"243","BARINGO","MOGOTIO","SubCounty",52157,26115,26041,1289,2.5,802,3.1,487,1.9
"244","BARINGO","TIATY EAST","SubCounty",35130,18168,16962,239,0.7,167,0.9,72,0.4
"245","LAIKIPIA","LAIKIPIA","County",319415,157376,162031,10074,3.2,5915,3.8,4158,2.6
"246","LAIKIPIA","LAIKIPIA CENTRAL","SubCounty",63287,31329,31958,2249,3.6,1285,4.1,964,3
"247","LAIKIPIA","LAIKIPIA EAST","SubCounty",66307,33264,33039,3786,5.7,2241,6.7,1545,4.7
"248","LAIKIPIA","LAIKIPIA NORTH","SubCounty",17654,8542,9111,121,0.7,79,0.9,42,0.5
"249","LAIKIPIA","LAIKIPIA WEST","SubCounty",74400,36972,37426,949,1.3,602,1.6,347,0.9
"250","LAIKIPIA","NYAHURURU","SubCounty",97767,47269,50497,2969,3,1708,3.6,1260,2.5
"251","NAKURU","NAKURU","County",1330799,654405,676336,58427,4.4,34423,5.3,24001,3.5
"252","NAKURU","GILGIL","SubCounty",115915,57705,58205,4812,4.2,2948,5.1,1864,3.2
"253","NAKURU","KURESOI NORTH","SubCounty",97638,48325,49311,1135,1.2,798,1.7,337,0.7
"254","NAKURU","KURESOI SOUTH","SubCounty",86067,43042,43025,1386,1.6,980,2.3,406,0.9
"255","NAKURU","MOLO","SubCounty",94400,46512,47885,2268,2.4,1438,3.1,830,1.7
"256","NAKURU","NAIVASHA","SubCounty",226115,112580,113515,9574,4.2,5699,5.1,3873,3.4
"257","NAKURU","NAKURU EAST","SubCounty",127173,59185,67982,13315,10.5,6986,11.8,6328,9.3
"258","NAKURU","NAKURU NORTH","SubCounty",138890,66164,72718,7276,5.2,4227,6.4,3049,4.2
"259","NAKURU","NAKURU WEST","SubCounty",128075,65808,62260,7906,6.2,4794,7.3,3112,5
"260","NAKURU","NJORO","SubCounty",140282,68463,71817,3984,2.8,2604,3.8,1380,1.9
"261","NAKURU","RONGAI","SubCounty",124112,61527,62585,5766,4.6,3333,5.4,2433,3.9
"262","NAKURU","SUBUKIA","SubCounty",52132,25097,27036,1005,1.9,616,2.5,389,1.4
"263","NAROK","NAROK","County",583590,287295,296279,8496,1.5,5398,1.9,3098,1
"264","NAROK","NAROK EAST","SubCounty",58403,29577,28819,669,1.1,434,1.5,235,0.8
"265","NAROK","NAROK NORTH","SubCounty",136549,69323,67220,3789,2.8,2211,3.2,1578,2.3
"266","NAROK","NAROK SOUTH","SubCounty",116040,56702,59338,1027,0.9,704,1.2,323,0.5
"267","NAROK","NAROK WEST","SubCounty",91079,43072,48006,917,1,625,1.5,292,0.6
"268","NAROK","TRANS MARA EAST","SubCounty",55971,26599,29373,516,0.9,352,1.3,164,0.6
"269","NAROK","TRANS MARA WEST","SubCounty",125516,61995,63520,1576,1.3,1070,1.7,506,0.8
"270","NAROK","MAU FOREST","SubCounty",32,28,4,2,6.3,2,7.1,NA,NA
"271","KAJIADO","KAJIADO","County",678129,335208,342898,48551,7.2,26190,7.8,22357,6.5
"272","KAJIADO","ISINYA","SubCounty",142534,71202,71327,13374,9.4,7210,10.1,6162,8.6
"273","KAJIADO","KAJIADO CENTRAL","SubCounty",84607,42079,42526,2334,2.8,1364,3.2,970,2.3
"274","KAJIADO","KAJIADO NORTH","SubCounty",209721,102124,107588,27052,12.9,14269,14,12781,11.9
"275","KAJIADO","KAJIADO WEST","SubCounty",99338,49360,49976,3269,3.3,1857,3.8,1412,2.8
"276","KAJIADO","LOITOKITOK","SubCounty",103106,50323,52780,1687,1.6,994,2,693,1.3
"277","KAJIADO","MASHUURU","SubCounty",38823,20121,18702,835,2.2,496,2.5,339,1.8
"278","KERICHO","KERICHO","County",542555,269012,273524,13233,2.4,8257,3.1,4974,1.8
"279","KERICHO","BELGUT","SubCounty",91644,45694,45950,2421,2.6,1511,3.3,910,2
"280","KERICHO","BURETI","SubCounty",121028,59502,61524,2967,2.5,1855,3.1,1111,1.8
"281","KERICHO","KERICHO EAST","SubCounty",107260,54179,53074,4516,4.2,2723,5,1793,3.4
"282","KERICHO","KIPKELION","SubCounty",67985,33528,34454,723,1.1,492,1.5,231,0.7
"283","KERICHO","LONDIANI","SubCounty",80814,39719,41089,1402,1.7,906,2.3,496,1.2
"284","KERICHO","SOIN SIGOWET","SubCounty",73824,36390,37433,1204,1.6,770,2.1,433,1.2
"285","BOMET","BOMET","County",508582,248162,260411,10835,2.1,7067,2.8,3768,1.4
"286","BOMET","BOMET EAST","SubCounty",81603,38935,42665,1134,1.4,765,2,369,0.9
"287","BOMET","CHEPALUNGU","SubCounty",91815,43019,48795,1340,1.5,939,2.2,401,0.8
"288","BOMET","KONOIN","SubCounty",98043,50090,47952,2645,2.7,1776,3.5,869,1.8
"289","BOMET","SOTIK","SubCounty",132181,64102,68078,2818,2.1,1798,2.8,1020,1.5
"290","BOMET","BOMET CENTRAL","SubCounty",104940,52016,52921,2898,2.8,1789,3.4,1109,2.1
"291","KAKAMEGA","KAKAMEGA","County",1075846,502209,573620,23249,2.2,13607,2.7,9642,1.7
"292","KAKAMEGA","BUTERE","SubCounty",88518,41093,47424,1416,1.6,834,2,582,1.2
"293","KAKAMEGA","KAKAMEGA CENTRAL","SubCounty",118228,57578,60649,7418,6.3,4217,7.3,3201,5.3
"294","KAKAMEGA","KAKAMEGA EAST","SubCounty",99107,46350,52754,1712,1.7,1043,2.3,669,1.3
"295","KAKAMEGA","KAKAMEGA NORTH","SubCounty",134821,63893,70927,2040,1.5,1222,1.9,818,1.2
"296","KAKAMEGA","KAKAMEGA SOUTH","SubCounty",66936,30943,35993,1200,1.8,655,2.1,545,1.5
"297","KAKAMEGA","KHWISERO","SubCounty",66388,30305,36082,1089,1.6,686,2.3,403,1.1
"298","KAKAMEGA","LIKUYANI","SubCounty",88273,41584,46689,1590,1.8,952,2.3,638,1.4
"299","KAKAMEGA","LUGARI","SubCounty",71356,33563,37793,1205,1.7,713,2.1,492,1.3
"300","KAKAMEGA","MATETE","SubCounty",36716,17140,19576,444,1.2,268,1.6,176,0.9
"301","KAKAMEGA","MATUNGU","SubCounty",90730,41056,49674,1098,1.2,672,1.6,426,0.9
"302","KAKAMEGA","MUMIAS EAST","SubCounty",65647,30338,35308,1275,1.9,740,2.4,535,1.5
"303","KAKAMEGA","MUMIAS WEST","SubCounty",65543,30151,35392,1766,2.7,1003,3.3,763,2.2
"304","KAKAMEGA","NAVAKHOLO","SubCounty",83583,38217,45361,996,1.2,602,1.6,394,0.9
"305","VIHIGA","VIHIGA","County",357160,167838,189316,7707,2.2,4474,2.7,3233,1.7
"306","VIHIGA","EMUHAYA","SubCounty",57742,26906,30836,913,1.6,556,2.1,357,1.2
"307","VIHIGA","VIHIGA","SubCounty",58500,27372,31126,1491,2.5,862,3.1,629,2
"308","VIHIGA","SABATIA","SubCounty",80609,37824,42785,1974,2.4,1094,2.9,880,2.1
"309","VIHIGA","LUANDA","SubCounty",63910,30206,33702,1397,2.2,838,2.8,559,1.7
"310","VIHIGA","HAMISI","SubCounty",96383,45518,50863,1932,2,1124,2.5,808,1.6
"311","VIHIGA","KAKAMEGA FOREST","SubCounty",16,12,4,NA,NA,NA,NA,NA,NA
"312","BUNGOMA","BUNGOMA","County",925716,439882,485819,17887,1.9,10657,2.4,7229,1.5
"313","BUNGOMA","BUMULA","SubCounty",117239,54402,62836,1066,0.9,638,1.2,428,0.7
"314","BUNGOMA","BUNGOMA CENTRAL","SubCounty",99325,47435,51886,1734,1.7,1079,2.3,654,1.3
"315","BUNGOMA","BUNGOMA EAST","SubCounty",64706,30822,33882,1418,2.2,830,2.7,588,1.7
"316","BUNGOMA","BUNGOMA NORTH","SubCounty",67301,31790,35511,1254,1.9,766,2.4,488,1.4
"317","BUNGOMA","BUNGOMA SOUTH","SubCounty",167860,79723,88135,6101,3.6,3463,4.3,2638,3
"318","BUNGOMA","CHEPTAIS","SubCounty",68988,33790,35197,500,0.7,347,1,153,0.4
"319","BUNGOMA","KIMILILI","SubCounty",90679,42998,47682,1536,1.7,903,2.1,633,1.3
"320","BUNGOMA","MT. ELGON","SubCounty",42378,20616,21761,467,1.1,317,1.5,150,0.7
"321","BUNGOMA","BUNGOMA WEST","SubCounty",64829,30765,34063,743,1.1,473,1.5,270,0.8
"322","BUNGOMA","TONGAREN","SubCounty",55973,26362,29610,1032,1.8,624,2.4,408,1.4
"323","BUNGOMA","WEBUYE WEST","SubCounty",84587,40208,44378,2030,2.4,1212,3,818,1.8
"324","BUNGOMA","MT. ELGON FOREST","SubCounty",1851,972,879,6,0.3,5,0.5,1,0.1
"325","BUSIA","BUSIA","County",508168,234162,273996,9885,1.9,5994,2.6,3891,1.4
"326","BUSIA","BUNYALA","SubCounty",49787,23335,26451,1040,2.1,667,2.9,373,1.4
"327","BUSIA","BUSIA","SubCounty",81194,37855,43339,2126,2.6,1245,3.3,881,2
"328","BUSIA","BUTULA","SubCounty",78898,34700,44195,1316,1.7,770,2.2,546,1.2
"329","BUSIA","NAMBALE","SubCounty",62598,28708,33887,974,1.6,581,2,393,1.2
"330","BUSIA","SAMIA","SubCounty",62003,28520,33481,1020,1.6,629,2.2,391,1.2
"331","BUSIA","TESO NORTH","SubCounty",77932,36520,41413,1494,1.9,947,2.6,547,1.3
"332","BUSIA","TESO SOUTH","SubCounty",95756,44524,51230,1915,2,1155,2.6,760,1.5
"333","SIAYA","SIAYA","County",579794,264326,315455,14384,2.5,8482,3.2,5902,1.9
"334","SIAYA","SIAYA","SubCounty",130972,58915,72055,3616,2.8,2098,3.6,1518,2.1
"335","SIAYA","GEM","SubCounty",105032,47993,57038,2333,2.2,1389,2.9,944,1.7
"336","SIAYA","UGENYA","SubCounty",78177,34362,43811,1436,1.8,866,2.5,570,1.3
"337","SIAYA","UGUNJA","SubCounty",61030,27438,33593,1525,2.5,880,3.2,645,1.9
"338","SIAYA","BONDO","SubCounty",115669,54931,60736,3598,3.1,2146,3.9,1452,2.4
"339","SIAYA","RARIEDA","SubCounty",88914,40689,48224,1876,2.1,1103,2.7,773,1.6
"340","KISUMU","KISUMU","County",693208,328579,364612,34033,4.9,19378,5.9,14654,4
"341","KISUMU","KISUMU EAST","SubCounty",136790,66679,70107,7698,5.6,4415,6.6,3283,4.7
"342","KISUMU","KISUMU CENTRAL","SubCounty",112735,53734,58998,12589,11.2,6730,12.5,5859,9.9
"343","KISUMU","KISUMU WEST","SubCounty",104328,50515,53810,5203,5,3079,6.1,2124,3.9
"344","KISUMU","SEME","SubCounty",70214,31820,38393,1475,2.1,892,2.8,582,1.5
"345","KISUMU","MUHORONI","SubCounty",88087,43164,44924,2078,2.4,1312,3,766,1.7
"346","KISUMU","NYANDO","SubCounty",94195,43274,50917,2743,2.9,1593,3.7,1150,2.3
"347","KISUMU","NYAKACH","SubCounty",86859,39394,47464,2247,2.6,1357,3.4,890,1.9
"348","HOMA BAY","HOMA BAY","County",623095,284578,338502,15965,2.6,9701,3.4,6263,1.9
"349","HOMA BAY","HOMA BAY","SubCounty",67022,30608,36414,3220,4.8,1841,6,1378,3.8
"350","HOMA BAY","NDHIWA","SubCounty",113961,51684,62274,1872,1.6,1235,2.4,637,1
"351","HOMA BAY","RACHUONYO NORTH","SubCounty",101585,46658,54924,2473,2.4,1530,3.3,943,1.7
"352","HOMA BAY","RACHUONYO EAST","SubCounty",66773,30086,36686,1387,2.1,844,2.8,543,1.5
"353","HOMA BAY","RACHUONYO SOUTH","SubCounty",73368,32940,40428,2006,2.7,1167,3.5,839,2.1
"354","HOMA BAY","RANGWE","SubCounty",63713,28156,35556,1714,2.7,1029,3.7,685,1.9
"355","HOMA BAY","SUBA NORTH","SubCounty",70452,33403,37048,2191,3.1,1309,3.9,882,2.4
"356","HOMA BAY","SUBA SOUTH","SubCounty",66221,31045,35174,1102,1.7,746,2.4,356,1
"357","MIGORI","MIGORI","County",598194,278075,320103,14080,2.4,8630,3.1,5450,1.7
"358","MIGORI","AWENDO","SubCounty",64026,29790,34236,1671,2.6,1020,3.4,651,1.9
"359","MIGORI","KURIA EAST","SubCounty",48434,22830,25601,885,1.8,559,2.4,326,1.3
"360","MIGORI","KURIA WEST","SubCounty",109560,52028,57527,2327,2.1,1431,2.8,896,1.6
"361","MIGORI","NYATIKE","SubCounty",94575,43220,51353,1599,1.7,1042,2.4,557,1.1
"362","MIGORI","RONGO","SubCounty",69598,31897,37702,2031,2.9,1187,3.7,844,2.2
"363","MIGORI","SUNA EAST","SubCounty",67526,31513,36013,2376,3.5,1384,4.4,992,2.8
"364","MIGORI","SUNA WEST","SubCounty",69353,31840,37512,1959,2.8,1237,3.9,722,1.9
"365","MIGORI","URIRI","SubCounty",75122,34959,40161,1232,1.6,770,2.2,462,1.2
"366","KISII","KISII","County",750776,346681,404073,16800,2.2,10155,2.9,6644,1.6
"367","KISII","ETAGO","SubCounty",45834,21168,24664,520,1.1,352,1.7,168,0.7
"368","KISII","GUCHA","SubCounty",48428,21927,26501,1056,2.2,653,3,403,1.5
"369","KISII","GUCHA SOUTH","SubCounty",48464,22307,26156,781,1.6,488,2.2,293,1.1
"370","KISII","KENYENYA","SubCounty",76374,35242,41132,949,1.2,596,1.7,353,0.9
"371","KISII","KISII CENTRAL","SubCounty",103631,49183,54446,4179,4,2459,5,1720,3.2
"372","KISII","KISII SOUTH","SubCounty",79971,37091,42877,1765,2.2,1052,2.8,713,1.7
"373","KISII","KITUTU CENTRAL","SubCounty",95524,45331,50188,3911,4.1,2218,4.9,1692,3.4
"374","KISII","MARANI","SubCounty",63355,28329,35027,892,1.4,586,2.1,306,0.9
"375","KISII","MASABA SOUTH","SubCounty",73171,33160,40008,1169,1.6,758,2.3,411,1
"376","KISII","NYAMACHE","SubCounty",76413,34735,41676,1063,1.4,675,1.9,388,0.9
"377","KISII","SAMETA","SubCounty",39611,18210,21400,515,1.3,318,1.7,197,0.9
"378","NYAMIRA","NYAMIRA","County",366653,170585,196063,7907,2.2,4896,2.9,3011,1.5
"379","NYAMIRA","BORABU","SubCounty",45574,22562,23012,1255,2.8,782,3.5,473,2.1
"380","NYAMIRA","MANGA","SubCounty",58099,26788,31312,1184,2,739,2.8,445,1.4
"381","NYAMIRA","MASABA NORTH","SubCounty",68048,30969,37078,1440,2.1,904,2.9,536,1.4
"382","NYAMIRA","NYAMIRA NORTH","SubCounty",99092,45844,53245,1757,1.8,1078,2.4,679,1.3
"383","NYAMIRA","NYAMIRA SOUTH","SubCounty",95840,44423,51417,2271,2.4,1393,3.1,878,1.7
"384","NAIROBI CITY","NAIROBI CITY","County",3008985,1491597,1517231,421094,14,224570,15.1,196493,13
"385","NAIROBI CITY","DAGORETTI","SubCounty",297200,149722,147459,32684,11,18377,12.3,14303,9.7
"386","NAIROBI CITY","EMBAKASI","SubCounty",679481,338620,340831,99490,14.6,53612,15.8,45873,13.5
"387","NAIROBI CITY","KAMUKUNJI","SubCounty",178045,89862,88178,13552,7.6,7823,8.7,5728,6.5
"388","NAIROBI CITY","KASARANI","SubCounty",531787,256058,275707,79594,15,42602,16.6,36988,13.4
"389","NAIROBI CITY","KIBRA","SubCounty",124817,63897,60915,14218,11.4,7417,11.6,6799,11.2
"390","NAIROBI CITY","LANG'ATA","SubCounty",140541,67437,73099,2094,1.5,1016,1.5,1078,1.5
"391","NAIROBI CITY","MAKADARA","SubCounty",136318,69464,66847,2150,1.6,1195,1.7,955,1.4
"392","NAIROBI CITY","MATHARE","SubCounty",139987,73294,66681,1574,1.1,936,1.3,638,1
"393","NAIROBI CITY","NJIRU","SubCounty",415014,201895,213097,6869,1.7,3417,1.7,3451,1.6
"394","NAIROBI CITY","STAREHE","SubCounty",141916,70400,71508,2380,1.7,1249,1.8,1131,1.6
"395","NAIROBI CITY","WESTLANDS","SubCounty",223879,110953,112914,3748,1.7,1962,1.8,1786,1.6
