"","County","SubCounty","AdminArea","Total","Farming","CropProduction","LivestockProduction","Aquaculture","Fishing","Irrigation"
"1","xxx","KENYA","xxx",12143913,6354211,5555974,4729288,29325,109640,369679
"2","MOMBASA","MOMBASA","County",378422,12497,7218,8749,128,1409,958
"3","MOMBASA","CHANGAMWE","SubCounty",46614,618,230,476,6,62,36
"4","MOMBASA","JOMVU","SubCounty",53472,2418,1168,1810,12,132,209
"5","MOMBASA","KISAUNI","SubCounty",88202,6257,4043,4269,67,492,402
"6","MOMBASA","LIKONI","SubCounty",81191,1863,1136,1282,21,439,143
"7","MOMBASA","MVITA","SubCounty",38995,309,145,209,9,172,32
"8","MOMBASA","NYALI","SubCounty",69948,1032,496,703,13,112,136
"9","KWALE","KWALE","County",173176,108074,100020,72666,220,4452,2438
"10","KWALE","KINANGO","SubCounty",16043,13855,13032,10293,7,39,165
"11","KWALE","LUNGALUNGA","SubCounty",37366,29299,27513,19583,94,1879,744
"12","KWALE","MATUGA","SubCounty",39231,24689,22882,16311,33,478,505
"13","KWALE","MSAMBWENI","SubCounty",45466,14959,12906,9143,51,1254,590
"14","KWALE","SAMBURU-KWALE","SubCounty",35070,25272,23687,17336,35,802,434
"15","KILIFI","KILIFI","County",298472,161188,149334,101983,366,6393,5643
"16","KILIFI","CHONYI","SubCounty",11421,10025,9838,5153,14,30,68
"17","KILIFI","GANZE","SubCounty",23258,20578,19306,15777,41,158,442
"18","KILIFI","KALOLENI","SubCounty",36355,22504,21295,14519,34,54,254
"19","KILIFI","KAUMA","SubCounty",3479,2867,2738,1939,10,60,54
"20","KILIFI","KILIFI NORTH","SubCounty",39512,18690,17085,12011,30,1021,386
"21","KILIFI","KILIFI SOUTH","SubCounty",53074,15114,13485,8570,72,878,466
"22","KILIFI","MAGARINI","SubCounty",33017,25989,24929,15959,75,1884,856
"23","KILIFI","MALINDI","SubCounty",73547,31072,27424,19363,63,2176,2942
"24","KILIFI","RABAI","SubCounty",24809,14349,13234,8692,27,132,175
"25","TANA RIVER","TANA RIVER","County",68242,35094,16723,27046,212,2136,4528
"26","TANA RIVER","TANA DELTA","SubCounty",22791,15128,8697,11305,116,1475,1089
"27","TANA RIVER","TANA NORTH","SubCounty",26886,9397,2803,8021,57,148,1297
"28","TANA RIVER","TANA RIVER","SubCounty",18565,10569,5223,7720,39,513,2142
"29","LAMU","LAMU","County",37963,18678,15196,13448,65,3162,1083
"30","LAMU","LAMU EAST","SubCounty",5090,1831,1279,1202,4,1729,41
"31","LAMU","LAMU WEST","SubCounty",32873,16847,13917,12246,61,1433,1042
"32","TAITA/TAVETA","TAITA/TAVETA","County",96429,56920,48382,43462,275,670,10225
"33","TAITA/TAVETA","MWATATE","SubCounty",23698,16123,14021,12325,50,75,1020
"34","TAITA/TAVETA","TAITA","SubCounty",15094,12139,11254,9162,89,112,1287
"35","TAITA/TAVETA","TAVETA","SubCounty",24115,14591,12053,10851,92,428,7239
"36","TAITA/TAVETA","VOI","SubCounty",33522,14067,11054,11124,44,55,679
"37","GARISSA","GARISSA","County",141394,47645,4406,46154,1981,1411,1817
"38","GARISSA","BALAMBALA","SubCounty",4337,1786,428,1653,144,109,220
"39","GARISSA","DADAAB","SubCounty",35793,9315,410,9128,313,250,86
"40","GARISSA","FAFI","SubCounty",23671,6556,929,6263,326,263,473
"41","GARISSA","GARISSA","SubCounty",30518,3335,1032,2849,128,99,488
"42","GARISSA","HULUGHO","SubCounty",20254,13731,1147,13478,681,448,341
"43","GARISSA","IJARA","SubCounty",18481,8136,413,8021,311,158,191
"44","GARISSA","LAGDERA","SubCounty",8340,4786,47,4762,78,84,18
"45","WAJIR","WAJIR","County",127932,63433,2484,62695,1272,912,638
"46","WAJIR","BUNA","SubCounty",6480,3425,77,3407,37,38,7
"47","WAJIR","ELDAS","SubCounty",13961,6975,513,6776,200,198,114
"48","WAJIR","HABASWEIN","SubCounty",31292,19731,456,19603,381,213,160
"49","WAJIR","TARBAJ","SubCounty",9309,4598,114,4543,103,71,36
"50","WAJIR","WAJIR EAST","SubCounty",18674,3113,193,3039,58,52,51
"51","WAJIR","WAJIR NORTH","SubCounty",10490,5288,495,5214,51,50,163
"52","WAJIR","WAJIR SOUTH","SubCounty",21364,11735,252,11663,225,173,67
"53","WAJIR","WAJIR WEST","SubCounty",16362,8568,384,8450,217,117,40
"54","MANDERA","MANDERA","County",125763,62639,15310,60556,1646,1083,5428
"55","MANDERA","MANDERA WEST","SubCounty",14274,8737,2432,8507,220,149,545
"56","MANDERA","BANISA","SubCounty",24285,14983,5661,14496,399,248,1310
"57","MANDERA","KOTULO","SubCounty",9446,6881,267,6826,92,87,55
"58","MANDERA","LAFEY","SubCounty",11597,7352,418,7240,146,99,82
"59","MANDERA","MANDERA CENTRAL","SubCounty",21140,8042,395,7954,337,197,131
"60","MANDERA","MANDERA EAST","SubCounty",25904,7078,2730,6540,194,119,1692
"61","MANDERA","MANDERA NORTH","SubCounty",19117,9566,3407,8993,258,184,1613
"62","MARSABIT","MARSABIT","County",77495,39167,2655,38342,163,1295,160
"63","MARSABIT","LOIYANGALANI","SubCounty",7774,4891,70,4886,9,499,4
"64","MARSABIT","MARSABIT CENTRAL","SubCounty",15849,4727,1974,4059,14,27,96
"65","MARSABIT","MARSABIT NORTH","SubCounty",7521,6193,108,6190,7,28,2
"66","MARSABIT","MARSABIT SOUTH","SubCounty",11615,8620,50,8602,19,87,5
"67","MARSABIT","MOYALE","SubCounty",17709,3823,202,3747,7,27,13
"68","MARSABIT","NORTH HORR","SubCounty",9789,7259,18,7238,53,603,5
"69","MARSABIT","SOLOLO","SubCounty",7238,3654,233,3620,54,24,35
"70","ISIOLO","ISIOLO","County",58072,24271,2780,23348,80,209,1322
"71","ISIOLO","GARBATULLA","SubCounty",18661,9264,1016,8990,47,75,582
"72","ISIOLO","ISIOLO","SubCounty",29853,8600,1485,7989,12,55,649
"73","ISIOLO","MERTI","SubCounty",9558,6407,279,6369,21,79,91
"74","MERU","MERU","County",426360,274865,250493,201036,1089,1666,51587
"75","MERU","BUURI EAST","SubCounty",23834,18061,16507,14523,56,91,2853
"76","MERU","BUURI WEST","SubCounty",27973,14939,13701,10656,67,83,4742
"77","MERU","IGEMBE CENTRAL","SubCounty",52031,31946,28457,21839,77,147,1943
"78","MERU","IGEMBE NORTH","SubCounty",38871,22743,20589,14190,78,104,345
"79","MERU","IGEMBE SOUTH","SubCounty",43281,21483,19032,13575,88,130,3346
"80","MERU","IMENTI NORTH","SubCounty",57668,27839,24773,20376,115,185,5461
"81","MERU","IMENTI SOUTH","SubCounty",64186,46386,43765,35690,273,416,18096
"82","MERU","MERU CENTRAL","SubCounty",39595,31894,30166,25068,124,236,9992
"83","MERU","TIGANIA CENTRAL","SubCounty",25039,18982,17222,14249,76,100,2332
"84","MERU","TIGANIA EAST","SubCounty",17185,12186,10416,8860,41,52,749
"85","MERU","TIGANIA WEST","SubCounty",36207,28224,25691,21927,93,122,1714
"86","MERU","MERU NATIONAL PARK","SubCounty",207,3,3,NA,NA,NA,NA
"87","MERU","MT. KENYA FOREST","SubCounty",283,179,171,83,1,NA,14
"88","THARAKA-NITHI","THARAKA-NITHI","County",109860,85767,79228,67964,304,786,7766
"89","THARAKA-NITHI","IGAMBANG'OMBE","SubCounty",14398,12254,11495,9640,50,159,999
"90","THARAKA-NITHI","MAARA","SubCounty",35041,27526,25577,22505,101,228,4625
"91","THARAKA-NITHI","MERU SOUTH","SubCounty",28249,19251,17733,15519,80,139,1138
"92","THARAKA-NITHI","THARAKA NORTH","SubCounty",13413,11402,10623,8381,32,63,236
"93","THARAKA-NITHI","THARAKA SOUTH","SubCounty",18646,15330,13798,11917,41,196,766
"94","THARAKA-NITHI","MT. KENYA FOREST","SubCounty",113,4,2,2,NA,1,2
"95","EMBU","EMBU","County",182743,130990,123265,98446,579,1633,11873
"96","EMBU","EMBU EAST","SubCounty",39678,31674,29995,23924,160,234,2595
"97","EMBU","EMBU NORTH","SubCounty",24300,18854,17797,13718,90,176,2234
"98","EMBU","EMBU WEST","SubCounty",43153,21166,19386,14566,151,220,2231
"99","EMBU","MBEERE SOUTH","SubCounty",46065,35511,33684,27304,93,705,2930
"100","EMBU","MBEERE NORTH","SubCounty",29528,23785,22403,18934,85,298,1883
"101","EMBU","MT. KENYA FOREST","SubCounty",19,NA,NA,NA,NA,NA,NA
"102","KITUI","KITUI","County",262942,215322,199459,177701,570,863,6716
"103","KITUI","IKUTHA","SubCounty",16679,14236,12055,12419,29,62,582
"104","KITUI","KATULANI","SubCounty",12170,10717,10312,8313,29,39,327
"105","KITUI","KISASI","SubCounty",10866,9797,9618,7756,15,28,221
"106","KITUI","KITUI CENTRAL","SubCounty",29057,17146,16227,11892,47,73,484
"107","KITUI","KITUI WEST","SubCounty",17497,15208,14688,12411,21,52,262
"108","KITUI","KYUSO","SubCounty",15993,14021,12646,12287,37,65,500
"109","KITUI","LOWER YATTA","SubCounty",15454,12281,11395,10349,76,78,618
"110","KITUI","MATINYANI","SubCounty",11513,10531,10247,8314,17,27,376
"111","KITUI","MIGWANI","SubCounty",19096,17012,16281,14237,27,66,326
"112","KITUI","MUMONI","SubCounty",6496,5646,5185,4876,12,27,126
"113","KITUI","MUTITU","SubCounty",11521,9766,8461,8551,39,44,348
"114","KITUI","MUTITU NORTH","SubCounty",4929,4303,3966,3668,12,12,92
"115","KITUI","MUTOMO","SubCounty",23044,19832,18506,16780,54,60,652
"116","KITUI","MWINGI CENTRAL","SubCounty",26753,19371,17344,16408,60,61,793
"117","KITUI","MWINGI EAST","SubCounty",18730,15945,14231,13810,27,55,350
"118","KITUI","NZAMBANI","SubCounty",11276,9189,8728,6611,13,42,394
"119","KITUI","THAGICU","SubCounty",3289,2968,2620,2723,4,30,51
"120","KITUI","TSEIKURU","SubCounty",8579,7353,6949,6296,51,42,214
"121","MACHAKOS","MACHAKOS","County",402466,231341,217073,176746,564,1834,16642
"122","MACHAKOS","ATHI RIVER","SubCounty",109735,13071,9680,9681,63,131,1751
"123","MACHAKOS","KALAMA","SubCounty",14182,11334,10682,8859,33,93,422
"124","MACHAKOS","KANGUNDO","SubCounty",26142,23045,22600,16919,33,103,1196
"125","MACHAKOS","KATHIANI","SubCounty",28730,24578,23760,17370,29,119,2968
"126","MACHAKOS","MACHAKOS","SubCounty",50979,26753,25084,18067,41,142,1693
"127","MACHAKOS","MASINGA","SubCounty",36251,30328,28120,25112,126,375,1314
"128","MACHAKOS","MATUNGULU","SubCounty",44454,29763,27638,21307,76,311,2590
"129","MACHAKOS","MWALA","SubCounty",45840,39928,38921,32795,77,243,1609
"130","MACHAKOS","YATTA","SubCounty",46153,32541,30588,26636,86,317,3099
"131","MAKUENI","MAKUENI","County",244669,193531,180639,157946,394,908,15313
"132","MAKUENI","KATHONZWENI","SubCounty",18365,15666,14130,13978,24,60,703
"133","MAKUENI","KIBWEZI","SubCounty",47912,33820,29084,27645,77,166,2036
"134","MAKUENI","KILUNGU","SubCounty",14586,12881,12457,10182,26,71,1659
"135","MAKUENI","MAKINDU","SubCounty",21756,14334,12115,11710,28,151,984
"136","MAKUENI","MAKUENI","SubCounty",34479,26021,25179,20749,84,106,2125
"137","MAKUENI","MBOONI EAST","SubCounty",23734,21461,20939,17985,32,123,1183
"138","MAKUENI","MBOONI WEST","SubCounty",24833,22069,21464,16721,30,57,3248
"139","MAKUENI","MUKAA","SubCounty",28185,22133,21171,18432,36,70,1026
"140","MAKUENI","NZAUI","SubCounty",30819,25146,24100,20544,57,104,2349
"141","NYANDARUA","NYANDARUA","County",179686,140854,135148,110337,250,603,4218
"142","NYANDARUA","KINANGOP","SubCounty",30970,23636,22292,18291,28,50,502
"143","NYANDARUA","NYANDARUA SOUTH","SubCounty",25822,20400,19621,16405,23,83,196
"144","NYANDARUA","MIRANGINE","SubCounty",18816,14488,14078,11271,30,43,237
"145","NYANDARUA","KIPIPIRI","SubCounty",25200,21702,20973,17349,38,93,1302
"146","NYANDARUA","NYANDARUA CENTRAL","SubCounty",21942,16111,15535,12171,36,83,185
"147","NYANDARUA","NYANDARUA WEST","SubCounty",29008,21047,20060,16014,26,100,319
"148","NYANDARUA","NYANDARUA NORTH","SubCounty",27917,23468,22587,18834,69,151,1477
"149","NYANDARUA","ABERDARE NATIONAL PARK","SubCounty",11,2,2,2,NA,NA,NA
"150","NYERI","NYERI","County",248050,164229,154421,122979,760,1264,23545
"151","NYERI","TETU","SubCounty",24139,20387,19625,15595,101,155,739
"152","NYERI","KIENI EAST","SubCounty",36835,23138,21124,17802,170,185,9435
"153","NYERI","KIENI WEST","SubCounty",27619,21942,20488,17108,63,106,3417
"154","NYERI","MATHIRA EAST","SubCounty",35044,20473,19174,14460,66,123,4003
"155","NYERI","MATHIRA WEST","SubCounty",19020,15919,15242,11854,75,139,2272
"156","NYERI","NYERI SOUTH","SubCounty",28228,21243,20337,15458,92,222,1012
"157","NYERI","MUKURWE-INI","SubCounty",27040,22973,22075,18730,113,200,1352
"158","NYERI","NYERI CENTRAL","SubCounty",49945,18108,16311,11956,80,134,1311
"159","NYERI","MT. KENYA FOREST","SubCounty",101,44,43,15,NA,NA,2
"160","NYERI","ABERDARE FOREST","SubCounty",79,2,2,1,NA,NA,2
"161","KIRINYAGA","KIRINYAGA","County",204188,139866,130577,97394,702,1796,42309
"162","KIRINYAGA","KIRINYAGA CENTRAL","SubCounty",40225,27890,25884,19963,154,235,5645
"163","KIRINYAGA","KIRINYAGA EAST","SubCounty",44571,36150,34695,26424,184,388,7495
"164","KIRINYAGA","KIRINYAGA WEST","SubCounty",38309,27280,25922,19503,195,484,5012
"165","KIRINYAGA","MWEA EAST","SubCounty",46340,25729,23390,16853,108,363,12563
"166","KIRINYAGA","MWEA WEST","SubCounty",34720,22809,20680,14647,61,326,11594
"167","KIRINYAGA","MT. KENYA FOREST","SubCounty",23,8,6,4,NA,NA,NA
"168","MURANG'A","MURANG'A","County",318105,231400,219973,175123,450,1345,11205
"169","MURANG'A","MURANG'A EAST","SubCounty",34734,21474,20308,16339,58,211,1310
"170","MURANG'A","KANGEMA","SubCounty",25293,20585,19897,15788,35,84,501
"171","MURANG'A","MATHIOYA","SubCounty",28400,23395,22656,18202,43,128,902
"172","MURANG'A","KAHURO","SubCounty",26930,23127,22332,18940,44,103,789
"173","MURANG'A","MURANG'A SOUTH","SubCounty",55998,37654,35260,27467,79,283,2952
"174","MURANG'A","GATANGA","SubCounty",55461,35429,32990,25793,74,234,1791
"175","MURANG'A","KIGUMO","SubCounty",40552,31110,29917,23808,63,119,936
"176","MURANG'A","KANDARA","SubCounty",50704,38624,36611,28785,54,183,2024
"177","MURANG'A","ABERDARE FOREST","SubCounty",33,2,2,1,NA,NA,NA
"178","KIAMBU","KIAMBU","County",795241,214052,177419,147137,417,1317,14835
"179","KIAMBU","GATUNDU NORTH","SubCounty",31472,21532,19457,15368,23,75,716
"180","KIAMBU","GATUNDU SOUTH","SubCounty",35609,25074,23552,17818,62,146,740
"181","KIAMBU","GITHUNGURI","SubCounty",49426,29745,26504,21117,31,113,1734
"182","KIAMBU","JUJA","SubCounty",104301,15859,9564,11395,50,192,1658
"183","KIAMBU","KABETE","SubCounty",66710,15713,11756,10463,32,66,2681
"184","KIAMBU","KIAMBAA","SubCounty",80332,13339,10223,8350,18,68,909
"185","KIAMBU","KIAMBU","SubCounty",47275,10505,7831,6907,28,80,728
"186","KIAMBU","KIKUYU","SubCounty",60686,17693,14832,11772,26,70,876
"187","KIAMBU","LARI","SubCounty",38592,25602,23860,18031,40,72,1219
"188","KIAMBU","LIMURU","SubCounty",49174,19202,16888,12561,25,69,1003
"189","KIAMBU","RUIRU","SubCounty",129470,8590,5013,5960,37,105,1003
"190","KIAMBU","THIKA EAST","SubCounty",12736,4700,3739,3340,17,125,863
"191","KIAMBU","THIKA WEST","SubCounty",89458,6498,4200,4055,28,136,705
"192","TURKANA","TURKANA","County",164519,61209,14240,56643,398,4522,4968
"193","TURKANA","KIBISH","SubCounty",5805,3955,148,3896,18,20,64
"194","TURKANA","LOIMA","SubCounty",19438,9743,2584,9157,63,91,1072
"195","TURKANA","TURKANA CENTRAL","SubCounty",38173,11229,2646,10671,120,2659,743
"196","TURKANA","TURKANA EAST","SubCounty",17981,9618,2845,8759,54,69,1497
"197","TURKANA","TURKANA NORTH","SubCounty",13119,6956,161,6931,53,1576,45
"198","TURKANA","TURKANA SOUTH","SubCounty",24552,10257,2979,8703,39,63,1196
"199","TURKANA","TURKANA WEST","SubCounty",45451,9451,2877,8526,51,44,351
"200","WEST POKOT","WEST POKOT","County",116182,89828,80186,78534,620,397,8095
"201","WEST POKOT","KIPKOMO","SubCounty",18370,14921,13998,13129,68,70,2577
"202","WEST POKOT","POKOT CENTRAL","SubCounty",21850,17573,14219,15106,61,72,3257
"203","WEST POKOT","POKOT NORTH","SubCounty",25804,20563,17933,18947,164,87,341
"204","WEST POKOT","POKOT SOUTH","SubCounty",13817,12241,11709,11091,68,31,1085
"205","WEST POKOT","WEST POKOT","SubCounty",36341,24530,22327,20261,259,137,835
"206","SAMBURU","SAMBURU","County",65910,43149,13814,41097,172,278,465
"207","SAMBURU","SAMBURU CENTRAL","SubCounty",34202,22176,13217,20248,94,119,355
"208","SAMBURU","SAMBURU EAST","SubCounty",18424,11460,222,11430,23,77,14
"209","SAMBURU","SAMBURU NORTH","SubCounty",13284,9513,375,9419,55,82,96
"210","TRANS NZOIA","TRANS NZOIA","County",223808,140249,129945,96811,713,770,5153
"211","TRANS NZOIA","TRANS NZOIA WEST","SubCounty",47603,23540,21654,16142,108,123,983
"212","TRANS NZOIA","TRANS NZOIA EAST","SubCounty",50017,36921,34999,26385,198,189,1106
"213","TRANS NZOIA","KWANZA","SubCounty",45752,28502,26223,18991,170,174,877
"214","TRANS NZOIA","ENDEBESS","SubCounty",23705,16775,15624,11952,38,43,1189
"215","TRANS NZOIA","KIMININI","SubCounty",56731,34511,31445,23341,199,241,998
"216","UASIN GISHU","UASIN GISHU","County",304943,141547,132009,104671,524,708,5141
"217","UASIN GISHU","AINABKOI","SubCounty",34892,17845,16705,13513,69,88,640
"218","UASIN GISHU","KAPSERET","SubCounty",59746,16891,14835,11835,65,100,611
"219","UASIN GISHU","KESSES","SubCounty",34653,24309,23307,18175,55,84,640
"220","UASIN GISHU","MOIBEN","SubCounty",46729,22915,21714,17708,117,105,1266
"221","UASIN GISHU","SOY","SubCounty",53784,33352,31494,24693,100,153,1093
"222","UASIN GISHU","TURBO","SubCounty",75139,26235,23954,18747,118,178,891
"223","ELGEYO/MARAKWET","ELGEYO/MARAKWET","County",99861,74881,71084,54322,280,340,8383
"224","ELGEYO/MARAKWET","KEIYO NORTH","SubCounty",21947,15190,14339,10582,29,58,809
"225","ELGEYO/MARAKWET","KEIYO SOUTH","SubCounty",27029,21518,20441,16550,113,115,1074
"226","ELGEYO/MARAKWET","MARAKWET EAST","SubCounty",21362,15779,14723,11044,36,69,4250
"227","ELGEYO/MARAKWET","MARAKWET WEST","SubCounty",29523,22394,21581,16146,102,98,2250
"228","NANDI","NANDI","County",199426,148887,143017,111347,824,1034,3777
"229","NANDI","CHESUMEI","SubCounty",39051,26835,25504,20274,124,155,557
"230","NANDI","NANDI CENTRAL","SubCounty",34400,23951,22841,17343,125,168,516
"231","NANDI","NANDI EAST","SubCounty",29253,16777,16093,11896,91,108,738
"232","NANDI","NANDI NORTH","SubCounty",35297,30073,29010,23728,171,264,1080
"233","NANDI","NANDI SOUTH","SubCounty",37094,31054,29829,23740,231,219,420
"234","NANDI","TINDERET","SubCounty",24331,20197,19740,14366,82,120,466
"235","BARINGO","BARINGO","County",142518,100465,84426,80426,511,841,7165
"236","BARINGO","BARINGO CENTRAL","SubCounty",23555,15137,14047,10403,41,75,354
"237","BARINGO","BARINGO NORTH","SubCounty",23500,18409,16685,13946,24,109,377
"238","BARINGO","EAST POKOT","SubCounty",14498,9565,4056,9232,153,87,330
"239","BARINGO","KOIBATEK","SubCounty",30774,21544,20417,16043,48,119,355
"240","BARINGO","MARIGAT","SubCounty",19854,13596,11608,10954,64,221,4956
"241","BARINGO","MOGOTIO","SubCounty",18184,13607,11962,11756,51,101,537
"242","BARINGO","TIATY EAST","SubCounty",12153,8607,5651,8092,130,129,256
"243","LAIKIPIA","LAIKIPIA","County",149271,90729,74338,68281,374,483,9170
"244","LAIKIPIA","LAIKIPIA CENTRAL","SubCounty",30372,18787,16085,15611,129,130,3011
"245","LAIKIPIA","LAIKIPIA EAST","SubCounty",33505,13192,9656,10137,141,114,1233
"246","LAIKIPIA","LAIKIPIA NORTH","SubCounty",7752,5898,455,5809,8,36,69
"247","LAIKIPIA","LAIKIPIA WEST","SubCounty",33025,24338,20900,17462,38,107,2214
"248","LAIKIPIA","NYAHURURU","SubCounty",44617,28514,27242,19262,58,96,2643
"249","NAKURU","NAKURU","County",616046,283652,261001,191468,565,2494,7942
"250","NAKURU","GILGIL","SubCounty",58920,27273,24669,18806,47,113,787
"251","NAKURU","KURESOI NORTH","SubCounty",40359,33190,32215,22889,73,80,298
"252","NAKURU","KURESOI SOUTH","SubCounty",34627,28030,27142,21651,54,57,197
"253","NAKURU","MOLO","SubCounty",41462,26641,25114,16948,26,58,331
"254","NAKURU","NAIVASHA","SubCounty",117633,33061,27272,22748,65,1624,1121
"255","NAKURU","NAKURU EAST","SubCounty",61398,8876,6853,4762,34,46,404
"256","NAKURU","NAKURU NORTH","SubCounty",61728,28990,26248,18581,54,110,750
"257","NAKURU","NAKURU WEST","SubCounty",64481,8752,7369,4490,20,59,304
"258","NAKURU","NJORO","SubCounty",61271,41771,39826,27775,69,152,514
"259","NAKURU","RONGAI","SubCounty",52348,29568,27400,20521,73,115,1152
"260","NAKURU","SUBUKIA","SubCounty",21819,17500,16893,12297,50,80,2084
"261","NAROK","NAROK","County",241125,181706,150426,150415,687,848,6948
"262","NAROK","NAROK EAST","SubCounty",25078,19206,16634,14591,122,72,761
"263","NAROK","NAROK NORTH","SubCounty",59996,35447,32841,26307,154,161,1128
"264","NAROK","NAROK SOUTH","SubCounty",46723,40248,34075,35078,143,178,3955
"265","NAROK","NAROK WEST","SubCounty",38658,30259,16671,27534,95,166,475
"266","NAROK","TRANS MARA EAST","SubCounty",20506,18907,18117,16205,79,83,205
"267","NAROK","TRANS MARA WEST","SubCounty",50132,37639,32088,30700,94,188,424
"268","NAROK","MAU FOREST","SubCounty",32,NA,NA,NA,NA,NA,NA
"269","KAJIADO","KAJIADO","County",316179,97565,45954,82157,437,657,12207
"270","KAJIADO","ISINYA","SubCounty",71579,6584,3482,5311,81,68,1000
"271","KAJIADO","KAJIADO CENTRAL","SubCounty",37238,19641,5346,18918,74,96,761
"272","KAJIADO","KAJIADO NORTH","SubCounty",101378,10726,7261,7423,52,78,1082
"273","KAJIADO","KAJIADO WEST","SubCounty",42774,23089,6384,21088,124,223,1490
"274","KAJIADO","LOITOKITOK","SubCounty",47058,29501,20249,22110,84,146,7400
"275","KAJIADO","MASHUURU","SubCounty",16152,8024,3232,7307,22,46,474
"276","KERICHO","KERICHO","County",206036,150845,145850,112740,429,686,2466
"277","KERICHO","BELGUT","SubCounty",35012,23573,22663,16630,47,67,329
"278","KERICHO","BURETI","SubCounty",43117,33285,31838,25570,96,131,392
"279","KERICHO","KERICHO EAST","SubCounty",44246,23273,22152,16785,69,130,384
"280","KERICHO","KIPKELION","SubCounty",24688,22836,22555,17580,84,154,649
"281","KERICHO","LONDIANI","SubCounty",31778,25049,24405,18306,52,89,371
"282","KERICHO","SOIN SIGOWET","SubCounty",27195,22829,22237,17869,81,115,341
"283","BOMET","BOMET","County",187641,152564,146327,127375,379,866,1990
"284","BOMET","BOMET EAST","SubCounty",29958,26472,25650,22463,58,110,428
"285","BOMET","CHEPALUNGU","SubCounty",33931,31910,30692,28939,71,217,728
"286","BOMET","KONOIN","SubCounty",38178,23845,22535,17669,75,102,170
"287","BOMET","SOTIK","SubCounty",47315,40497,38952,34567,117,277,346
"288","BOMET","BOMET CENTRAL","SubCounty",38259,29840,28498,23737,58,160,318
"289","KAKAMEGA","KAKAMEGA","County",433207,335269,321945,235264,2223,3184,4970
"290","KAKAMEGA","BUTERE","SubCounty",36243,29189,27903,20417,145,210,300
"291","KAKAMEGA","KAKAMEGA CENTRAL","SubCounty",52015,25461,23676,17213,223,296,445
"292","KAKAMEGA","KAKAMEGA EAST","SubCounty",39589,31632,30118,23191,178,247,471
"293","KAKAMEGA","KAKAMEGA NORTH","SubCounty",51083,43441,42088,31925,322,466,679
"294","KAKAMEGA","KAKAMEGA SOUTH","SubCounty",26964,22218,21217,16176,74,144,218
"295","KAKAMEGA","KHWISERO","SubCounty",27681,23443,22413,16873,134,157,341
"296","KAKAMEGA","LIKUYANI","SubCounty",35322,24849,23590,15518,192,173,659
"297","KAKAMEGA","LUGARI","SubCounty",27862,23281,22598,16655,114,143,366
"298","KAKAMEGA","MATETE","SubCounty",13956,11488,11178,7614,58,140,151
"299","KAKAMEGA","MATUNGU","SubCounty",36457,30321,29385,20844,269,257,440
"300","KAKAMEGA","MUMIAS EAST","SubCounty",26049,21549,20864,15423,156,278,385
"301","KAKAMEGA","MUMIAS WEST","SubCounty",27671,19375,18603,12604,114,177,215
"302","KAKAMEGA","NAVAKHOLO","SubCounty",32315,29022,28312,20811,244,496,300
"303","VIHIGA","VIHIGA","County",143365,113753,108522,84158,493,625,1512
"304","VIHIGA","EMUHAYA","SubCounty",23804,20210,19319,15249,105,108,256
"305","VIHIGA","VIHIGA","SubCounty",23375,18652,17927,14385,87,98,244
"306","VIHIGA","SABATIA","SubCounty",31422,25789,24892,19441,81,134,329
"307","VIHIGA","LUANDA","SubCounty",26766,20058,18984,14155,78,132,340
"308","VIHIGA","HAMISI","SubCounty",37986,29042,27398,20928,142,153,343
"309","VIHIGA","KAKAMEGA FOREST","SubCounty",12,2,2,NA,NA,NA,NA
"310","BUNGOMA","BUNGOMA","County",358796,280445,269979,197318,1530,1944,6310
"311","BUNGOMA","BUMULA","SubCounty",44954,39540,38672,28094,290,240,488
"312","BUNGOMA","BUNGOMA CENTRAL","SubCounty",37803,31835,30921,23232,153,230,738
"313","BUNGOMA","BUNGOMA EAST","SubCounty",24873,19688,18959,13687,74,171,442
"314","BUNGOMA","BUNGOMA NORTH","SubCounty",24998,20848,20059,14982,118,184,386
"315","BUNGOMA","BUNGOMA SOUTH","SubCounty",69151,41443,39568,27199,266,285,812
"316","BUNGOMA","CHEPTAIS","SubCounty",26326,22457,21804,15645,139,120,1155
"317","BUNGOMA","KIMILILI","SubCounty",35263,25205,24062,16303,131,176,767
"318","BUNGOMA","MT. ELGON","SubCounty",15276,12376,11738,9328,49,56,392
"319","BUNGOMA","BUNGOMA WEST","SubCounty",25172,22145,21615,16244,102,97,320
"320","BUNGOMA","TONGAREN","SubCounty",21343,17578,16842,12415,88,131,299
"321","BUNGOMA","WEBUYE WEST","SubCounty",32839,26624,25732,19484,120,249,511
"322","BUNGOMA","MT. ELGON FOREST","SubCounty",798,706,7,705,NA,5,NA
"323","BUSIA","BUSIA","County",198152,148257,140668,105208,547,6139,2888
"324","BUSIA","BUNYALA","SubCounty",19039,12676,10930,8488,65,4238,1072
"325","BUSIA","BUSIA","SubCounty",33160,19412,18083,13445,80,122,357
"326","BUSIA","BUTULA","SubCounty",32213,26650,25677,18428,72,163,332
"327","BUSIA","NAMBALE","SubCounty",23892,19743,19023,14208,82,111,222
"328","BUSIA","SAMIA","SubCounty",23884,19701,18636,13616,86,1274,305
"329","BUSIA","TESO NORTH","SubCounty",29395,23180,22404,17557,79,103,300
"330","BUSIA","TESO SOUTH","SubCounty",36569,26895,25915,19466,83,128,300
"331","SIAYA","SIAYA","County",250698,194362,184964,129156,828,12741,4389
"332","SIAYA","SIAYA","SubCounty",57553,44532,42203,29987,133,685,1134
"333","SIAYA","GEM","SubCounty",44884,38224,36970,25866,146,288,517
"334","SIAYA","UGENYA","SubCounty",33565,27847,26882,17066,56,178,347
"335","SIAYA","UGUNJA","SubCounty",26328,21054,20236,14193,62,167,305
"336","SIAYA","BONDO","SubCounty",51362,32920,30285,22176,321,7604,1042
"337","SIAYA","RARIEDA","SubCounty",37006,29785,28388,19868,110,3819,1044
"338","KISUMU","KISUMU","County",300745,147117,133391,99284,783,6084,9692
"339","KISUMU","KISUMU EAST","SubCounty",61871,16348,13516,10354,119,235,875
"340","KISUMU","KISUMU CENTRAL","SubCounty",52331,4157,2541,2769,47,289,451
"341","KISUMU","KISUMU WEST","SubCounty",45933,23207,21018,15276,99,1009,538
"342","KISUMU","SEME","SubCounty",29404,24014,22896,16524,91,1634,459
"343","KISUMU","MUHORONI","SubCounty",37193,26368,25070,16932,141,384,2284
"344","KISUMU","NYANDO","SubCounty",38460,26570,24012,18947,162,1613,4150
"345","KISUMU","NYAKACH","SubCounty",35553,26453,24338,18482,124,920,935
"346","HOMA BAY","HOMA BAY","County",262036,193812,184367,127914,1056,17770,5214
"347","HOMA BAY","HOMA BAY","SubCounty",29318,16401,15287,10763,68,499,712
"348","HOMA BAY","NDHIWA","SubCounty",48062,40976,40095,26414,217,439,559
"349","HOMA BAY","RACHUONYO NORTH","SubCounty",41809,32414,30579,22122,153,3824,1325
"350","HOMA BAY","RACHUONYO EAST","SubCounty",27319,23388,22723,16064,120,186,247
"351","HOMA BAY","RACHUONYO SOUTH","SubCounty",30990,23419,22592,15379,124,149,336
"352","HOMA BAY","RANGWE","SubCounty",27003,22145,21456,14437,112,461,763
"353","HOMA BAY","SUBA NORTH","SubCounty",29766,17645,15729,11588,137,7173,865
"354","HOMA BAY","SUBA SOUTH","SubCounty",27769,17424,15906,11147,125,5039,407
"355","MIGORI","MIGORI","County",240168,169958,160703,112935,915,6807,2995
"356","MIGORI","AWENDO","SubCounty",27033,20101,19364,11848,108,176,233
"357","MIGORI","KURIA EAST","SubCounty",17363,14610,14100,10685,120,84,238
"358","MIGORI","KURIA WEST","SubCounty",39781,28212,27060,19541,192,208,337
"359","MIGORI","NYATIKE","SubCounty",40257,26354,22692,19465,116,5723,1203
"360","MIGORI","RONGO","SubCounty",29087,19910,19175,12145,111,160,206
"361","MIGORI","SUNA EAST","SubCounty",27302,18705,17871,12410,78,134,203
"362","MIGORI","SUNA WEST","SubCounty",29251,17050,16192,10316,66,151,238
"363","MIGORI","URIRI","SubCounty",30094,25016,24249,16525,124,171,337
"364","KISII","KISII","County",308054,219853,207400,148742,810,1069,2972
"365","KISII","ETAGO","SubCounty",18610,15099,14505,9980,65,78,155
"366","KISII","GUCHA","SubCounty",19657,15067,14317,10023,51,103,143
"367","KISII","GUCHA SOUTH","SubCounty",19732,15386,14658,10301,88,59,189
"368","KISII","KENYENYA","SubCounty",30989,23613,22334,15551,87,95,209
"369","KISII","KISII CENTRAL","SubCounty",44311,24658,22477,17143,110,148,330
"370","KISII","KISII SOUTH","SubCounty",31696,22532,21174,14010,71,159,413
"371","KISII","KITUTU CENTRAL","SubCounty",41271,20197,18387,12935,70,79,277
"372","KISII","MARANI","SubCounty",26186,21857,20937,15460,82,102,203
"373","KISII","MASABA SOUTH","SubCounty",29232,23932,22694,18011,31,82,341
"374","KISII","NYAMACHE","SubCounty",30712,24952,23930,16774,93,103,582
"375","KISII","SAMETA","SubCounty",15658,12560,11987,8554,62,61,130
"376","NYAMIRA","NYAMIRA","County",150669,110028,102856,78946,461,509,1275
"377","NYAMIRA","BORABU","SubCounty",19468,10890,9747,8312,88,75,152
"378","NYAMIRA","MANGA","SubCounty",23869,18096,16868,13024,78,92,269
"379","NYAMIRA","MASABA NORTH","SubCounty",27913,20678,19241,15031,82,93,238
"380","NYAMIRA","NYAMIRA NORTH","SubCounty",40446,31900,30306,22157,87,131,300
"381","NYAMIRA","NYAMIRA SOUTH","SubCounty",38973,28464,26694,20422,126,118,316
"382","NAIROBI CITY","NAIROBI CITY","County",1506888,32258,16359,22818,279,697,3343
"383","NAIROBI CITY","DAGORETTI","SubCounty",155089,5691,3298,3818,29,81,577
"384","NAIROBI CITY","EMBAKASI","SubCounty",347955,3224,1361,2344,36,122,315
"385","NAIROBI CITY","KAMUKUNJI","SubCounty",84365,459,208,313,10,27,56
"386","NAIROBI CITY","KASARANI","SubCounty",271290,6136,3349,4044,53,125,707
"387","NAIROBI CITY","KIBRA","SubCounty",61690,737,334,522,9,41,71
"388","NAIROBI CITY","LANG'ATA","SubCounty",62239,1712,1099,1012,35,50,258
"389","NAIROBI CITY","MAKADARA","SubCounty",70361,639,199,503,4,14,45
"390","NAIROBI CITY","MATHARE","SubCounty",74967,735,298,560,6,28,62
"391","NAIROBI CITY","NJIRU","SubCounty",204563,10642,4642,8484,46,117,886
"392","NAIROBI CITY","STAREHE","SubCounty",69389,483,279,316,14,22,63
"393","NAIROBI CITY","WESTLANDS","SubCounty",104980,1800,1292,902,37,70,303
