"","County","SubCounty","AdminArea","LandSize","LandSize_Subsistence","LandSize_Commercial","No.FHS","No.FHS_Subsistence","No.FHS_Commercial"
"1","xxx","KENYA","xxx",10032857,8432133,961501,6354211,5637450,506687
"2","MOMBASA","MOMBASA","County",10713,7938,1778,12497,9830,2062
"3","MOMBASA","CHANGAMWE","SubCounty",291,206,77,618,454,132
"4","MOMBASA","JOMVU","SubCounty",1628,1269,322,2418,1811,496
"5","MOMBASA","KISAUNI","SubCounty",5613,4181,578,6257,5198,762
"6","MOMBASA","LIKONI","SubCounty",1767,1379,350,1863,1441,334
"7","MOMBASA","MVITA","SubCounty",442,245,163,309,199,81
"8","MOMBASA","NYALI","SubCounty",973,658,288,1032,727,257
"9","KWALE","KWALE","County",304761,295623,6952,108074,103612,2525
"10","KWALE","KINANGO","SubCounty",85154,83483,1379,13855,13631,98
"11","KWALE","LUNGALUNGA","SubCounty",67716,65496,1478,29299,28197,505
"12","KWALE","MATUGA","SubCounty",66983,65402,1245,24689,23737,536
"13","KWALE","MSAMBWENI","SubCounty",23695,21250,2028,14959,13474,1011
"14","KWALE","SAMBURU-KWALE","SubCounty",61215,59992,823,25272,24573,375
"15","KILIFI","KILIFI","County",227776,209112,9122,161188,154803,4076
"16","KILIFI","CHONYI","SubCounty",8682,8589,78,10025,9936,47
"17","KILIFI","GANZE","SubCounty",39156,38178,768,20578,20163,253
"18","KILIFI","KALOLENI","SubCounty",28507,27898,412,22504,22019,203
"19","KILIFI","KAUMA","SubCounty",3089,3032,26,2867,2801,20
"20","KILIFI","KILIFI NORTH","SubCounty",18127,17046,920,18690,17755,619
"21","KILIFI","KILIFI SOUTH","SubCounty",15613,14209,1275,15114,14116,747
"22","KILIFI","MAGARINI","SubCounty",40657,38691,1719,25989,25259,458
"23","KILIFI","MALINDI","SubCounty",61277,49297,3519,31072,28895,1499
"24","KILIFI","RABAI","SubCounty",12668,12172,405,14349,13859,230
"25","TANA RIVER","TANA RIVER","County",81049,52664,9489,35094,26341,3026
"26","TANA RIVER","TANA DELTA","SubCounty",42685,23781,2793,15128,11569,1244
"27","TANA RIVER","TANA NORTH","SubCounty",12552,9027,1304,9397,6085,891
"28","TANA RIVER","TANA RIVER","SubCounty",25812,19856,5392,10569,8687,891
"29","LAMU","LAMU","County",42542,33585,4009,18678,15431,1901
"30","LAMU","LAMU EAST","SubCounty",3206,2803,335,1831,1450,131
"31","LAMU","LAMU WEST","SubCounty",39336,30782,3674,16847,13981,1770
"32","TAITA/TAVETA","TAITA/TAVETA","County",125193,105987,17985,56920,49969,5481
"33","TAITA/TAVETA","MWATATE","SubCounty",30878,29709,923,16123,15172,639
"34","TAITA/TAVETA","TAITA","SubCounty",25390,15108,10052,12139,11195,829
"35","TAITA/TAVETA","TAVETA","SubCounty",45596,39836,5406,14591,10798,3165
"36","TAITA/TAVETA","VOI","SubCounty",23328,21335,1603,14067,12804,848
"37","GARISSA","GARISSA","County",151460,76172,9779,47645,23980,2751
"38","GARISSA","BALAMBALA","SubCounty",11535,4343,1494,1786,1212,158
"39","GARISSA","DADAAB","SubCounty",16843,7946,617,9315,3021,114
"40","GARISSA","FAFI","SubCounty",30933,12426,2022,6556,2520,694
"41","GARISSA","GARISSA","SubCounty",21651,9754,2458,3335,1815,494
"42","GARISSA","HULUGHO","SubCounty",37580,24462,1743,13731,8938,637
"43","GARISSA","IJARA","SubCounty",22267,11634,1182,8136,4251,432
"44","GARISSA","LAGDERA","SubCounty",10652,5605,263,4786,2223,222
"45","WAJIR","WAJIR","County",513445,413225,12489,63433,39205,2785
"46","WAJIR","BUNA","SubCounty",79063,75009,770,3425,2365,206
"47","WAJIR","ELDAS","SubCounty",66506,57884,2032,6975,4436,341
"48","WAJIR","HABASWEIN","SubCounty",109998,69034,4928,19731,12383,884
"49","WAJIR","TARBAJ","SubCounty",96060,93399,187,4598,2484,113
"50","WAJIR","WAJIR EAST","SubCounty",25136,18052,575,3113,1519,183
"51","WAJIR","WAJIR NORTH","SubCounty",66163,59646,934,5288,4187,104
"52","WAJIR","WAJIR SOUTH","SubCounty",22752,13859,1066,11735,7106,596
"53","WAJIR","WAJIR WEST","SubCounty",47766,26341,1996,8568,4725,358
"54","MANDERA","MANDERA","County",547731,414032,15528,62639,44434,1888
"55","MANDERA","MANDERA WEST","SubCounty",48617,37659,4639,8737,7153,363
"56","MANDERA","BANISA","SubCounty",124859,116030,1581,14983,12895,425
"57","MANDERA","KOTULO","SubCounty",121497,81789,388,6881,3744,128
"58","MANDERA","LAFEY","SubCounty",154947,112144,1625,7352,4868,128
"59","MANDERA","MANDERA CENTRAL","SubCounty",51293,32659,750,8042,4097,238
"60","MANDERA","MANDERA EAST","SubCounty",21901,16817,1804,7078,4632,417
"61","MANDERA","MANDERA NORTH","SubCounty",24618,16935,4742,9566,7045,189
"62","MARSABIT","MARSABIT","County",86529,60308,3985,39167,26702,1118
"63","MARSABIT","LOIYANGALANI","SubCounty",21564,13355,203,4891,3029,46
"64","MARSABIT","MARSABIT CENTRAL","SubCounty",8434,6895,826,4727,3832,364
"65","MARSABIT","MARSABIT NORTH","SubCounty",7496,5204,735,6193,3878,184
"66","MARSABIT","MARSABIT SOUTH","SubCounty",12566,10831,1174,8620,6214,283
"67","MARSABIT","MOYALE","SubCounty",7543,5337,796,3823,2375,158
"68","MARSABIT","NORTH HORR","SubCounty",23014,14319,203,7259,4791,50
"69","MARSABIT","SOLOLO","SubCounty",5912,4367,48,3654,2583,33
"70","ISIOLO","ISIOLO","County",117310,99708,2855,24271,16854,1549
"71","ISIOLO","GARBATULLA","SubCounty",21301,16641,644,9264,5395,363
"72","ISIOLO","ISIOLO","SubCounty",29649,24259,1897,8600,6765,985
"73","ISIOLO","MERTI","SubCounty",66359,58808,314,6407,4694,201
"74","MERU","MERU","County",361272,310827,45753,274865,238707,30109
"75","MERU","BUURI EAST","SubCounty",25239,15237,9775,18061,14591,3038
"76","MERU","BUURI WEST","SubCounty",9995,5704,4195,14939,10496,4154
"77","MERU","IGEMBE CENTRAL","SubCounty",114301,105614,8183,31946,29254,1822
"78","MERU","IGEMBE NORTH","SubCounty",32956,31106,610,22743,21676,483
"79","MERU","IGEMBE SOUTH","SubCounty",27032,23562,2433,21483,18488,2198
"80","MERU","IMENTI NORTH","SubCounty",18498,13353,4920,27839,23568,3645
"81","MERU","IMENTI SOUTH","SubCounty",37108,30715,6090,46386,39295,6496
"82","MERU","MERU CENTRAL","SubCounty",22804,18100,4501,31894,26756,4725
"83","MERU","TIGANIA CENTRAL","SubCounty",19119,16353,2552,18982,16497,1971
"84","MERU","TIGANIA EAST","SubCounty",18292,17335,679,12186,11528,330
"85","MERU","TIGANIA WEST","SubCounty",35831,33725,1740,28224,26507,1117
"86","MERU","MERU NATIONAL PARK","SubCounty",2,2,NA,3,3,NA
"87","MERU","MT. KENYA FOREST","SubCounty",95,22,74,179,48,130
"88","THARAKA-NITHI","THARAKA-NITHI","County",147710,134102,12281,85767,78456,6073
"89","THARAKA-NITHI","IGAMBANG'OMBE","SubCounty",19752,18764,895,12254,11694,409
"90","THARAKA-NITHI","MAARA","SubCounty",42658,36883,5444,27526,24679,2488
"91","THARAKA-NITHI","MERU SOUTH","SubCounty",34594,32083,2204,19251,17341,1661
"92","THARAKA-NITHI","THARAKA NORTH","SubCounty",27620,25979,1439,11402,10784,420
"93","THARAKA-NITHI","THARAKA SOUTH","SubCounty",23085,20393,2298,15330,13957,1092
"94","THARAKA-NITHI","MT. KENYA FOREST","SubCounty",2,NA,2,4,1,3
"95","EMBU","EMBU","County",122114,105151,16259,130990,113678,15674
"96","EMBU","EMBU EAST","SubCounty",23349,20288,2964,31674,27672,3638
"97","EMBU","EMBU NORTH","SubCounty",16905,13007,3837,18854,14014,4629
"98","EMBU","EMBU WEST","SubCounty",15299,11922,3294,21166,17710,3132
"99","EMBU","MBEERE SOUTH","SubCounty",45634,40574,4712,35511,31957,3062
"100","EMBU","MBEERE NORTH","SubCounty",20928,19360,1453,23785,22325,1213
"101","EMBU","MT. KENYA FOREST","SubCounty",NA,NA,NA,NA,NA,NA
"102","KITUI","KITUI","County",410703,389785,16190,215322,206970,5223
"103","KITUI","IKUTHA","SubCounty",37563,34261,2806,14236,13154,796
"104","KITUI","KATULANI","SubCounty",14642,14038,512,10717,10539,116
"105","KITUI","KISASI","SubCounty",17201,16783,354,9797,9647,104
"106","KITUI","KITUI CENTRAL","SubCounty",17379,16116,968,17146,16598,380
"107","KITUI","KITUI WEST","SubCounty",24311,22658,1565,15208,14819,299
"108","KITUI","KYUSO","SubCounty",34421,32325,1498,14021,13221,439
"109","KITUI","LOWER YATTA","SubCounty",35116,33515,1344,12281,11767,367
"110","KITUI","MATINYANI","SubCounty",13569,13258,208,10531,10321,105
"111","KITUI","MIGWANI","SubCounty",24625,23378,1121,17012,16535,367
"112","KITUI","MUMONI","SubCounty",10146,9875,185,5646,5493,84
"113","KITUI","MUTITU","SubCounty",22408,21522,570,9766,9348,180
"114","KITUI","MUTITU NORTH","SubCounty",8432,8090,256,4303,4138,93
"115","KITUI","MUTOMO","SubCounty",46944,45213,1370,19832,19155,461
"116","KITUI","MWINGI CENTRAL","SubCounty",33281,31279,1614,19371,18293,687
"117","KITUI","MWINGI EAST","SubCounty",32459,30624,900,15945,15087,350
"118","KITUI","NZAMBANI","SubCounty",10115,9799,259,9189,8964,158
"119","KITUI","THAGICU","SubCounty",7576,7383,119,2968,2876,40
"120","KITUI","TSEIKURU","SubCounty",20517,19668,541,7353,7015,197
"121","MACHAKOS","MACHAKOS","County",268694,248201,17610,231341,220575,8203
"122","MACHAKOS","ATHI RIVER","SubCounty",13342,10257,2766,13071,10871,1723
"123","MACHAKOS","KALAMA","SubCounty",12993,12580,360,11334,11118,137
"124","MACHAKOS","KANGUNDO","SubCounty",14667,13418,1198,23045,22422,550
"125","MACHAKOS","KATHIANI","SubCounty",17802,16497,1174,24578,23477,855
"126","MACHAKOS","MACHAKOS","SubCounty",23411,20555,2562,26753,25369,1067
"127","MACHAKOS","MASINGA","SubCounty",47070,44440,1975,30328,29106,825
"128","MACHAKOS","MATUNGULU","SubCounty",28477,25596,2696,29763,28114,1327
"129","MACHAKOS","MWALA","SubCounty",61328,58703,2391,39928,39173,613
"130","MACHAKOS","YATTA","SubCounty",49605,46156,2490,32541,30925,1106
"131","MAKUENI","MAKUENI","County",303089,281186,18730,193531,183660,7587
"132","MAKUENI","KATHONZWENI","SubCounty",36768,34901,1628,15666,15003,508
"133","MAKUENI","KIBWEZI","SubCounty",67035,61516,3927,33820,31503,1463
"134","MAKUENI","KILUNGU","SubCounty",11058,10398,519,12881,12473,302
"135","MAKUENI","MAKINDU","SubCounty",30828,28458,1970,14334,13061,942
"136","MAKUENI","MAKUENI","SubCounty",35920,31836,3886,26021,24318,1562
"137","MAKUENI","MBOONI EAST","SubCounty",31148,29605,1452,21461,20794,562
"138","MAKUENI","MBOONI WEST","SubCounty",23917,23231,608,22069,21506,417
"139","MAKUENI","MUKAA","SubCounty",27874,26019,1581,22133,21339,542
"140","MAKUENI","NZAUI","SubCounty",38541,35223,3161,25146,23663,1289
"141","NYANDARUA","NYANDARUA","County",97254,69496,27102,140854,107997,31613
"142","NYANDARUA","KINANGOP","SubCounty",12888,6134,6630,23636,13116,10220
"143","NYANDARUA","NYANDARUA SOUTH","SubCounty",13305,8895,4122,20400,15324,4781
"144","NYANDARUA","MIRANGINE","SubCounty",9803,6517,3249,14488,10901,3519
"145","NYANDARUA","KIPIPIRI","SubCounty",15322,12633,2627,21702,18612,2950
"146","NYANDARUA","NYANDARUA CENTRAL","SubCounty",10479,6936,3509,16111,12938,3081
"147","NYANDARUA","NYANDARUA WEST","SubCounty",12278,8555,3691,21047,17306,3587
"148","NYANDARUA","NYANDARUA NORTH","SubCounty",23179,19825,3274,23468,19799,3474
"149","NYANDARUA","ABERDARE NATIONAL PARK","SubCounty",NA,1,NA,2,1,1
"150","NYERI","NYERI","County",98512,81690,16107,164229,140838,21590
"151","NYERI","TETU","SubCounty",10341,9538,758,20387,19221,1020
"152","NYERI","KIENI EAST","SubCounty",13065,9206,3633,23138,17469,5230
"153","NYERI","KIENI WEST","SubCounty",14270,11309,2820,21942,18038,3617
"154","NYERI","MATHIRA EAST","SubCounty",10289,6543,3685,20473,15265,4962
"155","NYERI","MATHIRA WEST","SubCounty",8146,7122,969,15919,14437,1349
"156","NYERI","NYERI SOUTH","SubCounty",19597,18358,1200,21243,19146,1970
"157","NYERI","MUKURWE-INI","SubCounty",12954,11812,1057,22973,21254,1555
"158","NYERI","NYERI CENTRAL","SubCounty",9829,7799,1969,18108,15996,1853
"159","NYERI","MT. KENYA FOREST","SubCounty",19,3,16,44,12,32
"160","NYERI","ABERDARE FOREST","SubCounty",2,NA,2,2,NA,2
"161","KIRINYAGA","KIRINYAGA","County",80166,52890,26670,139866,96666,41035
"162","KIRINYAGA","KIRINYAGA CENTRAL","SubCounty",18927,14525,4127,27890,20748,6736
"163","KIRINYAGA","KIRINYAGA EAST","SubCounty",17978,11157,6744,36150,23747,12029
"164","KIRINYAGA","KIRINYAGA WEST","SubCounty",13649,9705,3866,27280,20348,6632
"165","KIRINYAGA","MWEA EAST","SubCounty",15919,9438,6370,25729,16823,8236
"166","KIRINYAGA","MWEA WEST","SubCounty",13692,8066,5561,22809,14999,7395
"167","KIRINYAGA","MT. KENYA FOREST","SubCounty",1,NA,1,8,1,7
"168","MURANG'A","MURANG'A","County",140189,125257,14009,231400,211655,17893
"169","MURANG'A","MURANG'A EAST","SubCounty",18733,17711,970,21474,20322,982
"170","MURANG'A","KANGEMA","SubCounty",11246,10095,1111,20585,18785,1719
"171","MURANG'A","MATHIOYA","SubCounty",15790,14419,1296,23395,21099,2094
"172","MURANG'A","KAHURO","SubCounty",12667,11426,1213,23127,20961,2080
"173","MURANG'A","MURANG'A SOUTH","SubCounty",28168,26137,1947,37654,34913,2376
"174","MURANG'A","GATANGA","SubCounty",19982,16237,3262,35429,31766,3256
"175","MURANG'A","KIGUMO","SubCounty",15546,13518,1960,31110,28034,2887
"176","MURANG'A","KANDARA","SubCounty",18057,15714,2250,38624,35773,2499
"177","MURANG'A","ABERDARE FOREST","SubCounty",NA,NA,NA,2,2,NA
"178","KIAMBU","KIAMBU","County",90218,66642,22247,214052,173960,35169
"179","KIAMBU","GATUNDU NORTH","SubCounty",10508,8121,2337,21532,17626,3628
"180","KIAMBU","GATUNDU SOUTH","SubCounty",11993,10442,1408,25074,22944,1829
"181","KIAMBU","GITHUNGURI","SubCounty",11165,8631,2447,29745,24752,4420
"182","KIAMBU","JUJA","SubCounty",7466,5127,2044,15859,12649,2563
"183","KIAMBU","KABETE","SubCounty",4691,3345,1314,15713,10924,4325
"184","KIAMBU","KIAMBAA","SubCounty",5813,4381,1344,13339,11236,1690
"185","KIAMBU","KIAMBU","SubCounty",4525,3083,1379,10505,8421,1762
"186","KIAMBU","KIKUYU","SubCounty",5439,4545,809,17693,15864,1551
"187","KIAMBU","LARI","SubCounty",10803,7006,3711,25602,18033,7069
"188","KIAMBU","LIMURU","SubCounty",8083,5814,2169,19202,16560,2201
"189","KIAMBU","RUIRU","SubCounty",4095,2617,1375,8590,6523,1706
"190","KIAMBU","THIKA EAST","SubCounty",1892,1478,398,4700,3903,648
"191","KIAMBU","THIKA WEST","SubCounty",3748,2050,1510,6498,4525,1777
"192","TURKANA","TURKANA","County",435576,366142,1484,61209,41670,584
"193","TURKANA","KIBISH","SubCounty",10957,7655,45,3955,2618,51
"194","TURKANA","LOIMA","SubCounty",19676,16024,37,9743,6611,21
"195","TURKANA","TURKANA CENTRAL","SubCounty",21445,16675,651,11229,7850,238
"196","TURKANA","TURKANA EAST","SubCounty",297432,293948,415,9618,7769,97
"197","TURKANA","TURKANA NORTH","SubCounty",48423,4401,53,6956,3370,24
"198","TURKANA","TURKANA SOUTH","SubCounty",18724,13385,195,10257,7170,107
"199","TURKANA","TURKANA WEST","SubCounty",18920,14054,90,9451,6282,46
"200","WEST POKOT","WEST POKOT","County",303114,289400,7666,89828,85044,2573
"201","WEST POKOT","KIPKOMO","SubCounty",34199,33314,682,14921,14460,311
"202","WEST POKOT","POKOT CENTRAL","SubCounty",28780,27830,518,17573,16488,358
"203","WEST POKOT","POKOT NORTH","SubCounty",29255,28317,187,20563,19756,84
"204","WEST POKOT","POKOT SOUTH","SubCounty",32018,28926,2729,12241,11112,984
"205","WEST POKOT","WEST POKOT","SubCounty",178861,171014,3551,24530,23228,836
"206","SAMBURU","SAMBURU","County",205508,177593,2118,43149,35282,572
"207","SAMBURU","SAMBURU CENTRAL","SubCounty",53977,50387,1762,22176,19953,375
"208","SAMBURU","SAMBURU EAST","SubCounty",95081,80775,222,11460,8123,136
"209","SAMBURU","SAMBURU NORTH","SubCounty",56449,46431,133,9513,7206,61
"210","TRANS NZOIA","TRANS NZOIA","County",154167,105145,47750,140249,121815,15884
"211","TRANS NZOIA","TRANS NZOIA WEST","SubCounty",21795,14033,7634,23540,20488,2657
"212","TRANS NZOIA","TRANS NZOIA EAST","SubCounty",38750,26536,11971,36921,31642,4785
"213","TRANS NZOIA","KWANZA","SubCounty",35371,25376,9551,28502,24867,3033
"214","TRANS NZOIA","ENDEBESS","SubCounty",16643,11033,5428,16775,14229,2244
"215","TRANS NZOIA","KIMININI","SubCounty",41607,28168,13165,34511,30589,3165
"216","UASIN GISHU","UASIN GISHU","County",192326,108582,74336,141547,118148,21441
"217","UASIN GISHU","AINABKOI","SubCounty",21218,11986,9169,17845,14687,2936
"218","UASIN GISHU","KAPSERET","SubCounty",19077,10403,8430,16891,14306,2247
"219","UASIN GISHU","KESSES","SubCounty",29088,20742,8178,24309,20645,3466
"220","UASIN GISHU","MOIBEN","SubCounty",38335,20393,17519,22915,17862,4761
"221","UASIN GISHU","SOY","SubCounty",51715,27280,20160,33352,27727,5176
"222","UASIN GISHU","TURBO","SubCounty",32893,17778,10880,26235,22921,2855
"223","ELGEYO/MARAKWET","ELGEYO/MARAKWET","County",68102,55480,11974,74881,65518,8660
"224","ELGEYO/MARAKWET","KEIYO NORTH","SubCounty",10339,8707,1556,15190,14042,1018
"225","ELGEYO/MARAKWET","KEIYO SOUTH","SubCounty",21984,19062,2522,21518,19507,1728
"226","ELGEYO/MARAKWET","MARAKWET EAST","SubCounty",14996,12745,2185,15779,14149,1529
"227","ELGEYO/MARAKWET","MARAKWET WEST","SubCounty",20783,14966,5711,22394,17820,4385
"228","NANDI","NANDI","County",211761,164111,46718,148887,134498,13136
"229","NANDI","CHESUMEI","SubCounty",23191,18951,4169,26835,24111,2499
"230","NANDI","NANDI CENTRAL","SubCounty",19590,16281,3042,23951,21513,2164
"231","NANDI","NANDI EAST","SubCounty",16450,13234,3138,16777,14970,1668
"232","NANDI","NANDI NORTH","SubCounty",31122,24798,6151,30073,27171,2633
"233","NANDI","NANDI SOUTH","SubCounty",99141,72558,26419,31054,28370,2470
"234","NANDI","TINDERET","SubCounty",22268,18289,3800,20197,18363,1702
"235","BARINGO","BARINGO","County",182613,165508,12459,100465,89593,7230
"236","BARINGO","BARINGO CENTRAL","SubCounty",15206,14137,991,15137,14480,510
"237","BARINGO","BARINGO NORTH","SubCounty",58946,57891,738,18409,17825,198
"238","BARINGO","EAST POKOT","SubCounty",22922,20075,487,9565,8191,229
"239","BARINGO","KOIBATEK","SubCounty",25372,20690,4564,21544,18319,2975
"240","BARINGO","MARIGAT","SubCounty",14905,11373,3349,13596,10282,2839
"241","BARINGO","MOGOTIO","SubCounty",28045,25459,2106,13607,12861,418
"242","BARINGO","TIATY EAST","SubCounty",17217,15881,224,8607,7635,61
"243","LAIKIPIA","LAIKIPIA","County",90707,67022,20508,90729,77810,9195
"244","LAIKIPIA","LAIKIPIA CENTRAL","SubCounty",21461,12435,8887,18787,16865,1605
"245","LAIKIPIA","LAIKIPIA EAST","SubCounty",11999,10135,1611,13192,11513,920
"246","LAIKIPIA","LAIKIPIA NORTH","SubCounty",8004,5516,141,5898,3972,220
"247","LAIKIPIA","LAIKIPIA WEST","SubCounty",25972,21933,3778,24338,21189,2555
"248","LAIKIPIA","NYAHURURU","SubCounty",23271,17002,6091,28514,24271,3895
"249","NAKURU","NAKURU","County",357968,270779,83022,283652,241174,37725
"250","NAKURU","GILGIL","SubCounty",44897,17495,27162,27273,23996,2821
"251","NAKURU","KURESOI NORTH","SubCounty",31609,23611,7622,33190,27360,5389
"252","NAKURU","KURESOI SOUTH","SubCounty",33351,28431,4494,28030,25123,2588
"253","NAKURU","MOLO","SubCounty",21931,13805,7937,26641,20489,5693
"254","NAKURU","NAIVASHA","SubCounty",27884,20669,6817,33061,26981,5336
"255","NAKURU","NAKURU EAST","SubCounty",17248,10851,5044,8876,6504,1979
"256","NAKURU","NAKURU NORTH","SubCounty",92840,87748,4530,28990,25497,2903
"257","NAKURU","NAKURU WEST","SubCounty",13103,9274,3754,8752,7053,1474
"258","NAKURU","NJORO","SubCounty",34851,25647,9029,41771,35246,5971
"259","NAKURU","RONGAI","SubCounty",26720,21641,4804,29568,26934,2230
"260","NAKURU","SUBUKIA","SubCounty",13534,11607,1829,17500,15991,1341
"261","NAROK","NAROK","County",718141,557124,109107,181706,145062,30373
"262","NAROK","NAROK EAST","SubCounty",56668,40066,11964,19206,12887,5681
"263","NAROK","NAROK NORTH","SubCounty",102111,48265,49105,35447,20897,13770
"264","NAROK","NAROK SOUTH","SubCounty",168866,133622,17598,40248,35046,3736
"265","NAROK","NAROK WEST","SubCounty",268943,236417,13434,30259,26767,1466
"266","NAROK","TRANS MARA EAST","SubCounty",15443,14620,773,18907,18531,291
"267","NAROK","TRANS MARA WEST","SubCounty",106110,84134,16233,37639,30934,5429
"268","NAROK","MAU FOREST","SubCounty",NA,NA,NA,NA,NA,NA
"269","KAJIADO","KAJIADO","County",824874,689557,82923,97565,72411,12468
"270","KAJIADO","ISINYA","SubCounty",33058,23968,5080,6584,4777,1022
"271","KAJIADO","KAJIADO CENTRAL","SubCounty",118172,97066,4838,19641,14608,1003
"272","KAJIADO","KAJIADO NORTH","SubCounty",43446,20538,22106,10726,8822,1531
"273","KAJIADO","KAJIADO WEST","SubCounty",244044,210198,8518,23089,18528,1257
"274","KAJIADO","LOITOKITOK","SubCounty",312048,274992,34417,29501,19458,6684
"275","KAJIADO","MASHUURU","SubCounty",74106,62794,7965,8024,6218,971
"276","KERICHO","KERICHO","County",135269,118044,16562,150845,135641,14090
"277","KERICHO","BELGUT","SubCounty",15278,12617,2581,23573,20431,2959
"278","KERICHO","BURETI","SubCounty",23783,19631,4003,33285,29078,3912
"279","KERICHO","KERICHO EAST","SubCounty",36970,33963,2880,23273,20665,2391
"280","KERICHO","KIPKELION","SubCounty",21184,19133,1961,22836,21596,1153
"281","KERICHO","LONDIANI","SubCounty",17715,15147,2468,25049,23043,1825
"282","KERICHO","SOIN SIGOWET","SubCounty",20339,17553,2669,22829,20828,1850
"283","BOMET","BOMET","County",129945,114187,14608,152564,136569,14789
"284","BOMET","BOMET EAST","SubCounty",20126,18543,1512,26472,24741,1607
"285","BOMET","CHEPALUNGU","SubCounty",34562,33737,741,31910,31136,590
"286","BOMET","KONOIN","SubCounty",18298,12950,5124,23845,17068,6489
"287","BOMET","SOTIK","SubCounty",32429,29290,2958,40497,38169,2015
"288","BOMET","BOMET CENTRAL","SubCounty",24531,19667,4274,29840,25455,4088
"289","KAKAMEGA","KAKAMEGA","County",219776,201093,13125,335269,322193,9778
"290","KAKAMEGA","BUTERE","SubCounty",17094,16612,401,29189,28622,343
"291","KAKAMEGA","KAKAMEGA CENTRAL","SubCounty",17033,15184,1609,25461,23803,1291
"292","KAKAMEGA","KAKAMEGA EAST","SubCounty",16106,15179,818,31632,30455,795
"293","KAKAMEGA","KAKAMEGA NORTH","SubCounty",34105,31489,2414,43441,41187,1939
"294","KAKAMEGA","KAKAMEGA SOUTH","SubCounty",10320,9786,477,22218,21715,307
"295","KAKAMEGA","KHWISERO","SubCounty",11007,10699,241,23443,22915,260
"296","KAKAMEGA","LIKUYANI","SubCounty",20902,13978,2688,24849,23110,1343
"297","KAKAMEGA","LUGARI","SubCounty",15176,14153,968,23281,22442,649
"298","KAKAMEGA","MATETE","SubCounty",8241,7632,527,11488,10920,417
"299","KAKAMEGA","MATUNGU","SubCounty",23124,22131,836,30321,29407,635
"300","KAKAMEGA","MUMIAS EAST","SubCounty",11301,10771,495,21549,20983,442
"301","KAKAMEGA","MUMIAS WEST","SubCounty",11720,10821,800,19375,18434,741
"302","KAKAMEGA","NAVAKHOLO","SubCounty",23647,22658,850,29022,28200,616
"303","VIHIGA","VIHIGA","County",50521,48752,1517,113753,111139,1751
"304","VIHIGA","EMUHAYA","SubCounty",9900,9639,224,20210,19867,231
"305","VIHIGA","VIHIGA","SubCounty",7678,7431,204,18652,18240,302
"306","VIHIGA","SABATIA","SubCounty",10378,9946,383,25789,25173,433
"307","VIHIGA","LUANDA","SubCounty",8937,8600,292,20058,19595,315
"308","VIHIGA","HAMISI","SubCounty",13628,13136,415,29042,28262,470
"309","VIHIGA","KAKAMEGA FOREST","SubCounty",NA,NA,NA,2,2,NA
"310","BUNGOMA","BUNGOMA","County",223269,202494,19091,280445,264247,12829
"311","BUNGOMA","BUMULA","SubCounty",29874,28346,1341,39540,38444,850
"312","BUNGOMA","BUNGOMA CENTRAL","SubCounty",23347,21443,1728,31835,30118,1401
"313","BUNGOMA","BUNGOMA EAST","SubCounty",16750,15765,925,19688,18802,662
"314","BUNGOMA","BUNGOMA NORTH","SubCounty",16841,14751,2026,20848,19556,1119
"315","BUNGOMA","BUNGOMA SOUTH","SubCounty",35311,32134,2944,41443,39236,1785
"316","BUNGOMA","CHEPTAIS","SubCounty",17746,15697,1788,22457,20346,1704
"317","BUNGOMA","KIMILILI","SubCounty",18217,15968,2062,25205,23337,1463
"318","BUNGOMA","MT. ELGON","SubCounty",12402,10422,1942,12376,11119,1138
"319","BUNGOMA","BUNGOMA WEST","SubCounty",17204,16129,922,22145,21217,656
"320","BUNGOMA","TONGAREN","SubCounty",14290,12325,1875,17578,16460,905
"321","BUNGOMA","WEBUYE WEST","SubCounty",20963,19331,1532,26624,25210,1132
"322","BUNGOMA","MT. ELGON FOREST","SubCounty",323,184,6,706,402,14
"323","BUSIA","BUSIA","County",116705,111661,4232,148257,143486,2892
"324","BUSIA","BUNYALA","SubCounty",6061,5562,384,12676,11705,501
"325","BUSIA","BUSIA","SubCounty",13383,12590,641,19412,18728,373
"326","BUSIA","BUTULA","SubCounty",18730,18150,489,26650,26145,319
"327","BUSIA","NAMBALE","SubCounty",15943,15026,790,19743,19108,453
"328","BUSIA","SAMIA","SubCounty",13265,12787,362,19701,19143,300
"329","BUSIA","TESO NORTH","SubCounty",24392,23483,785,23180,22448,489
"330","BUSIA","TESO SOUTH","SubCounty",24932,24062,781,26895,26209,457
"331","SIAYA","SIAYA","County",137462,131706,4581,194362,188253,3750
"332","SIAYA","SIAYA","SubCounty",29529,28312,986,44532,43076,860
"333","SIAYA","GEM","SubCounty",24800,23844,748,38224,37196,638
"334","SIAYA","UGENYA","SubCounty",16296,15900,294,27847,27367,249
"335","SIAYA","UGUNJA","SubCounty",11054,10620,314,21054,20530,260
"336","SIAYA","BONDO","SubCounty",28602,26935,1363,32920,31282,1119
"337","SIAYA","RARIEDA","SubCounty",27181,26095,875,29785,28802,624
"338","KISUMU","KISUMU","County",155704,133057,17208,147117,137869,6522
"339","KISUMU","KISUMU EAST","SubCounty",12358,9778,2326,16348,14807,1192
"340","KISUMU","KISUMU CENTRAL","SubCounty",3179,1935,1185,4157,3144,888
"341","KISUMU","KISUMU WEST","SubCounty",14103,13349,683,23207,22379,548
"342","KISUMU","SEME","SubCounty",17096,16650,286,24014,23400,287
"343","KISUMU","MUHORONI","SubCounty",44439,30514,9587,26368,24430,1563
"344","KISUMU","NYANDO","SubCounty",41961,39097,2565,26570,24191,1673
"345","KISUMU","NYAKACH","SubCounty",22569,21733,576,26453,25518,371
"346","HOMA BAY","HOMA BAY","County",275681,263463,8853,193812,186793,4663
"347","HOMA BAY","HOMA BAY","SubCounty",43749,42280,1328,16401,15447,734
"348","HOMA BAY","NDHIWA","SubCounty",50873,48649,1921,40976,39886,834
"349","HOMA BAY","RACHUONYO NORTH","SubCounty",31407,30124,1119,32414,31382,623
"350","HOMA BAY","RACHUONYO EAST","SubCounty",34535,33686,751,23388,22769,381
"351","HOMA BAY","RACHUONYO SOUTH","SubCounty",33675,32867,686,23419,22817,405
"352","HOMA BAY","RANGWE","SubCounty",19193,18430,533,22145,21526,386
"353","HOMA BAY","SUBA NORTH","SubCounty",25609,23865,1337,17645,16470,706
"354","HOMA BAY","SUBA SOUTH","SubCounty",36642,33564,1178,17424,16496,594
"355","MIGORI","MIGORI","County",232711,215644,14196,169958,160482,6928
"356","MIGORI","AWENDO","SubCounty",21225,19592,1468,20101,19065,845
"357","MIGORI","KURIA EAST","SubCounty",17962,16737,1053,14610,13923,494
"358","MIGORI","KURIA WEST","SubCounty",43214,37476,5443,28212,25758,2053
"359","MIGORI","NYATIKE","SubCounty",49595,46628,1289,26354,24593,832
"360","MIGORI","RONGO","SubCounty",19835,18718,1043,19910,19179,563
"361","MIGORI","SUNA EAST","SubCounty",22247,21089,1062,18705,17912,638
"362","MIGORI","SUNA WEST","SubCounty",23379,22128,1038,17050,16259,501
"363","MIGORI","URIRI","SubCounty",35254,33276,1801,25016,23793,1002
"364","KISII","KISII","County",165068,154291,9494,219853,210045,7981
"365","KISII","ETAGO","SubCounty",13465,12542,874,15099,14300,699
"366","KISII","GUCHA","SubCounty",10311,9515,600,15067,14351,604
"367","KISII","GUCHA SOUTH","SubCounty",11850,11235,572,15386,14836,455
"368","KISII","KENYENYA","SubCounty",16219,15406,745,23613,22794,603
"369","KISII","KISII CENTRAL","SubCounty",18011,15935,1814,24658,22792,1572
"370","KISII","KISII SOUTH","SubCounty",19355,17953,1108,22532,21561,775
"371","KISII","KITUTU CENTRAL","SubCounty",13238,11748,1419,20197,18894,1081
"372","KISII","MARANI","SubCounty",13570,13049,418,21857,21258,445
"373","KISII","MASABA SOUTH","SubCounty",18794,18054,651,23932,23197,527
"374","KISII","NYAMACHE","SubCounty",19402,18587,729,24952,24153,644
"375","KISII","SAMETA","SubCounty",10856,10268,563,12560,11909,576
"376","NYAMIRA","NYAMIRA","County",82551,76896,5015,110028,104355,4586
"377","NYAMIRA","BORABU","SubCounty",13174,11519,1455,10890,9897,829
"378","NYAMIRA","MANGA","SubCounty",12386,11876,433,18096,17420,500
"379","NYAMIRA","MASABA NORTH","SubCounty",14495,13778,617,20678,19937,567
"380","NYAMIRA","NYAMIRA NORTH","SubCounty",23213,21945,1128,31900,30505,1103
"381","NYAMIRA","NYAMIRA SOUTH","SubCounty",19283,17778,1382,28464,26596,1587
"382","NAIROBI CITY","NAIROBI CITY","County",34905,10822,6021,32258,24030,6956
"383","NAIROBI CITY","DAGORETTI","SubCounty",2429,1674,626,5691,4364,1124
"384","NAIROBI CITY","EMBAKASI","SubCounty",19192,1284,796,3224,2207,851
"385","NAIROBI CITY","KAMUKUNJI","SubCounty",387,149,111,459,299,130
"386","NAIROBI CITY","KASARANI","SubCounty",3325,2003,1194,6136,4399,1507
"387","NAIROBI CITY","KIBRA","SubCounty",478,263,199,737,507,184
"388","NAIROBI CITY","LANG'ATA","SubCounty",1090,621,430,1712,1319,304
"389","NAIROBI CITY","MAKADARA","SubCounty",293,150,131,639,436,173
"390","NAIROBI CITY","MATHARE","SubCounty",567,370,174,735,461,215
"391","NAIROBI CITY","NJIRU","SubCounty",4865,3367,1293,10642,8356,1962
"392","NAIROBI CITY","STAREHE","SubCounty",614,224,178,483,339,121
"393","NAIROBI CITY","WESTLANDS","SubCounty",1667,717,890,1800,1343,385
