"","County","SubCounty","AdminArea","Farming","ExoticCattle_Dairy","ExoticCattle_Beef","IndigenousCattle","Sheep","Goats","Camels","Donkeys","Pigs","IndigenousChicken","ExoticChicken_Layers","ExoticChicken_Broilers","Beehives","Rabbits","FishPonds","FishCages"
"1","xxx","KENYA","xxx",6354211,939916,167625,2260439,1299893,1898887,167666,500682,110383,3337700,194517,79461,201406,124122,22019,3361
"2","MOMBASA","MOMBASA","County",12497,412,191,1024,313,3029,6,36,134,6142,743,998,68,186,83,24
"3","MOMBASA","CHANGAMWE","SubCounty",618,16,10,20,10,95,NA,1,7,350,53,78,1,14,6,NA
"4","MOMBASA","JOMVU","SubCounty",2418,60,23,190,45,568,NA,11,37,1296,157,199,6,30,8,3
"5","MOMBASA","KISAUNI","SubCounty",6257,202,82,632,161,1614,4,8,76,3016,280,411,41,79,37,11
"6","MOMBASA","LIKONI","SubCounty",1863,73,51,127,63,566,NA,5,7,870,124,140,11,33,16,7
"7","MOMBASA","MVITA","SubCounty",309,16,8,9,9,36,1,4,3,121,33,35,2,5,7,2
"8","MOMBASA","NYALI","SubCounty",1032,45,17,46,25,150,1,7,4,489,96,135,7,25,9,1
"9","KWALE","KWALE","County",108074,1453,804,33888,10587,45129,62,507,48,56196,962,836,573,179,201,57
"10","KWALE","KINANGO","SubCounty",13855,151,119,5722,2810,7431,5,214,1,7921,134,62,122,7,7,NA
"11","KWALE","LUNGALUNGA","SubCounty",29299,490,192,10935,3322,12114,15,134,29,14607,288,186,150,46,89,45
"12","KWALE","MATUGA","SubCounty",24689,307,145,6394,987,9750,10,84,3,13292,167,156,175,44,30,3
"13","KWALE","MSAMBWENI","SubCounty",14959,257,184,3432,368,3905,7,24,8,7129,264,320,53,63,50,6
"14","KWALE","SAMBURU-KWALE","SubCounty",25272,248,164,7405,3100,11929,25,51,7,13247,109,112,73,19,25,3
"15","KILIFI","KILIFI","County",161188,4905,1480,33420,6746,67419,81,1234,366,72134,1484,1807,611,524,333,50
"16","KILIFI","CHONYI","SubCounty",10025,148,48,798,18,2585,3,1,22,4051,21,10,1,15,14,NA
"17","KILIFI","GANZE","SubCounty",20578,321,112,7307,2220,11917,26,59,3,12160,199,54,98,42,38,5
"18","KILIFI","KALOLENI","SubCounty",22504,514,166,5538,1357,9342,4,177,80,10405,270,224,114,48,31,5
"19","KILIFI","KAUMA","SubCounty",2867,37,29,812,60,1499,2,2,3,1342,30,19,3,6,9,2
"20","KILIFI","KILIFI NORTH","SubCounty",18690,1423,259,2960,287,7854,12,28,37,8584,194,362,39,85,29,5
"21","KILIFI","KILIFI SOUTH","SubCounty",15114,558,157,1792,177,4938,4,31,60,6215,183,342,38,86,67,8
"22","KILIFI","MAGARINI","SubCounty",25989,432,227,6065,767,11620,12,628,10,10013,145,189,160,54,59,14
"23","KILIFI","MALINDI","SubCounty",31072,1206,361,5984,1531,13394,13,299,24,12351,315,494,120,140,61,7
"24","KILIFI","RABAI","SubCounty",14349,266,121,2164,329,4270,5,9,127,7013,127,113,38,48,25,4
"25","TANA RIVER","TANA RIVER","County",35094,1302,283,12012,16725,21545,3333,5329,2,10187,1019,616,1066,38,176,48
"26","TANA RIVER","TANA DELTA","SubCounty",15128,456,116,5662,6412,8142,160,1395,NA,5693,437,297,464,22,91,29
"27","TANA RIVER","TANA NORTH","SubCounty",9397,399,50,2052,5423,7017,2392,2714,1,1718,300,130,424,9,51,15
"28","TANA RIVER","TANA RIVER","SubCounty",10569,447,117,4298,4890,6386,781,1220,1,2776,282,189,178,7,34,4
"29","LAMU","LAMU","County",18678,508,159,3838,1932,8343,17,795,33,10362,385,253,302,62,54,15
"30","LAMU","LAMU EAST","SubCounty",1831,90,33,363,57,386,NA,425,NA,670,65,25,18,2,4,1
"31","LAMU","LAMU WEST","SubCounty",16847,418,126,3475,1875,7957,17,370,33,9692,320,228,284,60,50,14
"32","TAITA/TAVETA","TAITA/TAVETA","County",56920,7893,1088,16591,7190,24512,63,1528,148,34560,895,641,1857,1555,262,27
"33","TAITA/TAVETA","MWATATE","SubCounty",16123,2634,331,4422,1436,7021,7,480,62,9776,209,135,498,362,49,1
"34","TAITA/TAVETA","TAITA","SubCounty",12139,3762,473,2684,2216,2989,2,590,29,7372,261,140,440,464,85,6
"35","TAITA/TAVETA","TAVETA","SubCounty",14591,527,134,5155,2367,7211,16,247,28,8803,135,81,414,466,85,12
"36","TAITA/TAVETA","VOI","SubCounty",14067,970,150,4330,1171,7291,38,211,29,8609,290,285,505,263,43,8
"37","GARISSA","GARISSA","County",47645,1376,608,23444,37684,41468,17624,20630,NA,5852,1307,832,833,285,NA,NA
"38","GARISSA","BALAMBALA","SubCounty",1786,83,66,669,1020,1464,1110,821,NA,108,69,63,67,62,NA,NA
"39","GARISSA","DADAAB","SubCounty",9315,291,124,3217,6968,8064,6508,5072,NA,476,240,120,64,48,NA,NA
"40","GARISSA","FAFI","SubCounty",6556,325,175,2359,4844,5639,3871,3431,NA,284,223,138,147,86,NA,NA
"41","GARISSA","GARISSA","SubCounty",3335,144,29,1341,1914,2517,1611,1341,NA,239,113,22,48,20,NA,NA
"42","GARISSA","HULUGHO","SubCounty",13731,170,71,10619,12006,12284,891,5045,NA,3774,301,232,362,46,NA,NA
"43","GARISSA","IJARA","SubCounty",8136,314,131,3825,6950,7194,316,1891,NA,908,349,249,141,19,NA,NA
"44","GARISSA","LAGDERA","SubCounty",4786,49,12,1414,3982,4306,3317,3029,NA,63,12,8,4,4,NA,NA
"45","WAJIR","WAJIR","County",63433,1633,518,28872,53245,57038,39237,39275,NA,5712,891,447,174,69,NA,NA
"46","WAJIR","BUNA","SubCounty",3425,169,75,2078,2661,2929,2396,2249,NA,586,84,63,7,3,NA,NA
"47","WAJIR","ELDAS","SubCounty",6975,133,85,1704,5844,6318,5516,5037,NA,383,163,69,45,19,NA,NA
"48","WAJIR","HABASWEIN","SubCounty",19731,559,122,10769,17753,18318,12356,12318,NA,1615,174,78,12,10,NA,NA
"49","WAJIR","TARBAJ","SubCounty",4598,75,20,644,3754,4201,2872,2693,NA,186,95,38,4,8,NA,NA
"50","WAJIR","WAJIR EAST","SubCounty",3113,98,21,413,2177,2688,1250,1231,NA,303,57,41,14,16,NA,NA
"51","WAJIR","WAJIR NORTH","SubCounty",5288,106,43,2946,3693,4468,3944,3453,NA,876,107,33,65,NA,NA,NA
"52","WAJIR","WAJIR SOUTH","SubCounty",11735,356,118,6728,9825,10333,6144,7316,NA,774,146,84,17,12,NA,NA
"53","WAJIR","WAJIR WEST","SubCounty",8568,137,34,3590,7538,7783,4759,4978,NA,989,65,41,10,1,NA,NA
"54","MANDERA","MANDERA","County",62639,1203,427,28596,50451,56390,43691,40877,NA,13003,2155,1010,6008,173,NA,NA
"55","MANDERA","MANDERA WEST","SubCounty",8737,117,28,5632,7471,8073,7448,5477,NA,3073,137,91,677,45,NA,NA
"56","MANDERA","BANISA","SubCounty",14983,321,98,6867,11996,13315,12889,9314,NA,3256,745,281,4713,26,NA,NA
"57","MANDERA","KOTULO","SubCounty",6881,56,11,4534,6111,6499,5408,5013,NA,1632,48,35,19,40,NA,NA
"58","MANDERA","LAFEY","SubCounty",7352,86,32,2918,6273,6961,5106,5436,NA,1099,268,176,20,14,NA,NA
"59","MANDERA","MANDERA CENTRAL","SubCounty",8042,195,86,3881,6882,7349,4950,5165,NA,1582,370,141,90,22,NA,NA
"60","MANDERA","MANDERA EAST","SubCounty",7078,216,86,2432,4672,5849,2685,3889,NA,1301,328,133,129,16,NA,NA
"61","MANDERA","MANDERA NORTH","SubCounty",9566,212,86,2332,7046,8344,5205,6583,NA,1060,259,153,360,10,NA,NA
"62","MARSABIT","MARSABIT","County",39167,1367,768,17793,30124,33757,22092,21474,19,3340,291,165,337,16,131,37
"63","MARSABIT","LOIYANGALANI","SubCounty",4891,87,21,1390,4157,4602,2414,2765,2,333,53,21,88,3,8,2
"64","MARSABIT","MARSABIT CENTRAL","SubCounty",4727,358,129,2465,1824,2952,664,1239,1,782,64,37,199,5,8,2
"65","MARSABIT","MARSABIT NORTH","SubCounty",6193,94,52,2541,5861,5934,5267,4074,1,101,10,6,8,1,7,NA
"66","MARSABIT","MARSABIT SOUTH","SubCounty",8620,164,101,4404,7863,8211,6029,5527,7,950,32,19,4,1,12,2
"67","MARSABIT","MOYALE","SubCounty",3823,154,76,1718,1807,2605,1624,1921,1,654,92,63,34,3,6,2
"68","MARSABIT","NORTH HORR","SubCounty",7259,369,290,2644,6867,6937,5289,4958,4,108,22,10,1,1,49,24
"69","MARSABIT","SOLOLO","SubCounty",3654,141,99,2631,1745,2516,805,990,3,412,18,9,3,2,41,5
"70","ISIOLO","ISIOLO","County",24271,596,406,11953,19424,20562,6771,11509,11,6041,319,225,407,54,66,13
"71","ISIOLO","GARBATULLA","SubCounty",9264,219,171,3653,7843,8145,2988,5232,NA,1704,42,31,53,6,38,10
"72","ISIOLO","ISIOLO","SubCounty",8600,222,114,4767,5957,6802,1906,2718,10,3090,241,179,352,45,10,1
"73","ISIOLO","MERTI","SubCounty",6407,155,121,3533,5624,5615,1877,3559,1,1247,36,15,2,3,18,2
"74","MERU","MERU","County",274865,63202,12794,69431,34791,94528,273,3788,11730,132552,11192,6091,12278,12517,1011,112
"75","MERU","BUURI EAST","SubCounty",18061,5096,1452,5819,5157,5740,7,420,476,11300,856,427,548,1247,49,5
"76","MERU","BUURI WEST","SubCounty",14939,3448,729,4911,5029,2402,6,41,156,7469,603,265,296,1016,64,3
"77","MERU","IGEMBE CENTRAL","SubCounty",31946,3100,703,9068,3080,13495,62,812,272,12443,918,547,921,378,70,11
"78","MERU","IGEMBE NORTH","SubCounty",22743,2263,473,6601,1654,7615,39,388,61,7035,615,340,473,167,70,8
"79","MERU","IGEMBE SOUTH","SubCounty",21483,2873,713,4429,1198,6501,5,129,1323,7279,1202,1225,727,480,76,16
"80","MERU","IMENTI NORTH","SubCounty",27839,6964,1323,5293,3219,9179,13,71,2049,14289,1361,535,1135,1586,112,12
"81","MERU","IMENTI SOUTH","SubCounty",46386,20822,3936,5259,4003,13190,12,33,959,25421,2630,1387,2107,2641,260,29
"82","MERU","MERU CENTRAL","SubCounty",31894,12860,2191,4840,3664,10367,10,161,1647,17981,1690,694,2319,2395,113,10
"83","MERU","TIGANIA CENTRAL","SubCounty",18982,2251,484,7040,1460,7556,11,31,2240,9016,600,327,1622,847,73,3
"84","MERU","TIGANIA EAST","SubCounty",12186,1471,288,3921,2644,5453,98,582,62,5239,289,148,499,379,32,8
"85","MERU","TIGANIA WEST","SubCounty",28224,2015,481,12227,3650,13008,10,1115,2479,15035,424,193,1624,1372,91,7
"86","MERU","MERU NATIONAL PARK","SubCounty",3,NA,NA,NA,NA,NA,NA,NA,NA,NA,NA,NA,NA,NA,NA,NA
"87","MERU","MT. KENYA FOREST","SubCounty",179,39,21,23,33,22,NA,5,6,45,4,3,7,9,1,NA
"88","THARAKA-NITHI","THARAKA-NITHI","County",85767,18185,3635,22274,13039,44784,33,3849,3566,54256,2623,1041,9054,4004,284,29
"89","THARAKA-NITHI","IGAMBANG'OMBE","SubCounty",12254,1137,273,4271,2045,7409,7,98,239,7880,231,137,1632,469,49,2
"90","THARAKA-NITHI","MAARA","SubCounty",27526,11013,2264,3693,2211,12252,10,5,1496,17224,1138,461,2066,1596,97,8
"91","THARAKA-NITHI","MERU SOUTH","SubCounty",19251,5625,957,3618,1993,9003,1,6,1164,12408,843,295,1650,1783,75,8
"92","THARAKA-NITHI","THARAKA NORTH","SubCounty",11402,90,21,4342,3227,6625,6,2642,368,6806,105,32,1730,23,29,4
"93","THARAKA-NITHI","THARAKA SOUTH","SubCounty",15330,320,120,6350,3563,9495,9,1098,299,9936,305,116,1976,133,34,7
"94","THARAKA-NITHI","MT. KENYA FOREST","SubCounty",4,NA,NA,NA,NA,NA,NA,NA,NA,2,1,NA,NA,NA,NA,NA
"95","EMBU","EMBU","County",130990,23852,5700,32172,12781,56864,56,8069,2404,80171,4250,1525,11926,7297,549,57
"96","EMBU","EMBU EAST","SubCounty",31674,9087,2026,4669,2221,11625,8,12,545,19095,1324,457,2159,2293,159,15
"97","EMBU","EMBU NORTH","SubCounty",18854,7012,1593,1551,1373,4519,4,3,616,9773,1051,421,976,1567,84,8
"98","EMBU","EMBU WEST","SubCounty",21166,5180,1414,2402,1115,6612,10,43,900,11173,879,342,1131,1582,141,15
"99","EMBU","MBEERE SOUTH","SubCounty",35511,1226,424,14638,4924,20027,20,5376,161,23551,638,169,4040,1058,88,12
"100","EMBU","MBEERE NORTH","SubCounty",23785,1347,243,8912,3148,14081,14,2635,182,16579,358,136,3620,797,77,7
"101","EMBU","MT. KENYA FOREST","SubCounty",NA,NA,NA,NA,NA,NA,NA,NA,NA,NA,NA,NA,NA,NA,NA,NA
"102","KITUI","KITUI","County",215322,3865,3016,88486,20920,149306,433,103497,175,147023,3016,1968,30134,710,461,82
"103","KITUI","IKUTHA","SubCounty",14236,287,237,6610,1574,10912,6,8639,14,10106,239,145,3044,16,21,3
"104","KITUI","KATULANI","SubCounty",10717,205,174,4018,356,6628,7,4233,7,7172,178,151,444,49,24,7
"105","KITUI","KISASI","SubCounty",9797,135,109,4225,310,6289,3,4129,9,6524,87,41,708,41,11,1
"106","KITUI","KITUI CENTRAL","SubCounty",17146,561,254,4856,332,8313,7,3397,14,9795,329,200,689,65,42,3
"107","KITUI","KITUI WEST","SubCounty",15208,313,135,5607,1008,9738,10,6165,11,10827,107,57,357,147,18,1
"108","KITUI","KYUSO","SubCounty",14021,195,241,6508,2304,10907,11,9089,10,9791,248,170,3253,12,34,4
"109","KITUI","LOWER YATTA","SubCounty",12281,379,313,6243,1380,8869,9,6395,7,8461,286,215,1890,24,50,26
"110","KITUI","MATINYANI","SubCounty",10531,286,206,3953,712,6297,5,3504,8,7272,183,93,329,75,14,2
"111","KITUI","MIGWANI","SubCounty",17012,216,150,6278,1340,11927,4,6759,13,12272,127,80,1418,141,24,2
"112","KITUI","MUMONI","SubCounty",5646,91,144,2513,1132,4472,1,3345,3,4107,74,100,1184,7,12,NA
"113","KITUI","MUTITU","SubCounty",9766,138,103,4160,991,7372,74,5873,8,6835,116,37,1954,8,34,5
"114","KITUI","MUTITU NORTH","SubCounty",4303,99,65,1892,149,3181,4,2158,5,2776,90,48,1075,5,5,NA
"115","KITUI","MUTOMO","SubCounty",19832,193,110,9601,1717,14496,258,10818,19,14157,166,62,3774,15,34,5
"116","KITUI","MWINGI CENTRAL","SubCounty",19371,307,301,7504,1526,14598,7,10481,17,13058,287,189,3494,37,51,9
"117","KITUI","MWINGI EAST","SubCounty",15945,115,168,6853,824,12054,18,9688,10,11077,153,79,3736,10,24,3
"118","KITUI","NZAMBANI","SubCounty",9189,217,91,3034,290,5131,NA,2065,9,5649,158,147,787,50,13,1
"119","KITUI","THAGICU","SubCounty",2968,41,126,1350,1547,2464,1,1697,5,2152,94,100,405,3,2,2
"120","KITUI","TSEIKURU","SubCounty",7353,87,89,3281,3428,5658,8,5062,6,4992,94,54,1593,5,48,8
"121","MACHAKOS","MACHAKOS","County",231341,12759,4057,103561,34152,113642,96,19679,427,143193,5072,2606,6284,7966,500,68
"122","MACHAKOS","ATHI RIVER","SubCounty",13071,908,384,4053,2442,4720,10,840,103,7566,706,395,170,350,57,5
"123","MACHAKOS","KALAMA","SubCounty",11334,534,267,5531,945,6429,7,497,6,7298,237,149,207,266,28,3
"124","MACHAKOS","KANGUNDO","SubCounty",23045,2134,311,8921,2432,8352,8,835,48,13606,533,223,299,1541,33,2
"125","MACHAKOS","KATHIANI","SubCounty",24578,1643,396,8796,2938,8195,5,547,18,13818,442,190,177,1102,27,2
"126","MACHAKOS","MACHAKOS","SubCounty",26753,1783,398,8026,2383,9831,9,541,35,14011,644,299,216,959,40,NA
"127","MACHAKOS","MASINGA","SubCounty",30328,673,448,16828,5885,20093,20,3189,42,21012,521,264,1857,630,106,22
"128","MACHAKOS","MATUNGULU","SubCounty",29763,1088,366,12402,7460,10378,11,253,84,16733,578,349,414,1528,66,11
"129","MACHAKOS","MWALA","SubCounty",39928,2491,982,21862,3517,24657,14,7143,32,27496,826,428,1437,964,68,19
"130","MACHAKOS","YATTA","SubCounty",32541,1505,505,17142,6150,20987,12,5834,59,21653,585,309,1507,626,75,4
"131","MAKUENI","MAKUENI","County",193531,9659,3192,96923,27988,118982,73,30697,129,133836,4986,2755,12302,3675,324,66
"132","MAKUENI","KATHONZWENI","SubCounty",15666,609,180,8860,2296,12320,7,7244,10,12254,196,125,1936,96,21,6
"133","MAKUENI","KIBWEZI","SubCounty",33820,708,434,15179,5902,23851,8,2515,20,22767,717,355,2752,247,61,16
"134","MAKUENI","KILUNGU","SubCounty",12881,1121,225,5694,1265,5833,11,559,4,8451,505,270,547,562,23,2
"135","MAKUENI","MAKINDU","SubCounty",14334,295,197,5562,2669,9872,12,996,9,9635,343,326,1343,128,21,2
"136","MAKUENI","MAKUENI","SubCounty",26021,1544,523,13900,2339,14213,10,4645,23,17975,570,258,1425,803,62,21
"137","MAKUENI","MBOONI EAST","SubCounty",21461,1128,578,12220,1627,14226,4,7193,12,15467,976,501,1446,312,29,5
"138","MAKUENI","MBOONI WEST","SubCounty",22069,1890,351,9220,2011,10244,3,747,6,14219,744,469,453,563,27,4
"139","MAKUENI","MUKAA","SubCounty",22133,1095,266,12962,5285,13402,5,1925,22,15604,341,200,897,488,34,1
"140","MAKUENI","NZAUI","SubCounty",25146,1269,438,13326,4594,15021,13,4873,23,17464,594,251,1503,476,46,9
"141","NYANDARUA","NYANDARUA","County",140854,62978,9637,23151,53860,12196,NA,6668,512,80850,7065,1996,2442,9263,233,16
"142","NYANDARUA","KINANGOP","SubCounty",23636,13083,1741,1297,8503,688,NA,635,37,11473,1371,325,194,1529,25,3
"143","NYANDARUA","NYANDARUA SOUTH","SubCounty",20400,12458,2009,1977,7688,409,NA,643,10,10747,1301,275,370,1752,23,1
"144","NYANDARUA","MIRANGINE","SubCounty",14488,7888,1142,1422,5381,649,NA,1160,24,8013,533,167,127,878,26,5
"145","NYANDARUA","KIPIPIRI","SubCounty",21702,9357,1760,5081,9301,1165,NA,954,32,12813,1405,600,641,1223,36,1
"146","NYANDARUA","NYANDARUA CENTRAL","SubCounty",16111,6015,838,2448,6309,1796,NA,1519,72,9754,857,208,258,952,33,1
"147","NYANDARUA","NYANDARUA WEST","SubCounty",21047,7930,1192,3089,7768,2251,NA,826,89,12591,931,214,285,1495,24,1
"148","NYANDARUA","NYANDARUA NORTH","SubCounty",23468,6245,955,7837,8909,5238,NA,931,248,15457,665,206,567,1434,66,4
"149","NYANDARUA","ABERDARE NATIONAL PARK","SubCounty",2,2,NA,NA,1,NA,NA,NA,NA,2,2,1,NA,NA,NA,NA
"150","NYERI","NYERI","County",164229,51342,7267,28563,33893,41183,NA,439,2305,84273,8973,2370,3514,9302,718,58
"151","NYERI","TETU","SubCounty",20387,8151,1174,1849,3164,4905,NA,19,353,10087,1722,432,507,1132,94,12
"152","NYERI","KIENI EAST","SubCounty",23138,3910,441,8360,8961,4308,NA,94,128,14277,579,131,551,1606,164,4
"153","NYERI","KIENI WEST","SubCounty",21942,5477,760,7504,7928,4320,NA,251,67,13258,848,247,792,1440,61,9
"154","NYERI","MATHIRA EAST","SubCounty",20473,6432,956,2593,3225,4191,NA,9,540,8847,1121,280,193,1046,64,1
"155","NYERI","MATHIRA WEST","SubCounty",15919,4907,516,2295,3675,4188,NA,23,294,8785,625,171,347,800,66,9
"156","NYERI","NYERI SOUTH","SubCounty",21243,7718,1186,2573,2538,4863,NA,3,320,8720,1470,353,323,1198,83,9
"157","NYERI","MUKURWE-INI","SubCounty",22973,10494,1671,1665,1553,10379,NA,3,229,12457,1443,410,538,1406,109,8
"158","NYERI","NYERI CENTRAL","SubCounty",18108,4251,562,1716,2841,4029,NA,37,374,7832,1165,346,262,674,77,6
"159","NYERI","MT. KENYA FOREST","SubCounty",44,1,1,8,8,NA,NA,NA,NA,10,NA,NA,1,NA,NA,NA
"160","NYERI","ABERDARE FOREST","SubCounty",2,1,NA,NA,NA,NA,NA,NA,NA,NA,NA,NA,NA,NA,NA,NA
"161","KIRINYAGA","KIRINYAGA","County",139866,29013,8588,25622,9616,42477,NA,564,2410,74137,4680,2007,2844,8727,606,54
"162","KIRINYAGA","KIRINYAGA CENTRAL","SubCounty",27890,7798,2414,3181,1375,8413,NA,5,782,14507,940,452,357,1989,76,6
"163","KIRINYAGA","KIRINYAGA EAST","SubCounty",36150,9861,3329,6230,2416,9521,NA,10,507,20145,1426,589,1527,2465,179,17
"164","KIRINYAGA","KIRINYAGA WEST","SubCounty",27280,7548,1859,3531,1882,9961,NA,19,396,14535,963,409,439,2032,191,17
"165","KIRINYAGA","MWEA EAST","SubCounty",25729,2280,633,6508,1956,8649,NA,196,360,13335,738,344,373,1339,102,7
"166","KIRINYAGA","MWEA WEST","SubCounty",22809,1525,352,6172,1987,5933,NA,334,365,11612,613,213,148,902,58,7
"167","KIRINYAGA","MT. KENYA FOREST","SubCounty",8,1,1,NA,NA,NA,NA,NA,NA,3,NA,NA,NA,NA,NA,NA
"168","MURANG'A","MURANG'A","County",231400,82912,17983,30738,22478,66761,NA,621,11053,117623,10341,3161,3488,14565,428,36
"169","MURANG'A","MURANG'A EAST","SubCounty",21474,5511,909,4319,1338,9341,NA,19,338,12245,969,264,326,1292,54,6
"170","MURANG'A","KANGEMA","SubCounty",20585,8528,2299,2175,2785,6191,NA,NA,189,8654,1647,395,295,1506,35,2
"171","MURANG'A","MATHIOYA","SubCounty",23395,10944,2050,2222,2269,7060,NA,4,247,10618,1798,510,361,1606,41,3
"172","MURANG'A","KAHURO","SubCounty",23127,11942,2645,1691,3638,6868,NA,4,263,12794,1139,493,256,1267,42,3
"173","MURANG'A","MURANG'A SOUTH","SubCounty",37654,8616,1521,6484,2705,12698,NA,288,2876,21579,926,397,706,2739,74,8
"174","MURANG'A","GATANGA","SubCounty",35429,9867,3239,5856,2763,10904,NA,131,1483,17661,1255,367,863,1964,73,3
"175","MURANG'A","KIGUMO","SubCounty",31110,13140,2692,3962,4274,5345,NA,33,1480,14926,1204,379,285,1733,59,6
"176","MURANG'A","KANDARA","SubCounty",38624,14364,2628,4028,2706,8354,NA,142,4177,19145,1403,356,396,2458,50,5
"177","MURANG'A","ABERDARE FOREST","SubCounty",2,NA,NA,1,NA,NA,NA,NA,NA,1,NA,NA,NA,NA,NA,NA
"178","KIAMBU","KIAMBU","County",214052,67014,9559,10511,30251,21854,NA,3891,9731,92248,14138,4156,1535,7577,379,52
"179","KIAMBU","GATUNDU NORTH","SubCounty",21532,8476,1752,1090,3478,3425,NA,38,334,8758,1580,271,261,1025,22,3
"180","KIAMBU","GATUNDU SOUTH","SubCounty",25074,10414,1615,1195,4686,3028,NA,21,483,11795,1241,383,256,930,55,10
"181","KIAMBU","GITHUNGURI","SubCounty",29745,14861,1336,1230,2418,2105,NA,103,911,12195,1672,530,164,849,27,4
"182","KIAMBU","JUJA","SubCounty",15859,1457,303,1148,1659,2595,NA,205,452,9001,1077,402,94,808,45,8
"183","KIAMBU","KABETE","SubCounty",15713,4188,600,464,1352,899,NA,130,2176,5159,1116,322,41,401,29,3
"184","KIAMBU","KIAMBAA","SubCounty",13339,2673,364,540,1415,1144,NA,114,1230,4659,930,322,61,381,17,2
"185","KIAMBU","KIAMBU","SubCounty",10505,2156,289,318,874,1251,NA,51,1413,3919,946,325,86,429,28,4
"186","KIAMBU","KIKUYU","SubCounty",17693,3771,479,575,2447,1896,NA,957,1336,8393,1066,321,141,416,25,1
"187","KIAMBU","LARI","SubCounty",25602,11369,1636,1547,6324,1007,NA,988,144,11012,1646,387,178,1110,38,3
"188","KIAMBU","LIMURU","SubCounty",19202,5747,745,648,3982,1168,NA,1106,536,7653,1238,247,127,471,22,4
"189","KIAMBU","RUIRU","SubCounty",8590,748,217,407,626,1226,NA,112,287,4402,827,341,35,320,32,6
"190","KIAMBU","THIKA EAST","SubCounty",4700,389,50,1123,678,1246,NA,47,107,2673,150,36,67,212,17,NA
"191","KIAMBU","THIKA WEST","SubCounty",6498,765,173,226,312,864,NA,19,322,2629,649,269,24,225,22,4
"192","TURKANA","TURKANA","County",61209,561,308,10117,40870,52740,15589,13570,67,5501,695,466,302,45,333,101
"193","TURKANA","KIBISH","SubCounty",3955,88,53,2196,3404,3707,526,2294,1,190,23,24,2,4,16,NA
"194","TURKANA","LOIMA","SubCounty",9743,91,39,976,5896,8656,2616,1565,17,1055,161,130,53,13,56,11
"195","TURKANA","TURKANA CENTRAL","SubCounty",11229,101,62,330,7132,9785,1826,731,14,1442,200,108,8,12,106,41
"196","TURKANA","TURKANA EAST","SubCounty",9618,73,38,2714,7482,8223,4243,2735,13,801,92,49,136,3,54,5
"197","TURKANA","TURKANA NORTH","SubCounty",6956,57,41,425,4309,6526,1484,1172,5,548,48,44,3,1,27,30
"198","TURKANA","TURKANA SOUTH","SubCounty",10257,68,20,902,6178,8059,2447,1203,5,907,106,74,65,4,31,3
"199","TURKANA","TURKANA WEST","SubCounty",9451,83,55,2574,6469,7784,2447,3870,12,558,65,37,35,8,43,11
"200","WEST POKOT","WEST POKOT","County",89828,11076,3253,51874,40004,48267,3281,3378,64,52039,2376,1419,15207,228,518,87
"201","WEST POKOT","KIPKOMO","SubCounty",14921,1075,518,9283,7446,8004,18,949,9,10246,449,280,2079,54,58,6
"202","WEST POKOT","POKOT CENTRAL","SubCounty",17573,549,288,9374,6402,10625,435,230,3,9123,268,99,1911,15,55,10
"203","WEST POKOT","POKOT NORTH","SubCounty",20563,751,737,14950,9292,16945,2457,493,30,10563,455,289,5888,34,144,38
"204","WEST POKOT","POKOT SOUTH","SubCounty",12241,6033,819,4173,6068,1385,6,631,3,7743,425,170,1202,39,65,6
"205","WEST POKOT","WEST POKOT","SubCounty",24530,2668,891,14094,10796,11308,365,1075,19,14364,779,581,4127,86,196,27
"206","SAMBURU","SAMBURU","County",43149,1046,1112,29629,34813,34279,9204,9857,48,13709,634,367,3642,62,145,31
"207","SAMBURU","SAMBURU CENTRAL","SubCounty",22176,681,663,15372,17003,14671,1843,1904,20,9358,446,212,2377,46,78,6
"208","SAMBURU","SAMBURU EAST","SubCounty",11460,242,301,7544,10104,10780,3784,5126,13,2914,125,64,468,5,20,3
"209","SAMBURU","SAMBURU NORTH","SubCounty",9513,123,148,6713,7706,8828,3577,2827,15,1437,63,91,797,11,47,22
"210","TRANS NZOIA","TRANS NZOIA","County",140249,34268,3327,33315,33309,7090,NA,3257,670,76678,5329,2025,1959,895,664,86
"211","TRANS NZOIA","TRANS NZOIA WEST","SubCounty",23540,3464,425,7541,5255,1504,NA,900,211,12919,698,294,299,135,101,13
"212","TRANS NZOIA","TRANS NZOIA EAST","SubCounty",36921,14150,992,6653,10280,934,NA,699,95,20374,1451,360,789,206,184,14
"213","TRANS NZOIA","KWANZA","SubCounty",28502,6666,731,6514,6844,853,NA,388,147,14788,1194,563,232,168,159,31
"214","TRANS NZOIA","ENDEBESS","SubCounty",16775,2611,384,5446,5146,2004,NA,1050,58,9076,440,198,220,76,30,4
"215","TRANS NZOIA","KIMININI","SubCounty",34511,7377,795,7161,5784,1795,NA,220,159,19521,1546,610,419,310,190,24
"216","UASIN GISHU","UASIN GISHU","County",141547,44163,3056,42622,44277,6478,19,1693,847,73895,5430,1773,5442,1047,477,61
"217","UASIN GISHU","AINABKOI","SubCounty",17845,6434,614,4985,7021,530,3,116,97,8877,790,364,862,169,58,8
"218","UASIN GISHU","KAPSERET","SubCounty",16891,6064,517,2764,3682,625,1,55,234,8132,889,296,458,130,62,3
"219","UASIN GISHU","KESSES","SubCounty",24309,9445,729,6667,7519,563,3,735,42,11969,948,230,998,233,53,5
"220","UASIN GISHU","MOIBEN","SubCounty",22915,4796,374,10454,10281,1801,3,288,144,12264,694,250,1630,231,113,16
"221","UASIN GISHU","SOY","SubCounty",33352,10563,371,9815,10157,1385,4,443,79,18855,1011,281,900,133,90,12
"222","UASIN GISHU","TURBO","SubCounty",26235,6861,451,7937,5617,1574,5,56,251,13798,1098,352,594,151,101,17
"223","ELGEYO/MARAKWET","ELGEYO/MARAKWET","County",74881,13432,1802,31393,27835,10730,21,1708,49,32412,1512,670,5141,530,260,35
"224","ELGEYO/MARAKWET","KEIYO NORTH","SubCounty",15190,1902,177,6845,5631,1816,7,163,7,6608,207,60,910,157,27,2
"225","ELGEYO/MARAKWET","KEIYO SOUTH","SubCounty",21518,5304,774,9063,8509,2877,5,531,11,10318,574,216,1859,172,105,10
"226","ELGEYO/MARAKWET","MARAKWET EAST","SubCounty",15779,1462,328,6168,5397,4056,6,127,6,5108,184,109,1083,22,33,6
"227","ELGEYO/MARAKWET","MARAKWET WEST","SubCounty",22394,4764,523,9317,8298,1981,3,887,25,10378,547,285,1289,179,95,17
"228","NANDI","NANDI","County",148887,54653,5315,43268,28054,10032,NA,3116,201,78490,6867,2285,3937,1248,777,79
"229","NANDI","CHESUMEI","SubCounty",26835,13575,1063,4170,5720,647,NA,36,29,13598,1752,531,586,265,118,10
"230","NANDI","NANDI CENTRAL","SubCounty",23951,8901,868,5918,3902,970,NA,51,57,11421,1265,326,664,255,118,8
"231","NANDI","NANDI EAST","SubCounty",16777,6573,557,3999,2603,722,NA,402,12,7514,799,292,460,97,85,6
"232","NANDI","NANDI NORTH","SubCounty",30073,13536,1576,7845,8001,1075,NA,337,68,17300,1352,537,908,163,156,26
"233","NANDI","NANDI SOUTH","SubCounty",31054,8776,910,11798,5195,3179,NA,488,30,17656,1209,334,703,294,223,23
"234","NANDI","TINDERET","SubCounty",20197,3292,341,9538,2633,3439,NA,1802,5,11001,490,265,616,174,77,6
"235","BARINGO","BARINGO","County",100465,13012,2709,45272,37159,45686,4368,6093,76,53611,2032,1029,17720,627,468,81
"236","BARINGO","BARINGO CENTRAL","SubCounty",15137,2643,470,4770,3549,4672,4,211,2,7357,362,133,1839,96,33,6
"237","BARINGO","BARINGO NORTH","SubCounty",18409,2069,399,7176,5279,8558,12,59,6,9681,349,241,3365,71,23,2
"238","BARINGO","EAST POKOT","SubCounty",9565,406,451,5888,5644,8703,3165,617,9,3137,170,182,3484,17,137,45
"239","BARINGO","KOIBATEK","SubCounty",21544,6416,815,7012,7393,2012,6,2178,35,11807,594,232,1000,368,45,8
"240","BARINGO","MARIGAT","SubCounty",13596,568,207,6332,4469,7552,7,903,4,7956,235,97,2565,27,61,6
"241","BARINGO","MOGOTIO","SubCounty",13607,722,181,8786,5591,6751,9,1489,17,9436,145,67,3174,42,46,8
"242","BARINGO","TIATY EAST","SubCounty",8607,188,186,5308,5234,7438,1165,636,3,4237,177,77,2293,6,123,6
"243","LAIKIPIA","LAIKIPIA","County",90729,9243,1865,35051,37789,29474,899,4212,328,50215,2317,618,2982,2226,353,26
"244","LAIKIPIA","LAIKIPIA CENTRAL","SubCounty",18787,2489,413,8431,8399,5885,17,779,92,13016,478,106,567,839,125,3
"245","LAIKIPIA","LAIKIPIA EAST","SubCounty",13192,1338,244,4793,5557,4303,131,374,81,7117,550,131,355,383,134,13
"246","LAIKIPIA","LAIKIPIA NORTH","SubCounty",5898,26,87,3833,4834,5133,506,770,5,2847,53,29,1072,4,7,1
"247","LAIKIPIA","LAIKIPIA WEST","SubCounty",24338,1330,636,9660,10228,9276,236,1109,43,11744,465,189,508,314,33,4
"248","LAIKIPIA","NYAHURURU","SubCounty",28514,4060,485,8334,8771,4877,9,1180,107,15491,771,163,480,686,54,5
"249","NAKURU","NAKURU","County",283652,52739,6781,67473,76438,33712,61,15750,1700,140607,10631,3421,5935,7001,517,56
"250","NAKURU","GILGIL","SubCounty",27273,2303,452,7735,8013,4912,2,1931,165,15496,924,318,506,849,46,2
"251","NAKURU","KURESOI NORTH","SubCounty",33190,8714,991,9862,8937,2244,2,2737,28,14337,1202,360,1211,504,65,12
"252","NAKURU","KURESOI SOUTH","SubCounty",28030,9497,1030,10250,6647,2158,1,1037,6,14374,1071,347,1478,257,52,4
"253","NAKURU","MOLO","SubCounty",26641,6358,762,4071,7749,1712,6,1227,47,12251,1130,371,585,779,23,3
"254","NAKURU","NAIVASHA","SubCounty",33061,5273,1022,6839,10321,4740,11,2891,250,16707,1347,485,399,1118,57,9
"255","NAKURU","NAKURU EAST","SubCounty",8876,824,140,350,1094,849,5,39,109,3458,573,233,28,208,30,2
"256","NAKURU","NAKURU NORTH","SubCounty",28990,4640,536,3025,7420,3010,4,418,353,14755,1201,350,86,966,51,6
"257","NAKURU","NAKURU WEST","SubCounty",8752,1068,158,1117,1018,823,2,53,124,2913,486,183,41,87,18,1
"258","NAKURU","NJORO","SubCounty",41771,6560,643,10479,11983,5171,11,4012,241,20570,1246,346,963,1262,61,9
"259","NAKURU","RONGAI","SubCounty",29568,4813,642,9195,8138,4848,11,655,97,15727,851,230,326,425,66,4
"260","NAKURU","SUBUKIA","SubCounty",17500,2689,405,4550,5118,3245,6,750,280,10019,600,198,312,546,48,4
"261","NAROK","NAROK","County",181706,19843,7266,114651,86756,65365,142,50087,169,95746,4169,2245,10552,723,620,118
"262","NAROK","NAROK EAST","SubCounty",19206,2188,845,9837,10745,7835,10,5723,39,8256,345,245,585,57,113,19
"263","NAROK","NAROK NORTH","SubCounty",35447,3827,1595,18493,19403,8386,23,13724,55,15082,834,456,1202,153,141,25
"264","NAROK","NAROK SOUTH","SubCounty",40248,6456,1999,25658,19019,17658,51,10691,30,19979,998,591,2383,226,122,24
"265","NAROK","NAROK WEST","SubCounty",30259,2317,1191,22226,16849,17535,23,5755,15,15331,817,413,1696,108,84,20
"266","NAROK","TRANS MARA EAST","SubCounty",18907,2059,540,12801,5877,3343,16,2411,10,13906,450,171,1569,115,71,19
"267","NAROK","TRANS MARA WEST","SubCounty",37639,2996,1096,25636,14863,10608,19,11783,20,23192,725,369,3117,64,89,11
"268","NAROK","MAU FOREST","SubCounty",NA,NA,NA,NA,NA,NA,NA,NA,NA,NA,NA,NA,NA,NA,NA,NA
"269","KAJIADO","KAJIADO","County",97565,7099,4171,46503,54683,55397,141,21213,683,34071,2838,1330,1908,1075,379,79
"270","KAJIADO","ISINYA","SubCounty",6584,672,500,2492,2977,2130,7,357,82,2924,403,221,77,134,66,13
"271","KAJIADO","KAJIADO CENTRAL","SubCounty",19641,717,848,14709,16132,15176,53,9312,53,5270,348,144,351,55,65,8
"272","KAJIADO","KAJIADO NORTH","SubCounty",10726,1177,240,639,1065,1366,5,165,274,5648,781,386,127,348,46,9
"273","KAJIADO","KAJIADO WEST","SubCounty",23089,1539,1466,12590,16498,15734,33,6737,95,5206,528,219,555,157,106,32
"274","KAJIADO","LOITOKITOK","SubCounty",29501,2831,909,10591,12517,15050,35,2221,169,10983,697,293,651,361,75,16
"275","KAJIADO","MASHUURU","SubCounty",8024,163,208,5482,5494,5941,8,2421,10,4040,81,67,147,20,21,1
"276","KERICHO","KERICHO","County",150845,35358,2708,65545,14603,19020,NA,9640,78,71678,4693,1380,2856,1049,392,50
"277","KERICHO","BELGUT","SubCounty",23573,7221,359,7819,797,1577,NA,162,7,9603,850,178,174,106,37,8
"278","KERICHO","BURETI","SubCounty",33285,10651,576,12876,2298,1342,NA,354,20,14658,1232,330,239,206,90,9
"279","KERICHO","KERICHO EAST","SubCounty",23273,6317,518,8834,1241,2513,NA,650,11,10788,650,185,324,189,65,9
"280","KERICHO","KIPKELION","SubCounty",22836,2699,319,11965,2988,5563,NA,3429,11,12402,540,218,1010,154,79,6
"281","KERICHO","LONDIANI","SubCounty",25049,4607,565,11682,5801,1883,NA,2103,21,11650,754,209,860,295,45,6
"282","KERICHO","SOIN SIGOWET","SubCounty",22829,3863,371,12369,1478,6142,NA,2942,8,12577,667,260,249,99,76,12
"283","BOMET","BOMET","County",152564,39352,3224,79001,21929,20598,NA,8856,54,90671,5682,1463,4719,1590,350,48
"284","BOMET","BOMET EAST","SubCounty",26472,4894,682,15643,2136,7070,NA,4392,16,15420,901,213,615,336,54,5
"285","BOMET","CHEPALUNGU","SubCounty",31910,7120,641,19638,7051,8051,NA,2322,5,24822,1236,255,1641,367,64,10
"286","BOMET","KONOIN","SubCounty",23845,6523,422,9678,3176,974,NA,255,7,9764,987,304,827,99,70,16
"287","BOMET","SOTIK","SubCounty",40497,11994,932,20554,6262,2468,NA,876,14,25677,1681,458,968,579,110,8
"288","BOMET","BOMET CENTRAL","SubCounty",29840,8821,547,13488,3304,2035,NA,1011,12,14988,877,233,668,209,52,9
"289","KAKAMEGA","KAKAMEGA","County",335269,36597,6663,143364,21609,33506,NA,448,14057,197524,8854,3802,2335,3956,2110,253
"290","KAKAMEGA","BUTERE","SubCounty",29189,1880,414,13981,1627,3891,NA,13,541,17197,515,241,85,302,141,14
"291","KAKAMEGA","KAKAMEGA CENTRAL","SubCounty",25461,3063,606,9084,1161,2360,NA,4,1087,14460,911,452,95,343,214,19
"292","KAKAMEGA","KAKAMEGA EAST","SubCounty",31632,2995,905,14180,1393,1580,NA,82,4126,19794,762,356,428,668,168,25
"293","KAKAMEGA","KAKAMEGA NORTH","SubCounty",43441,8335,1445,17670,2167,5147,NA,91,309,27340,1556,519,713,510,309,30
"294","KAKAMEGA","KAKAMEGA SOUTH","SubCounty",22218,1713,344,10506,853,1282,NA,11,2930,13914,308,113,65,428,66,10
"295","KAKAMEGA","KHWISERO","SubCounty",23443,1252,218,11631,922,3103,NA,50,606,14601,314,151,78,374,129,9
"296","KAKAMEGA","LIKUYANI","SubCounty",24849,4003,491,6500,4231,1020,NA,119,283,12166,1050,386,208,135,176,25
"297","KAKAMEGA","LUGARI","SubCounty",23281,3545,524,8988,2463,2527,NA,27,1843,14310,846,310,253,242,110,14
"298","KAKAMEGA","MATETE","SubCounty",11488,1666,279,4642,522,1415,NA,7,205,6264,420,181,124,104,54,11
"299","KAKAMEGA","MATUNGU","SubCounty",30321,1953,485,14223,1691,3358,NA,19,888,16562,744,458,75,157,260,35
"300","KAKAMEGA","MUMIAS EAST","SubCounty",21549,1944,275,10332,1226,1811,NA,5,301,12778,377,185,58,286,148,11
"301","KAKAMEGA","MUMIAS WEST","SubCounty",19375,1236,256,7630,1742,1671,NA,9,522,10486,483,268,40,160,110,12
"302","KAKAMEGA","NAVAKHOLO","SubCounty",29022,3012,421,13997,1611,4341,NA,11,416,17652,568,182,113,247,225,38
"303","VIHIGA","VIHIGA","County",113753,12316,1151,54900,2946,14395,NA,37,1324,72658,2399,821,338,1961,478,23
"304","VIHIGA","EMUHAYA","SubCounty",20210,1716,182,10821,458,1946,NA,18,296,13378,247,82,70,486,102,6
"305","VIHIGA","VIHIGA","SubCounty",18652,1985,134,9715,350,3555,NA,1,98,12687,411,106,34,192,83,4
"306","VIHIGA","SABATIA","SubCounty",25789,4315,251,11159,735,2787,NA,7,329,16937,686,188,86,422,78,1
"307","VIHIGA","LUANDA","SubCounty",20058,1745,285,9114,565,2386,NA,8,311,12036,381,201,31,425,75,3
"308","VIHIGA","HAMISI","SubCounty",29042,2555,299,14091,838,3721,NA,3,290,17620,674,244,117,436,140,9
"309","VIHIGA","KAKAMEGA FOREST","SubCounty",2,NA,NA,NA,NA,NA,NA,NA,NA,NA,NA,NA,NA,NA,NA,NA
"310","BUNGOMA","BUNGOMA","County",280445,32344,5254,113733,25103,40859,NA,4094,5377,161433,6497,2341,3247,2587,1408,217
"311","BUNGOMA","BUMULA","SubCounty",39540,2940,596,17744,1592,7213,NA,69,1776,23086,963,375,161,289,265,30
"312","BUNGOMA","BUNGOMA CENTRAL","SubCounty",31835,4082,607,12965,2254,5047,NA,210,688,19039,683,241,212,432,136,21
"313","BUNGOMA","BUNGOMA EAST","SubCounty",19688,2272,350,8331,1391,2079,NA,3,305,11284,331,119,281,234,69,12
"314","BUNGOMA","BUNGOMA NORTH","SubCounty",20848,3128,454,8399,3072,1615,NA,9,186,12663,610,216,310,191,111,11
"315","BUNGOMA","BUNGOMA SOUTH","SubCounty",41443,5165,707,14109,1722,6598,NA,120,671,22116,977,360,251,374,248,34
"316","BUNGOMA","CHEPTAIS","SubCounty",22457,2431,578,9257,3266,3141,NA,2191,453,12333,508,145,579,68,116,47
"317","BUNGOMA","KIMILILI","SubCounty",25205,3546,612,8484,2335,2334,NA,54,210,12652,569,207,150,234,126,15
"318","BUNGOMA","MT. ELGON","SubCounty",12376,1504,192,6524,2817,1746,NA,970,53,7231,217,50,408,71,46,4
"319","BUNGOMA","BUNGOMA WEST","SubCounty",22145,1656,297,9483,1179,6046,NA,176,336,13724,467,96,141,159,93,18
"320","BUNGOMA","TONGAREN","SubCounty",17578,2453,354,6142,3359,928,NA,21,135,10576,539,223,236,116,84,12
"321","BUNGOMA","WEBUYE WEST","SubCounty",26624,3166,507,11677,1583,3781,NA,8,564,16214,632,309,172,418,114,13
"322","BUNGOMA","MT. ELGON FOREST","SubCounty",706,1,NA,618,533,331,NA,263,NA,515,1,NA,346,1,NA,NA
"323","BUSIA","BUSIA","County",148257,5059,1928,62969,7555,28082,NA,145,29180,88203,2895,1331,629,1313,506,57
"324","BUSIA","BUNYALA","SubCounty",12676,211,106,4432,480,3242,NA,6,2404,6623,195,146,16,38,57,9
"325","BUSIA","BUSIA","SubCounty",19412,930,307,7780,1160,2714,NA,17,4663,10949,511,330,54,201,65,8
"326","BUSIA","BUTULA","SubCounty",26650,910,321,12105,1541,2938,NA,10,3121,15530,454,180,47,234,67,9
"327","BUSIA","NAMBALE","SubCounty",19743,1010,293,9907,1191,2505,NA,34,3028,11880,624,212,63,160,81,9
"328","BUSIA","SAMIA","SubCounty",19701,365,111,7733,1195,4595,NA,4,5103,11395,152,76,131,227,83,6
"329","BUSIA","TESO NORTH","SubCounty",23180,731,313,9919,885,6294,NA,58,3358,15460,356,126,195,172,77,6
"330","BUSIA","TESO SOUTH","SubCounty",26895,902,477,11093,1103,5794,NA,16,7503,16366,603,261,123,281,76,10
"331","SIAYA","SIAYA","County",194362,3956,1467,85837,35629,43129,NA,3222,5145,111991,2186,1173,441,1208,564,311
"332","SIAYA","SIAYA","SubCounty",44532,1056,415,19842,8016,8579,NA,193,1535,25938,485,273,115,229,118,25
"333","SIAYA","GEM","SubCounty",38224,983,259,17369,7412,6967,NA,389,1146,22512,364,170,67,362,137,19
"334","SIAYA","UGENYA","SubCounty",27847,435,253,11114,4097,4408,NA,19,1325,14554,434,246,44,243,51,6
"335","SIAYA","UGUNJA","SubCounty",21054,450,83,9757,3646,2700,NA,19,543,12462,231,76,25,204,58,7
"336","SIAYA","BONDO","SubCounty",32920,600,239,14597,5720,11645,NA,1154,419,19152,372,235,105,96,130,220
"337","SIAYA","RARIEDA","SubCounty",29785,432,218,13158,6738,8830,NA,1448,177,17373,300,173,85,74,70,34
"338","KISUMU","KISUMU","County",147117,4642,1632,60438,34871,34414,NA,1912,537,81039,2634,1109,375,1082,698,138
"339","KISUMU","KISUMU EAST","SubCounty",16348,511,234,5291,2800,3018,NA,58,78,7993,362,191,33,122,107,22
"340","KISUMU","KISUMU CENTRAL","SubCounty",4157,186,94,799,456,707,NA,21,50,2010,200,147,12,41,37,15
"341","KISUMU","KISUMU WEST","SubCounty",23207,730,223,9454,2950,4489,NA,32,105,12800,269,103,22,228,85,16
"342","KISUMU","SEME","SubCounty",24014,700,180,11477,4784,6039,NA,414,156,14415,434,135,65,159,84,21
"343","KISUMU","MUHORONI","SubCounty",26368,791,230,10531,6764,5439,NA,460,74,13645,395,120,89,223,131,14
"344","KISUMU","NYANDO","SubCounty",26570,663,263,12382,9027,6878,NA,487,42,15105,297,124,66,131,142,28
"345","KISUMU","NYAKACH","SubCounty",26453,1061,408,10504,8090,7844,NA,440,32,15071,677,289,88,178,112,22
"346","HOMA BAY","HOMA BAY","County",193812,5830,2512,87253,36093,43402,NA,8416,1973,106788,3457,1780,608,762,939,174
"347","HOMA BAY","HOMA BAY","SubCounty",16401,551,186,7288,3442,2833,NA,596,31,8727,294,94,26,66,53,16
"348","HOMA BAY","NDHIWA","SubCounty",40976,1131,563,19548,6628,5856,NA,862,1763,22526,552,242,60,138,201,36
"349","HOMA BAY","RACHUONYO NORTH","SubCounty",32414,609,278,15057,7564,10279,NA,1556,23,18564,472,300,88,59,134,22
"350","HOMA BAY","RACHUONYO EAST","SubCounty",23388,1161,303,11294,5233,4893,NA,402,24,13734,475,355,152,209,117,6
"351","HOMA BAY","RACHUONYO SOUTH","SubCounty",23419,813,413,10889,4415,3523,NA,342,25,13298,495,233,100,148,113,18
"352","HOMA BAY","RANGWE","SubCounty",22145,1030,536,9759,4852,4019,NA,465,28,11676,753,348,43,66,105,16
"353","HOMA BAY","SUBA NORTH","SubCounty",17645,283,101,6829,2290,6336,NA,1876,40,9316,247,98,45,38,105,35
"354","HOMA BAY","SUBA SOUTH","SubCounty",17424,252,132,6589,1669,5663,NA,2317,39,8947,169,110,94,38,111,25
"355","MIGORI","MIGORI","County",169958,7284,2712,80615,19304,36599,NA,3192,855,93981,2942,1515,1512,822,848,116
"356","MIGORI","AWENDO","SubCounty",20101,794,325,7703,2511,2369,NA,25,247,9900,304,125,37,135,106,6
"357","MIGORI","KURIA EAST","SubCounty",14610,998,512,8248,2128,4536,NA,176,8,8847,394,268,388,51,112,26
"358","MIGORI","KURIA WEST","SubCounty",28212,1658,406,14962,1716,6243,NA,55,15,16530,487,251,866,158,178,25
"359","MIGORI","NYATIKE","SubCounty",26354,533,253,13922,3358,9420,NA,2007,70,15920,349,199,39,62,89,28
"360","MIGORI","RONGO","SubCounty",19910,1377,408,8208,2486,2188,NA,19,119,10023,504,204,34,132,107,13
"361","MIGORI","SUNA EAST","SubCounty",18705,559,144,8598,2209,3703,NA,216,19,10761,210,140,62,82,71,5
"362","MIGORI","SUNA WEST","SubCounty",17050,540,323,6977,2137,3214,NA,160,23,7773,403,216,45,36,64,5
"363","MIGORI","URIRI","SubCounty",25016,825,341,11997,2759,4926,NA,534,354,14227,291,112,41,166,121,8
"364","KISII","KISII","County",219853,28865,3065,87010,4425,24514,NA,1095,85,114896,11297,3856,666,1328,768,112
"365","KISII","ETAGO","SubCounty",15099,1457,198,6240,169,1420,NA,102,5,7721,527,162,35,86,63,13
"366","KISII","GUCHA","SubCounty",15067,1991,231,5796,274,1048,NA,32,5,7666,1001,283,35,75,48,6
"367","KISII","GUCHA SOUTH","SubCounty",15386,1610,324,6307,229,1526,NA,11,3,8357,885,446,46,78,85,21
"368","KISII","KENYENYA","SubCounty",23613,4003,347,8600,581,1753,NA,153,3,11290,1357,551,53,95,81,11
"369","KISII","KISII CENTRAL","SubCounty",24658,3486,223,9471,532,2630,NA,23,11,13486,1145,344,81,190,103,11
"370","KISII","KISII SOUTH","SubCounty",22532,2620,350,7918,221,2344,NA,10,15,10751,924,234,50,166,63,10
"371","KISII","KITUTU CENTRAL","SubCounty",20197,1935,206,6906,406,2697,NA,33,17,10148,802,310,61,179,68,8
"372","KISII","MARANI","SubCounty",21857,2058,223,10090,525,3681,NA,67,3,12111,742,262,119,116,79,5
"373","KISII","MASABA SOUTH","SubCounty",23932,3375,332,11522,791,3670,NA,543,5,14462,1707,477,70,151,29,3
"374","KISII","NYAMACHE","SubCounty",24952,4571,444,9258,435,2550,NA,77,9,12297,1651,583,77,102,88,21
"375","KISII","SAMETA","SubCounty",12560,1759,187,4902,262,1195,NA,44,9,6607,556,204,39,90,61,3
"376","NYAMIRA","NYAMIRA","County",110028,17463,1589,44501,3895,15487,NA,449,27,59702,5932,1923,762,760,440,64
"377","NYAMIRA","BORABU","SubCounty",10890,2992,241,3983,1028,1947,NA,119,11,6433,942,283,169,97,84,20
"378","NYAMIRA","MANGA","SubCounty",18096,2638,285,7329,486,2207,NA,32,2,10046,1011,321,156,177,77,5
"379","NYAMIRA","MASABA NORTH","SubCounty",20678,2685,219,9328,666,2461,NA,50,4,11684,867,259,117,130,76,9
"380","NYAMIRA","NYAMIRA NORTH","SubCounty",31900,4463,503,12624,907,5270,NA,166,7,16364,1980,635,153,190,82,11
"381","NYAMIRA","NYAMIRA SOUTH","SubCounty",28464,4685,341,11237,808,3602,NA,82,3,15175,1132,425,167,166,121,19
"382","NAIROBI CITY","NAIROBI CITY","County",32258,2286,595,1242,1754,3863,NA,286,1586,16471,3432,1813,154,1253,208,57
"383","NAIROBI CITY","DAGORETTI","SubCounty",5691,577,116,160,340,548,NA,15,548,2567,576,281,23,234,23,7
"384","NAIROBI CITY","EMBAKASI","SubCounty",3224,210,79,187,144,389,NA,44,188,1593,405,202,11,137,22,10
"385","NAIROBI CITY","KAMUKUNJI","SubCounty",459,14,10,13,23,32,NA,3,5,217,55,32,1,13,8,2
"386","NAIROBI CITY","KASARANI","SubCounty",6136,423,112,156,226,636,NA,27,286,2853,611,314,16,232,42,11
"387","NAIROBI CITY","KIBRA","SubCounty",737,44,12,45,35,71,NA,7,7,364,74,72,5,34,5,1
"388","NAIROBI CITY","LANG'ATA","SubCounty",1712,135,38,134,158,180,NA,18,37,675,141,58,40,52,29,7
"389","NAIROBI CITY","MAKADARA","SubCounty",639,32,11,15,18,64,NA,5,51,371,106,63,4,34,2,1
"390","NAIROBI CITY","MATHARE","SubCounty",735,42,24,46,47,107,NA,15,42,381,120,69,12,33,4,2
"391","NAIROBI CITY","NJIRU","SubCounty",10642,644,138,401,647,1643,NA,141,364,6636,1125,607,20,418,39,5
"392","NAIROBI CITY","STAREHE","SubCounty",483,40,23,35,21,51,NA,7,10,230,57,34,9,19,7,2
"393","NAIROBI CITY","WESTLANDS","SubCounty",1800,125,32,50,95,142,NA,4,48,584,162,81,13,47,27,9
