"","County","SubCounty","AdminArea","Owned","Purchased_No.","Purchased_Perc","Constructed_No.","Constructed_Perc","Inherited_No.","Inherited_Perc"
"1","xxx","KENYA","xxx",7379485,206186,2.8,6931471,93.9,241828,3.3
"2","xxx","RURAL","xxx",6387020,104846,1.6,6131108,96,151066,2.4
"3","xxx","URBAN","xxx",992465,101340,10.2,800363,80.6,90762,9.1
"4","MOMBASA","MOMBASA","County",78346,8289,10.6,58291,74.4,11766,15
"5","MOMBASA","CHANGAMWE","SubCounty",4531,680,15,2362,52.1,1489,32.9
"6","MOMBASA","JOMVU","SubCounty",14021,649,4.6,12295,87.7,1077,7.7
"7","MOMBASA","KISAUNI","SubCounty",25407,2198,8.7,21294,83.8,1915,7.5
"8","MOMBASA","LIKONI","SubCounty",17401,1100,6.3,14321,82.3,1980,11.4
"9","MOMBASA","MVITA","SubCounty",6516,1536,23.6,1759,27,3221,49.4
"10","MOMBASA","NYALI","SubCounty",10470,2126,20.3,6260,59.8,2084,19.9
"11","KWALE","KWALE","County",133135,1324,1,128618,96.6,3193,2.4
"12","KWALE","KINANGO","SubCounty",14679,42,0.3,14577,99.3,60,0.4
"13","KWALE","LUNGALUNGA","SubCounty",33298,428,1.3,32344,97.1,526,1.6
"14","KWALE","MATUGA","SubCounty",32740,294,0.9,31484,96.2,962,2.9
"15","KWALE","MSAMBWENI","SubCounty",23263,451,1.9,21427,92.1,1385,6
"16","KWALE","SAMBURU-KWALE","SubCounty",29155,109,0.4,28786,98.7,260,0.9
"17","KILIFI","KILIFI","County",199451,3021,1.5,192187,96.4,4243,2.1
"18","KILIFI","CHONYI","SubCounty",11098,31,0.3,10993,99.1,74,0.7
"19","KILIFI","GANZE","SubCounty",21647,217,1,21296,98.4,134,0.6
"20","KILIFI","KALOLENI","SubCounty",27636,214,0.8,26980,97.6,442,1.6
"21","KILIFI","KAUMA","SubCounty",3311,14,0.4,3283,99.2,14,0.4
"22","KILIFI","KILIFI NORTH","SubCounty",23143,311,1.3,22324,96.5,508,2.2
"23","KILIFI","KILIFI SOUTH","SubCounty",23385,661,2.8,22013,94.1,711,3
"24","KILIFI","MAGARINI","SubCounty",28655,317,1.1,27977,97.6,361,1.3
"25","KILIFI","MALINDI","SubCounty",41731,1191,2.9,38867,93.1,1673,4
"26","KILIFI","RABAI","SubCounty",18845,65,0.3,18454,97.9,326,1.7
"27","TANA RIVER","TANA RIVER","County",52564,1695,3.2,49705,94.6,1164,2.2
"28","TANA RIVER","TANA DELTA","SubCounty",19641,264,1.3,18989,96.7,388,2
"29","TANA RIVER","TANA NORTH","SubCounty",18245,1267,6.9,16572,90.8,406,2.2
"30","TANA RIVER","TANA RIVER","SubCounty",14678,164,1.1,14144,96.4,370,2.5
"31","LAMU","LAMU","County",23238,408,1.8,20969,90.2,1861,8
"32","LAMU","LAMU EAST","SubCounty",3289,98,3,2339,71.1,852,25.9
"33","LAMU","LAMU WEST","SubCounty",19949,310,1.6,18630,93.4,1009,5.1
"34","TAITA/TAVETA","TAITA/TAVETA","County",62688,638,1,58664,93.6,3386,5.4
"35","TAITA/TAVETA","MWATATE","SubCounty",16932,149,0.9,15788,93.2,995,5.9
"36","TAITA/TAVETA","TAITA","SubCounty",12467,50,0.4,11583,92.9,834,6.7
"37","TAITA/TAVETA","TAVETA","SubCounty",15358,146,1,14666,95.5,546,3.6
"38","TAITA/TAVETA","VOI","SubCounty",17931,293,1.6,16627,92.7,1011,5.6
"39","GARISSA","GARISSA","County",121453,14178,11.7,103042,84.8,4233,3.5
"40","GARISSA","BALAMBALA","SubCounty",3915,646,16.5,3180,81.2,89,2.3
"41","GARISSA","DADAAB","SubCounty",33111,3442,10.4,28360,85.7,1309,4
"42","GARISSA","FAFI","SubCounty",22297,3259,14.6,18435,82.7,603,2.7
"43","GARISSA","GARISSA","SubCounty",17884,2338,13.1,14718,82.3,828,4.6
"44","GARISSA","HULUGHO","SubCounty",19759,1711,8.7,17760,89.9,288,1.5
"45","GARISSA","IJARA","SubCounty",16577,2406,14.5,13565,81.8,606,3.7
"46","GARISSA","LAGDERA","SubCounty",7910,376,4.8,7024,88.8,510,6.4
"47","WAJIR","WAJIR","County",120367,10904,9.1,104965,87.2,4498,3.7
"48","WAJIR","BUNA","SubCounty",6327,570,9,5481,86.6,276,4.4
"49","WAJIR","ELDAS","SubCounty",13711,1570,11.5,11885,86.7,256,1.9
"50","WAJIR","HABASWEIN","SubCounty",29816,2226,7.5,26601,89.2,989,3.3
"51","WAJIR","TARBAJ","SubCounty",9139,1288,14.1,7446,81.5,405,4.4
"52","WAJIR","WAJIR EAST","SubCounty",14995,1470,9.8,12729,84.9,796,5.3
"53","WAJIR","WAJIR NORTH","SubCounty",9855,502,5.1,9143,92.8,210,2.1
"54","WAJIR","WAJIR SOUTH","SubCounty",20796,1891,9.1,17881,86,1024,4.9
"55","WAJIR","WAJIR WEST","SubCounty",15728,1387,8.8,13799,87.7,542,3.4
"56","MANDERA","MANDERA","County",114521,14365,12.5,95432,83.3,4724,4.1
"57","MANDERA","MANDERA WEST","SubCounty",13481,1307,9.7,11843,87.8,331,2.5
"58","MANDERA","BANISA","SubCounty",23613,2990,12.7,19515,82.6,1108,4.7
"59","MANDERA","KOTULO","SubCounty",9017,501,5.6,8282,91.8,234,2.6
"60","MANDERA","LAFEY","SubCounty",11066,2173,19.6,8473,76.6,420,3.8
"61","MANDERA","MANDERA CENTRAL","SubCounty",19324,2167,11.2,16066,83.1,1091,5.6
"62","MANDERA","MANDERA EAST","SubCounty",19682,3157,16,15844,80.5,681,3.5
"63","MANDERA","MANDERA NORTH","SubCounty",18338,2070,11.3,15409,84,859,4.7
"64","MARSABIT","MARSABIT","County",66082,1379,2.1,63625,96.3,1078,1.6
"65","MARSABIT","LOIYANGALANI","SubCounty",7376,145,2,7146,96.9,85,1.2
"66","MARSABIT","MARSABIT CENTRAL","SubCounty",10880,189,1.7,10342,95.1,349,3.2
"67","MARSABIT","MARSABIT NORTH","SubCounty",7338,61,0.8,7250,98.8,27,0.4
"68","MARSABIT","MARSABIT SOUTH","SubCounty",11151,154,1.4,10965,98.3,32,0.3
"69","MARSABIT","MOYALE","SubCounty",13395,331,2.5,12631,94.3,433,3.2
"70","MARSABIT","NORTH HORR","SubCounty",9449,320,3.4,9067,96,62,0.7
"71","MARSABIT","SOLOLO","SubCounty",6493,179,2.8,6224,95.9,90,1.4
"72","ISIOLO","ISIOLO","County",38285,1305,3.4,35481,92.7,1499,3.9
"73","ISIOLO","GARBATULLA","SubCounty",15450,808,5.2,13968,90.4,674,4.4
"74","ISIOLO","ISIOLO","SubCounty",14669,350,2.4,13550,92.4,769,5.2
"75","ISIOLO","MERTI","SubCounty",8166,147,1.8,7963,97.5,56,0.7
"76","MERU","MERU","County",313867,3520,1.1,301140,95.9,9207,2.9
"77","MERU","BUURI EAST","SubCounty",17740,333,1.9,16658,93.9,749,4.2
"78","MERU","BUURI WEST","SubCounty",13216,444,3.4,12143,91.9,629,4.8
"79","MERU","IGEMBE CENTRAL","SubCounty",42208,609,1.4,40604,96.2,995,2.4
"80","MERU","IGEMBE NORTH","SubCounty",31541,220,0.7,30131,95.5,1190,3.8
"81","MERU","IGEMBE SOUTH","SubCounty",29694,474,1.6,28155,94.8,1065,3.6
"82","MERU","IMENTI NORTH","SubCounty",30338,434,1.4,28454,93.8,1450,4.8
"83","MERU","IMENTI SOUTH","SubCounty",46723,216,0.5,45443,97.3,1064,2.3
"84","MERU","MERU CENTRAL","SubCounty",33046,190,0.6,32107,97.2,749,2.3
"85","MERU","TIGANIA CENTRAL","SubCounty",22213,244,1.1,21467,96.6,502,2.3
"86","MERU","TIGANIA EAST","SubCounty",14873,201,1.4,14342,96.4,330,2.2
"87","MERU","TIGANIA WEST","SubCounty",32080,155,0.5,31445,98,480,1.5
"88","MERU","MERU NATIONAL PARK","SubCounty",NA,NA,NA,NA,NA,NA,NA
"89","MERU","MT. KENYA FOREST","SubCounty",195,NA,NA,191,97.9,4,2.1
"90","THARAKA-NITHI","THARAKA-NITHI","County",90352,695,0.8,87153,96.5,2504,2.8
"91","THARAKA-NITHI","IGAMBANG'OMBE","SubCounty",12551,57,0.5,12186,97.1,308,2.5
"92","THARAKA-NITHI","MAARA","SubCounty",28925,198,0.7,27748,95.9,979,3.4
"93","THARAKA-NITHI","MERU SOUTH","SubCounty",20258,123,0.6,19509,96.3,626,3.1
"94","THARAKA-NITHI","THARAKA NORTH","SubCounty",12307,160,1.3,11885,96.6,262,2.1
"95","THARAKA-NITHI","THARAKA SOUTH","SubCounty",16311,157,1,15825,97,329,2
"96","THARAKA-NITHI","MT. KENYA FOREST","SubCounty",NA,NA,NA,NA,NA,NA,NA
"97","EMBU","EMBU","County",133108,1183,0.9,128143,96.3,3782,2.8
"98","EMBU","EMBU EAST","SubCounty",32844,184,0.6,31745,96.7,915,2.8
"99","EMBU","EMBU NORTH","SubCounty",20104,107,0.5,19166,95.3,831,4.1
"100","EMBU","EMBU WEST","SubCounty",19840,293,1.5,18592,93.7,955,4.8
"101","EMBU","MBEERE SOUTH","SubCounty",36283,457,1.3,35111,96.8,715,2
"102","EMBU","MBEERE NORTH","SubCounty",24037,142,0.6,23529,97.9,366,1.5
"103","EMBU","MT. KENYA FOREST","SubCounty",NA,NA,NA,NA,NA,NA,NA
"104","KITUI","KITUI","County",224626,2287,1,218722,97.4,3617,1.6
"105","KITUI","IKUTHA","SubCounty",15115,154,1,14822,98.1,139,0.9
"106","KITUI","KATULANI","SubCounty",11116,93,0.8,10846,97.6,177,1.6
"107","KITUI","KISASI","SubCounty",9812,57,0.6,9575,97.6,180,1.8
"108","KITUI","KITUI CENTRAL","SubCounty",17874,238,1.3,17148,95.9,488,2.7
"109","KITUI","KITUI WEST","SubCounty",15739,79,0.5,15500,98.5,160,1
"110","KITUI","KYUSO","SubCounty",14523,252,1.7,14105,97.1,166,1.1
"111","KITUI","LOWER YATTA","SubCounty",12978,248,1.9,12519,96.5,211,1.6
"112","KITUI","MATINYANI","SubCounty",10973,95,0.9,10646,97,232,2.1
"113","KITUI","MIGWANI","SubCounty",17666,102,0.6,17387,98.4,177,1
"114","KITUI","MUMONI","SubCounty",6039,48,0.8,5930,98.2,61,1
"115","KITUI","MUTITU","SubCounty",10579,94,0.9,10374,98.1,111,1
"116","KITUI","MUTITU NORTH","SubCounty",4437,60,1.4,4315,97.3,62,1.4
"117","KITUI","MUTOMO","SubCounty",20684,188,0.9,20272,98,224,1.1
"118","KITUI","MWINGI CENTRAL","SubCounty",19301,122,0.6,18994,98.4,185,1
"119","KITUI","MWINGI EAST","SubCounty",17188,231,1.3,16512,96.1,445,2.6
"120","KITUI","NZAMBANI","SubCounty",9778,91,0.9,9321,95.3,366,3.7
"121","KITUI","THAGICU","SubCounty",3187,13,0.4,3166,99.3,8,0.3
"122","KITUI","TSEIKURU","SubCounty",7637,122,1.6,7290,95.5,225,2.9
"123","MACHAKOS","MACHAKOS","County",257882,5033,2,246325,95.5,6524,2.5
"124","MACHAKOS","ATHI RIVER","SubCounty",24013,3131,13,20204,84.1,678,2.8
"125","MACHAKOS","KALAMA","SubCounty",12974,54,0.4,12793,98.6,127,1
"126","MACHAKOS","KANGUNDO","SubCounty",23963,96,0.4,22983,95.9,884,3.7
"127","MACHAKOS","KATHIANI","SubCounty",26630,114,0.4,25959,97.5,557,2.1
"128","MACHAKOS","MACHAKOS","SubCounty",29501,278,0.9,27782,94.2,1441,4.9
"129","MACHAKOS","MASINGA","SubCounty",31913,296,0.9,31205,97.8,412,1.3
"130","MACHAKOS","MATUNGULU","SubCounty",33555,579,1.7,31865,95,1111,3.3
"131","MACHAKOS","MWALA","SubCounty",40781,153,0.4,39907,97.9,721,1.8
"132","MACHAKOS","YATTA","SubCounty",34552,332,1,33627,97.3,593,1.7
"133","MAKUENI","MAKUENI","County",198314,1579,0.8,193881,97.8,2854,1.4
"134","MAKUENI","KATHONZWENI","SubCounty",16205,81,0.5,15970,98.5,154,1
"135","MAKUENI","KIBWEZI","SubCounty",36202,520,1.4,35224,97.3,458,1.3
"136","MAKUENI","KILUNGU","SubCounty",13933,38,0.3,13743,98.6,152,1.1
"137","MAKUENI","MAKINDU","SubCounty",15374,205,1.3,14956,97.3,213,1.4
"138","MAKUENI","MAKUENI","SubCounty",24768,152,0.6,24268,98,348,1.4
"139","MAKUENI","MBOONI EAST","SubCounty",21629,103,0.5,21260,98.3,266,1.2
"140","MAKUENI","MBOONI WEST","SubCounty",23134,92,0.4,22702,98.1,340,1.5
"141","MAKUENI","MUKAA","SubCounty",22229,260,1.2,21508,96.8,461,2.1
"142","MAKUENI","NZAUI","SubCounty",24840,128,0.5,24250,97.6,462,1.9
"143","NYANDARUA","NYANDARUA","County",124463,3286,2.6,114747,92.2,6430,5.2
"144","NYANDARUA","KINANGOP","SubCounty",21230,625,2.9,19706,92.8,899,4.2
"145","NYANDARUA","NYANDARUA SOUTH","SubCounty",17554,447,2.5,16246,92.5,861,4.9
"146","NYANDARUA","MIRANGINE","SubCounty",12755,364,2.9,11618,91.1,773,6.1
"147","NYANDARUA","KIPIPIRI","SubCounty",20282,386,1.9,18831,92.8,1065,5.3
"148","NYANDARUA","NYANDARUA CENTRAL","SubCounty",12843,345,2.7,11749,91.5,749,5.8
"149","NYANDARUA","NYANDARUA WEST","SubCounty",18510,544,2.9,16913,91.4,1053,5.7
"150","NYANDARUA","NYANDARUA NORTH","SubCounty",21289,575,2.7,19684,92.5,1030,4.8
"151","NYANDARUA","ABERDARE NATIONAL PARK","SubCounty",NA,NA,NA,NA,NA,NA,NA
"152","NYERI","NYERI","County",163617,1953,1.2,152075,92.9,9589,5.9
"153","NYERI","TETU","SubCounty",21134,120,0.6,19485,92.2,1529,7.2
"154","NYERI","KIENI EAST","SubCounty",19749,453,2.3,18190,92.1,1106,5.6
"155","NYERI","KIENI WEST","SubCounty",19249,434,2.3,17590,91.4,1225,6.4
"156","NYERI","MATHIRA EAST","SubCounty",21506,149,0.7,20327,94.5,1030,4.8
"157","NYERI","MATHIRA WEST","SubCounty",16647,66,0.4,15742,94.6,839,5
"158","NYERI","NYERI SOUTH","SubCounty",22149,146,0.7,20815,94,1188,5.4
"159","NYERI","MUKURWE-INI","SubCounty",24284,117,0.5,23251,95.7,916,3.8
"160","NYERI","NYERI CENTRAL","SubCounty",18872,468,2.5,16648,88.2,1756,9.3
"161","NYERI","MT. KENYA FOREST","SubCounty",27,NA,NA,27,100,NA,NA
"162","NYERI","ABERDARE FOREST","SubCounty",NA,NA,NA,NA,NA,NA,NA
"163","KIRINYAGA","KIRINYAGA","County",142225,1780,1.3,135258,95.1,5187,3.6
"164","KIRINYAGA","KIRINYAGA CENTRAL","SubCounty",29577,177,0.6,28435,96.1,965,3.3
"165","KIRINYAGA","KIRINYAGA EAST","SubCounty",36758,284,0.8,35141,95.6,1333,3.6
"166","KIRINYAGA","KIRINYAGA WEST","SubCounty",27121,193,0.7,26109,96.3,819,3
"167","KIRINYAGA","MWEA EAST","SubCounty",24871,546,2.2,23374,94,951,3.8
"168","KIRINYAGA","MWEA WEST","SubCounty",23898,580,2.4,22199,92.9,1119,4.7
"169","KIRINYAGA","MT. KENYA FOREST","SubCounty",NA,NA,NA,NA,NA,NA,NA
"170","MURANG'A","MURANG'A","County",242262,2139,0.9,230861,95.3,9262,3.8
"171","MURANG'A","MURANG'A EAST","SubCounty",22256,218,1,21411,96.2,627,2.8
"172","MURANG'A","KANGEMA","SubCounty",21231,76,0.4,20261,95.4,894,4.2
"173","MURANG'A","MATHIOYA","SubCounty",24509,144,0.6,23168,94.5,1197,4.9
"174","MURANG'A","KAHURO","SubCounty",24170,93,0.4,23194,96,883,3.7
"175","MURANG'A","MURANG'A SOUTH","SubCounty",38345,781,2,36282,94.6,1282,3.3
"176","MURANG'A","GATANGA","SubCounty",38246,485,1.3,35981,94.1,1780,4.7
"177","MURANG'A","KIGUMO","SubCounty",32237,150,0.5,31046,96.3,1041,3.2
"178","MURANG'A","KANDARA","SubCounty",41268,192,0.5,39518,95.8,1558,3.8
"179","MURANG'A","ABERDARE FOREST","SubCounty",NA,NA,NA,NA,NA,NA,NA
"180","KIAMBU","KIAMBU","County",294040,7808,2.7,262332,89.2,23900,8.1
"181","KIAMBU","GATUNDU NORTH","SubCounty",24970,161,0.6,23609,94.5,1200,4.8
"182","KIAMBU","GATUNDU SOUTH","SubCounty",28120,204,0.7,26219,93.2,1697,6
"183","KIAMBU","GITHUNGURI","SubCounty",35436,288,0.8,32730,92.4,2418,6.8
"184","KIAMBU","JUJA","SubCounty",30347,1137,3.7,27853,91.8,1357,4.5
"185","KIAMBU","KABETE","SubCounty",23937,453,1.9,20784,86.8,2700,11.3
"186","KIAMBU","KIAMBAA","SubCounty",24745,680,2.7,21287,86,2778,11.2
"187","KIAMBU","KIAMBU","SubCounty",15786,921,5.8,13229,83.8,1636,10.4
"188","KIAMBU","KIKUYU","SubCounty",24005,552,2.3,21332,88.9,2121,8.8
"189","KIAMBU","LARI","SubCounty",25647,368,1.4,23117,90.1,2162,8.4
"190","KIAMBU","LIMURU","SubCounty",22447,622,2.8,19222,85.6,2603,11.6
"191","KIAMBU","RUIRU","SubCounty",20435,1204,5.9,17344,84.9,1887,9.2
"192","KIAMBU","THIKA EAST","SubCounty",5987,127,2.1,5592,93.4,268,4.5
"193","KIAMBU","THIKA WEST","SubCounty",12178,1091,9,10014,82.2,1073,8.8
"194","TURKANA","TURKANA","County",137157,6240,4.5,126890,92.5,4027,2.9
"195","TURKANA","KIBISH","SubCounty",5651,499,8.8,5145,91,7,0.1
"196","TURKANA","LOIMA","SubCounty",18864,715,3.8,17379,92.1,770,4.1
"197","TURKANA","TURKANA CENTRAL","SubCounty",28484,822,2.9,26844,94.2,818,2.9
"198","TURKANA","TURKANA EAST","SubCounty",17396,849,4.9,16091,92.5,456,2.6
"199","TURKANA","TURKANA NORTH","SubCounty",12482,483,3.9,11681,93.6,318,2.5
"200","TURKANA","TURKANA SOUTH","SubCounty",20968,935,4.5,19324,92.2,709,3.4
"201","TURKANA","TURKANA WEST","SubCounty",33312,1937,5.8,30426,91.3,949,2.8
"202","WEST POKOT","WEST POKOT","County",101538,3214,3.2,95025,93.6,3299,3.2
"203","WEST POKOT","KIPKOMO","SubCounty",15894,670,4.2,14271,89.8,953,6
"204","WEST POKOT","POKOT CENTRAL","SubCounty",20732,424,2,19727,95.2,581,2.8
"205","WEST POKOT","POKOT NORTH","SubCounty",24640,929,3.8,23149,93.9,562,2.3
"206","WEST POKOT","POKOT SOUTH","SubCounty",12693,315,2.5,12128,95.5,250,2
"207","WEST POKOT","WEST POKOT","SubCounty",27579,876,3.2,25750,93.4,953,3.5
"208","SAMBURU","SAMBURU","County",54402,728,1.3,52897,97.2,777,1.4
"209","SAMBURU","SAMBURU CENTRAL","SubCounty",27041,355,1.3,26197,96.9,489,1.8
"210","SAMBURU","SAMBURU EAST","SubCounty",15358,131,0.9,15036,97.9,191,1.2
"211","SAMBURU","SAMBURU NORTH","SubCounty",12003,242,2,11664,97.2,97,0.8
"212","TRANS NZOIA","TRANS NZOIA","County",150986,5345,3.5,141326,93.6,4315,2.9
"213","TRANS NZOIA","TRANS NZOIA WEST","SubCounty",24745,810,3.3,23163,93.6,772,3.1
"214","TRANS NZOIA","TRANS NZOIA EAST","SubCounty",38841,1214,3.1,36532,94.1,1095,2.8
"215","TRANS NZOIA","KWANZA","SubCounty",32892,880,2.7,31224,94.9,788,2.4
"216","TRANS NZOIA","ENDEBESS","SubCounty",17323,1138,6.6,15612,90.1,573,3.3
"217","TRANS NZOIA","KIMININI","SubCounty",37185,1303,3.5,34795,93.6,1087,2.9
"218","UASIN GISHU","UASIN GISHU","County",153094,5921,3.9,141914,92.7,5259,3.4
"219","UASIN GISHU","AINABKOI","SubCounty",18637,694,3.7,17345,93.1,598,3.2
"220","UASIN GISHU","KAPSERET","SubCounty",18690,1350,7.2,16280,87.1,1060,5.7
"221","UASIN GISHU","KESSES","SubCounty",24512,584,2.4,23285,95,643,2.6
"222","UASIN GISHU","MOIBEN","SubCounty",24383,693,2.8,22960,94.2,730,3
"223","UASIN GISHU","SOY","SubCounty",35993,970,2.7,34142,94.9,881,2.4
"224","UASIN GISHU","TURBO","SubCounty",30879,1630,5.3,27902,90.4,1347,4.4
"225","ELGEYO/MARAKWET","ELGEYO/MARAKWET","County",81228,1091,1.3,77951,96,2186,2.7
"226","ELGEYO/MARAKWET","KEIYO NORTH","SubCounty",16597,157,0.9,16076,96.9,364,2.2
"227","ELGEYO/MARAKWET","KEIYO SOUTH","SubCounty",22984,169,0.7,22452,97.7,363,1.6
"228","ELGEYO/MARAKWET","MARAKWET EAST","SubCounty",18654,264,1.4,17731,95.1,659,3.5
"229","ELGEYO/MARAKWET","MARAKWET WEST","SubCounty",22993,501,2.2,21692,94.3,800,3.5
"230","NANDI","NANDI","County",156477,2399,1.5,150672,96.3,3406,2.2
"231","NANDI","CHESUMEI","SubCounty",28645,529,1.8,27369,95.5,747,2.6
"232","NANDI","NANDI CENTRAL","SubCounty",25900,355,1.4,24972,96.4,573,2.2
"233","NANDI","NANDI EAST","SubCounty",16813,338,2,16147,96,328,2
"234","NANDI","NANDI NORTH","SubCounty",32065,638,2,30588,95.4,839,2.6
"235","NANDI","NANDI SOUTH","SubCounty",32931,262,0.8,32102,97.5,567,1.7
"236","NANDI","TINDERET","SubCounty",20123,277,1.4,19494,96.9,352,1.7
"237","BARINGO","BARINGO","County",113578,1785,1.6,109535,96.4,2258,2
"238","BARINGO","BARINGO CENTRAL","SubCounty",17167,183,1.1,16709,97.3,275,1.6
"239","BARINGO","BARINGO NORTH","SubCounty",21193,249,1.2,20623,97.3,321,1.5
"240","BARINGO","EAST POKOT","SubCounty",13750,265,1.9,13284,96.6,201,1.5
"241","BARINGO","KOIBATEK","SubCounty",20125,618,3.1,18797,93.4,710,3.5
"242","BARINGO","MARIGAT","SubCounty",15064,204,1.4,14569,96.7,291,1.9
"243","BARINGO","MOGOTIO","SubCounty",14836,141,1,14391,97,304,2
"244","BARINGO","TIATY EAST","SubCounty",11443,125,1.1,11162,97.5,156,1.4
"245","LAIKIPIA","LAIKIPIA","County",88923,3044,3.4,82469,92.7,3410,3.8
"246","LAIKIPIA","LAIKIPIA CENTRAL","SubCounty",18707,513,2.7,17642,94.3,552,3
"247","LAIKIPIA","LAIKIPIA EAST","SubCounty",14013,712,5.1,12409,88.6,892,6.4
"248","LAIKIPIA","LAIKIPIA NORTH","SubCounty",6600,58,0.9,6490,98.3,52,0.8
"249","LAIKIPIA","LAIKIPIA WEST","SubCounty",24232,790,3.3,22749,93.9,693,2.9
"250","LAIKIPIA","NYAHURURU","SubCounty",25371,971,3.8,23179,91.4,1221,4.8
"251","NAKURU","NAKURU","County",275360,12719,4.6,248063,90.1,14578,5.3
"252","NAKURU","GILGIL","SubCounty",26371,1267,4.8,23676,89.8,1428,5.4
"253","NAKURU","KURESOI NORTH","SubCounty",31366,1298,4.1,28954,92.3,1114,3.6
"254","NAKURU","KURESOI SOUTH","SubCounty",27764,448,1.6,26930,97,386,1.4
"255","NAKURU","MOLO","SubCounty",23440,1310,5.6,20717,88.4,1413,6
"256","NAKURU","NAIVASHA","SubCounty",33504,1822,5.4,29768,88.8,1914,5.7
"257","NAKURU","NAKURU EAST","SubCounty",9659,1006,10.4,7647,79.2,1006,10.4
"258","NAKURU","NAKURU NORTH","SubCounty",29591,1408,4.8,25914,87.6,2269,7.7
"259","NAKURU","NAKURU WEST","SubCounty",9867,1019,10.3,7975,80.8,873,8.8
"260","NAKURU","NJORO","SubCounty",38198,1859,4.9,34004,89,2335,6.1
"261","NAKURU","RONGAI","SubCounty",29297,847,2.9,27393,93.5,1057,3.6
"262","NAKURU","SUBUKIA","SubCounty",16303,435,2.7,15085,92.5,783,4.8
"263","NAROK","NAROK","County",183078,2595,1.4,176945,96.7,3538,1.9
"264","NAROK","NAROK EAST","SubCounty",18264,164,0.9,17399,95.3,701,3.8
"265","NAROK","NAROK NORTH","SubCounty",32796,588,1.8,31098,94.8,1110,3.4
"266","NAROK","NAROK SOUTH","SubCounty",41116,914,2.2,39709,96.6,493,1.2
"267","NAROK","NAROK WEST","SubCounty",34125,289,0.8,33524,98.2,312,0.9
"268","NAROK","TRANS MARA EAST","SubCounty",19832,178,0.9,19381,97.7,273,1.4
"269","NAROK","TRANS MARA WEST","SubCounty",36945,462,1.3,35834,97,649,1.8
"270","NAROK","MAU FOREST","SubCounty",NA,NA,NA,NA,NA,NA,NA
"271","KAJIADO","KAJIADO","County",127223,5647,4.4,117445,92.3,4131,3.2
"272","KAJIADO","ISINYA","SubCounty",12686,1221,9.6,11000,86.7,465,3.7
"273","KAJIADO","KAJIADO CENTRAL","SubCounty",23991,468,2,23196,96.7,327,1.4
"274","KAJIADO","KAJIADO NORTH","SubCounty",19017,2366,12.4,14928,78.5,1723,9.1
"275","KAJIADO","KAJIADO WEST","SubCounty",29966,857,2.9,28542,95.2,567,1.9
"276","KAJIADO","LOITOKITOK","SubCounty",32205,551,1.7,30793,95.6,861,2.7
"277","KAJIADO","MASHUURU","SubCounty",9358,184,2,8986,96,188,2
"278","KERICHO","KERICHO","County",152990,1679,1.1,147339,96.3,3972,2.6
"279","KERICHO","BELGUT","SubCounty",24452,133,0.5,23763,97.2,556,2.3
"280","KERICHO","BURETI","SubCounty",35020,303,0.9,33545,95.8,1172,3.3
"281","KERICHO","KERICHO EAST","SubCounty",23449,297,1.3,22541,96.1,611,2.6
"282","KERICHO","KIPKELION","SubCounty",22539,208,0.9,21906,97.2,425,1.9
"283","KERICHO","LONDIANI","SubCounty",23558,575,2.4,22166,94.1,817,3.5
"284","KERICHO","SOIN SIGOWET","SubCounty",23972,163,0.7,23418,97.7,391,1.6
"285","BOMET","BOMET","County",155576,1513,1,151263,97.2,2800,1.8
"286","BOMET","BOMET EAST","SubCounty",27472,201,0.7,26858,97.8,413,1.5
"287","BOMET","CHEPALUNGU","SubCounty",32715,160,0.5,32164,98.3,391,1.2
"288","BOMET","KONOIN","SubCounty",24381,228,0.9,23598,96.8,555,2.3
"289","BOMET","SOTIK","SubCounty",41107,594,1.4,39760,96.7,753,1.8
"290","BOMET","BOMET CENTRAL","SubCounty",29901,330,1.1,28883,96.6,688,2.3
"291","KAKAMEGA","KAKAMEGA","County",369381,3294,0.9,359905,97.4,6182,1.7
"292","KAKAMEGA","BUTERE","SubCounty",33817,114,0.3,33428,98.8,275,0.8
"293","KAKAMEGA","KAKAMEGA CENTRAL","SubCounty",28145,567,2,26562,94.4,1016,3.6
"294","KAKAMEGA","KAKAMEGA EAST","SubCounty",35942,142,0.4,35097,97.6,703,2
"295","KAKAMEGA","KAKAMEGA NORTH","SubCounty",45870,320,0.7,44740,97.5,810,1.8
"296","KAKAMEGA","KAKAMEGA SOUTH","SubCounty",25580,99,0.4,24958,97.6,523,2
"297","KAKAMEGA","KHWISERO","SubCounty",26168,76,0.3,25453,97.3,639,2.4
"298","KAKAMEGA","LIKUYANI","SubCounty",27929,774,2.8,26576,95.2,579,2.1
"299","KAKAMEGA","LUGARI","SubCounty",23853,435,1.8,23053,96.6,365,1.5
"300","KAKAMEGA","MATETE","SubCounty",12736,116,0.9,12483,98,137,1.1
"301","KAKAMEGA","MATUNGU","SubCounty",33837,272,0.8,33044,97.7,521,1.5
"302","KAKAMEGA","MUMIAS EAST","SubCounty",23768,142,0.6,23497,98.9,129,0.5
"303","KAKAMEGA","MUMIAS WEST","SubCounty",20683,131,0.6,20209,97.7,343,1.7
"304","KAKAMEGA","NAVAKHOLO","SubCounty",31053,106,0.3,30805,99.2,142,0.5
"305","VIHIGA","VIHIGA","County",126261,592,0.5,121971,96.6,3698,2.9
"306","VIHIGA","EMUHAYA","SubCounty",22471,74,0.3,21822,97.1,575,2.6
"307","VIHIGA","VIHIGA","SubCounty",19729,195,1,18922,95.9,612,3.1
"308","VIHIGA","SABATIA","SubCounty",26951,95,0.4,25976,96.4,880,3.3
"309","VIHIGA","LUANDA","SubCounty",23635,54,0.2,23032,97.4,549,2.3
"310","VIHIGA","HAMISI","SubCounty",33475,174,0.5,32219,96.2,1082,3.2
"311","VIHIGA","KAKAMEGA FOREST","SubCounty",NA,NA,NA,NA,NA,NA,NA
"312","BUNGOMA","BUNGOMA","County",293353,4487,1.5,283806,96.7,5060,1.7
"313","BUNGOMA","BUMULA","SubCounty",42150,405,1,41341,98.1,404,1
"314","BUNGOMA","BUNGOMA CENTRAL","SubCounty",32160,252,0.8,31468,97.8,440,1.4
"315","BUNGOMA","BUNGOMA EAST","SubCounty",20258,206,1,19736,97.4,316,1.6
"316","BUNGOMA","BUNGOMA NORTH","SubCounty",22030,493,2.2,21150,96,387,1.8
"317","BUNGOMA","BUNGOMA SOUTH","SubCounty",43753,740,1.7,41908,95.8,1105,2.5
"318","BUNGOMA","CHEPTAIS","SubCounty",22950,384,1.7,21982,95.8,584,2.5
"319","BUNGOMA","KIMILILI","SubCounty",28006,668,2.4,26635,95.1,703,2.5
"320","BUNGOMA","MT. ELGON","SubCounty",13082,228,1.7,12704,97.1,150,1.1
"321","BUNGOMA","BUNGOMA WEST","SubCounty",22830,279,1.2,22187,97.2,364,1.6
"322","BUNGOMA","TONGAREN","SubCounty",18731,384,2.1,18055,96.4,292,1.6
"323","BUNGOMA","WEBUYE WEST","SubCounty",26611,441,1.7,25862,97.2,308,1.2
"324","BUNGOMA","MT. ELGON FOREST","SubCounty",792,7,0.9,778,98.2,7,0.9
"325","BUSIA","BUSIA","County",161775,1242,0.8,158457,97.9,2076,1.3
"326","BUSIA","BUNYALA","SubCounty",14906,90,0.6,14500,97.3,316,2.1
"327","BUSIA","BUSIA","SubCounty",22664,231,1,22141,97.7,292,1.3
"328","BUSIA","BUTULA","SubCounty",28961,204,0.7,28361,97.9,396,1.4
"329","BUSIA","NAMBALE","SubCounty",21067,152,0.7,20649,98,266,1.3
"330","BUSIA","SAMIA","SubCounty",21552,64,0.3,21284,98.8,204,0.9
"331","BUSIA","TESO NORTH","SubCounty",23404,193,0.8,22893,97.8,318,1.4
"332","BUSIA","TESO SOUTH","SubCounty",29221,308,1.1,28629,98,284,1
"333","SIAYA","SIAYA","County",202274,970,0.5,198538,98.2,2766,1.4
"334","SIAYA","SIAYA","SubCounty",45942,254,0.6,44831,97.6,857,1.9
"335","SIAYA","GEM","SubCounty",39766,184,0.5,39140,98.4,442,1.1
"336","SIAYA","UGENYA","SubCounty",29926,154,0.5,29413,98.3,359,1.2
"337","SIAYA","UGUNJA","SubCounty",22008,81,0.4,21736,98.8,191,0.9
"338","SIAYA","BONDO","SubCounty",32584,193,0.6,31905,97.9,486,1.5
"339","SIAYA","RARIEDA","SubCounty",32048,104,0.3,31513,98.3,431,1.3
"340","KISUMU","KISUMU","County",176699,2913,1.6,169499,95.9,4287,2.4
"341","KISUMU","KISUMU EAST","SubCounty",24181,819,3.4,22397,92.6,965,4
"342","KISUMU","KISUMU CENTRAL","SubCounty",6148,763,12.4,4147,67.5,1238,20.1
"343","KISUMU","KISUMU WEST","SubCounty",28458,356,1.3,27363,96.2,739,2.6
"344","KISUMU","SEME","SubCounty",26793,84,0.3,26576,99.2,133,0.5
"345","KISUMU","MUHORONI","SubCounty",27362,385,1.4,26407,96.5,570,2.1
"346","KISUMU","NYANDO","SubCounty",31994,373,1.2,31245,97.7,376,1.2
"347","KISUMU","NYAKACH","SubCounty",31763,133,0.4,31364,98.7,266,0.8
"348","HOMA BAY","HOMA BAY","County",211772,1663,0.8,207460,98,2649,1.3
"349","HOMA BAY","HOMA BAY","SubCounty",17013,209,1.2,16386,96.3,418,2.5
"350","HOMA BAY","NDHIWA","SubCounty",43149,583,1.4,42258,97.9,308,0.7
"351","HOMA BAY","RACHUONYO NORTH","SubCounty",36831,257,0.7,36010,97.8,564,1.5
"352","HOMA BAY","RACHUONYO EAST","SubCounty",24870,157,0.6,24370,98,343,1.4
"353","HOMA BAY","RACHUONYO SOUTH","SubCounty",24139,86,0.4,23809,98.6,244,1
"354","HOMA BAY","RANGWE","SubCounty",24985,82,0.3,24550,98.3,353,1.4
"355","HOMA BAY","SUBA NORTH","SubCounty",20095,166,0.8,19707,98.1,222,1.1
"356","HOMA BAY","SUBA SOUTH","SubCounty",20690,123,0.6,20370,98.5,197,1
"357","MIGORI","MIGORI","County",188705,1849,1,184198,97.6,2658,1.4
"358","MIGORI","AWENDO","SubCounty",20311,182,0.9,19968,98.3,161,0.8
"359","MIGORI","KURIA EAST","SubCounty",16329,161,1,15917,97.5,251,1.5
"360","MIGORI","KURIA WEST","SubCounty",30772,361,1.2,29798,96.8,613,2
"361","MIGORI","NYATIKE","SubCounty",31551,164,0.5,31034,98.4,353,1.1
"362","MIGORI","RONGO","SubCounty",21997,122,0.6,21252,96.6,623,2.8
"363","MIGORI","SUNA EAST","SubCounty",20309,99,0.5,19957,98.3,253,1.2
"364","MIGORI","SUNA WEST","SubCounty",20638,481,2.3,19907,96.5,250,1.2
"365","MIGORI","URIRI","SubCounty",26798,279,1,26365,98.4,154,0.6
"366","KISII","KISII","County",255080,2453,1,246901,96.8,5726,2.2
"367","KISII","ETAGO","SubCounty",17382,62,0.4,17139,98.6,181,1
"368","KISII","GUCHA","SubCounty",17178,115,0.7,16866,98.2,197,1.1
"369","KISII","GUCHA SOUTH","SubCounty",17769,82,0.5,17191,96.7,496,2.8
"370","KISII","KENYENYA","SubCounty",27477,319,1.2,26584,96.8,574,2.1
"371","KISII","KISII CENTRAL","SubCounty",28557,251,0.9,27557,96.5,749,2.6
"372","KISII","KISII SOUTH","SubCounty",28140,315,1.1,27151,96.5,674,2.4
"373","KISII","KITUTU CENTRAL","SubCounty",24986,240,1,23831,95.4,915,3.7
"374","KISII","MARANI","SubCounty",24978,210,0.8,24149,96.7,619,2.5
"375","KISII","MASABA SOUTH","SubCounty",26246,423,1.6,25332,96.5,491,1.9
"376","KISII","NYAMACHE","SubCounty",28092,349,1.2,27105,96.5,638,2.3
"377","KISII","SAMETA","SubCounty",14275,87,0.6,13996,98,192,1.3
"378","NYAMIRA","NYAMIRA","County",128713,1240,1,124770,96.9,2703,2.1
"379","NYAMIRA","BORABU","SubCounty",11035,188,1.7,10556,95.7,291,2.6
"380","NYAMIRA","MANGA","SubCounty",21457,166,0.8,20800,96.9,491,2.3
"381","NYAMIRA","MASABA NORTH","SubCounty",24817,326,1.3,24041,96.9,450,1.8
"382","NYAMIRA","NYAMIRA NORTH","SubCounty",37045,276,0.7,36140,97.6,629,1.7
"383","NYAMIRA","NYAMIRA SOUTH","SubCounty",34359,284,0.8,33233,96.7,842,2.5
"384","NAIROBI CITY","NAIROBI CITY","County",138976,42794,30.8,74616,53.7,21566,15.5
"385","NAIROBI CITY","DAGORETTI","SubCounty",13940,920,6.6,9218,66.1,3802,27.3
"386","NAIROBI CITY","EMBAKASI","SubCounty",17809,8023,45.1,7529,42.3,2257,12.7
"387","NAIROBI CITY","KAMUKUNJI","SubCounty",3757,1425,37.9,1044,27.8,1288,34.3
"388","NAIROBI CITY","KASARANI","SubCounty",22367,3254,14.5,15339,68.6,3774,16.9
"389","NAIROBI CITY","KIBRA","SubCounty",6120,2757,45,1650,27,1713,28
"390","NAIROBI CITY","LANG'ATA","SubCounty",12299,7596,61.8,3686,30,1017,8.3
"391","NAIROBI CITY","MAKADARA","SubCounty",4499,2257,50.2,1200,26.7,1042,23.2
"392","NAIROBI CITY","MATHARE","SubCounty",2138,397,18.6,844,39.5,897,42
"393","NAIROBI CITY","NJIRU","SubCounty",35066,3089,8.8,28864,82.3,3113,8.9
"394","NAIROBI CITY","STAREHE","SubCounty",3928,2528,64.4,730,18.6,670,17.1
"395","NAIROBI CITY","WESTLANDS","SubCounty",17053,10548,61.9,4512,26.5,1993,11.7
