"","County","SubCounty","AdminArea","Farming","Maize","Sorghum","Rice","Potatoes","Beans","Cassava","SweetPotatoes","Wheat","GreenGrams","Bananas","Cabbages","Tomatoes","Onions","GroundNuts","Millet","Watermelons","Kales","Sugarcane","Cotton"
"1","xxx","KENYA","xxx",6354211,5104967,904945,50484,1170170,3600840,1050352,1134102,67720,571426,2139421,490588,410224,707182,480812,540353,84077,1916898,654468,22920
"2","MOMBASA","MOMBASA","County",12497,5681,NA,NA,NA,NA,2849,NA,NA,NA,2232,NA,NA,NA,NA,NA,NA,NA,NA,NA
"3","MOMBASA","CHANGAMWE","SubCounty",618,108,NA,NA,NA,NA,39,NA,NA,NA,65,NA,NA,NA,NA,NA,NA,NA,NA,NA
"4","MOMBASA","JOMVU","SubCounty",2418,895,NA,NA,NA,NA,360,NA,NA,NA,332,NA,NA,NA,NA,NA,NA,NA,NA,NA
"5","MOMBASA","KISAUNI","SubCounty",6257,3456,NA,NA,NA,NA,1702,NA,NA,NA,1137,NA,NA,NA,NA,NA,NA,NA,NA,NA
"6","MOMBASA","LIKONI","SubCounty",1863,863,NA,NA,NA,NA,578,NA,NA,NA,485,NA,NA,NA,NA,NA,NA,NA,NA,NA
"7","MOMBASA","MVITA","SubCounty",309,81,NA,NA,NA,NA,39,NA,NA,NA,54,NA,NA,NA,NA,NA,NA,NA,NA,NA
"8","MOMBASA","NYALI","SubCounty",1032,278,NA,NA,NA,NA,131,NA,NA,NA,159,NA,NA,NA,NA,NA,NA,NA,NA,NA
"9","KWALE","KWALE","County",108074,93143,2784,8585,1038,8619,46004,10388,NA,20536,28831,NA,10008,1124,5636,1290,3794,10775,5089,NA
"10","KWALE","KINANGO","SubCounty",13855,12556,552,60,87,1567,4580,1841,NA,3132,1841,NA,1219,163,667,132,429,1746,322,NA
"11","KWALE","LUNGALUNGA","SubCounty",29299,25717,454,5499,340,1899,11279,2093,NA,5508,8424,NA,3013,332,717,327,881,3375,1143,NA
"12","KWALE","MATUGA","SubCounty",24689,21369,342,1143,233,2233,15401,2846,NA,2180,10026,NA,2787,214,680,168,577,3250,1891,NA
"13","KWALE","MSAMBWENI","SubCounty",14959,10731,202,1811,226,1073,8583,1623,NA,2064,5864,NA,1951,233,309,155,568,1337,1131,NA
"14","KWALE","SAMBURU-KWALE","SubCounty",25272,22770,1234,72,152,1847,6161,1985,NA,7652,2676,NA,1038,182,3263,508,1339,1067,602,NA
"15","KILIFI","KILIFI","County",161188,143913,2911,2847,NA,10319,58225,9899,NA,30359,26712,NA,8854,NA,2570,1522,4649,6982,6383,NA
"16","KILIFI","CHONYI","SubCounty",10025,9703,35,131,NA,2196,6204,461,NA,3756,3146,NA,276,NA,413,41,39,199,233,NA
"17","KILIFI","GANZE","SubCounty",20578,18418,1273,81,NA,899,7781,905,NA,5055,2651,NA,952,NA,161,487,1638,951,379,NA
"18","KILIFI","KALOLENI","SubCounty",22504,20458,199,1343,NA,2051,8810,2078,NA,2812,4047,NA,1237,NA,162,109,685,1448,798,NA
"19","KILIFI","KAUMA","SubCounty",2867,2621,41,8,NA,177,748,141,NA,387,406,NA,157,NA,17,7,66,135,108,NA
"20","KILIFI","KILIFI NORTH","SubCounty",18690,16616,160,79,NA,593,6199,689,NA,3212,2029,NA,1029,NA,430,138,296,643,628,NA
"21","KILIFI","KILIFI SOUTH","SubCounty",15114,12930,126,469,NA,1041,5838,688,NA,3373,3440,NA,870,NA,376,89,282,544,733,NA
"22","KILIFI","MAGARINI","SubCounty",25989,24193,614,245,NA,1326,5027,722,NA,5405,1730,NA,1240,NA,304,289,593,1072,771,NA
"23","KILIFI","MALINDI","SubCounty",31072,26224,388,184,NA,1031,10146,1598,NA,5038,4684,NA,2502,NA,605,318,916,1429,1635,NA
"24","KILIFI","RABAI","SubCounty",14349,12750,75,307,NA,1005,7472,2617,NA,1321,4579,NA,591,NA,102,44,134,561,1098,NA
"25","TANA RIVER","TANA RIVER","County",35094,13141,472,1255,NA,2373,1989,991,NA,5627,4647,NA,2521,723,585,NA,2406,1815,1690,384
"26","TANA RIVER","TANA DELTA","SubCounty",15128,6997,344,766,NA,1612,1463,518,NA,3320,1882,NA,1196,235,428,NA,1541,682,1008,192
"27","TANA RIVER","TANA NORTH","SubCounty",9397,2162,92,202,NA,227,103,119,NA,525,690,NA,382,229,44,NA,468,268,184,161
"28","TANA RIVER","TANA RIVER","SubCounty",10569,3982,36,287,NA,534,423,354,NA,1782,2075,NA,943,259,113,NA,397,865,498,31
"29","LAMU","LAMU","County",18678,13698,818,NA,NA,546,4611,996,NA,5854,4479,NA,1497,176,2651,585,1637,1184,2201,1574
"30","LAMU","LAMU EAST","SubCounty",1831,1096,68,NA,NA,173,480,37,NA,248,156,NA,242,17,84,38,365,95,12,10
"31","LAMU","LAMU WEST","SubCounty",16847,12602,750,NA,NA,373,4131,959,NA,5606,4323,NA,1255,159,2567,547,1272,1089,2189,1564
"32","TAITA/TAVETA","TAITA/TAVETA","County",56920,44378,3651,488,4906,31229,17159,9080,NA,14573,17629,2838,6428,2340,2033,1935,2155,11557,7687,NA
"33","TAITA/TAVETA","MWATATE","SubCounty",16123,13494,608,60,938,11112,5335,2624,NA,3501,4363,657,1191,444,327,330,320,2903,1458,NA
"34","TAITA/TAVETA","TAITA","SubCounty",12139,10748,612,54,3333,9332,5686,3883,NA,1226,6047,1325,1201,758,186,395,351,4358,3809,NA
"35","TAITA/TAVETA","TAVETA","SubCounty",14591,9733,1187,339,290,7659,2476,1270,NA,3170,5472,488,3058,526,262,370,437,2661,1635,NA
"36","TAITA/TAVETA","VOI","SubCounty",14067,10403,1244,35,345,3126,3662,1303,NA,6676,1747,368,978,612,1258,840,1047,1635,785,NA
"37","GARISSA","GARISSA","County",47645,2590,748,NA,696,1326,NA,NA,NA,NA,1902,NA,1808,1132,NA,NA,1727,804,NA,NA
"38","GARISSA","BALAMBALA","SubCounty",1786,250,82,NA,96,113,NA,NA,NA,NA,171,NA,193,180,NA,NA,198,88,NA,NA
"39","GARISSA","DADAAB","SubCounty",9315,260,120,NA,46,161,NA,NA,NA,NA,70,NA,98,88,NA,NA,119,38,NA,NA
"40","GARISSA","FAFI","SubCounty",6556,651,123,NA,134,315,NA,NA,NA,NA,630,NA,598,380,NA,NA,519,226,NA,NA
"41","GARISSA","GARISSA","SubCounty",3335,451,31,NA,91,202,NA,NA,NA,NA,655,NA,560,229,NA,NA,526,188,NA,NA
"42","GARISSA","HULUGHO","SubCounty",13731,724,280,NA,166,338,NA,NA,NA,NA,197,NA,177,129,NA,NA,205,120,NA,NA
"43","GARISSA","IJARA","SubCounty",8136,244,108,NA,159,192,NA,NA,NA,NA,175,NA,179,124,NA,NA,157,143,NA,NA
"44","GARISSA","LAGDERA","SubCounty",4786,10,4,NA,4,5,NA,NA,NA,NA,4,NA,3,2,NA,NA,3,1,NA,NA
"45","WAJIR","WAJIR","County",63433,1663,660,NA,NA,799,NA,NA,NA,NA,NA,NA,NA,NA,NA,NA,717,NA,NA,NA
"46","WAJIR","BUNA","SubCounty",3425,42,46,NA,NA,17,NA,NA,NA,NA,NA,NA,NA,NA,NA,NA,12,NA,NA,NA
"47","WAJIR","ELDAS","SubCounty",6975,395,185,NA,NA,151,NA,NA,NA,NA,NA,NA,NA,NA,NA,NA,93,NA,NA,NA
"48","WAJIR","HABASWEIN","SubCounty",19731,345,122,NA,NA,192,NA,NA,NA,NA,NA,NA,NA,NA,NA,NA,173,NA,NA,NA
"49","WAJIR","TARBAJ","SubCounty",4598,41,8,NA,NA,17,NA,NA,NA,NA,NA,NA,NA,NA,NA,NA,11,NA,NA,NA
"50","WAJIR","WAJIR EAST","SubCounty",3113,88,39,NA,NA,42,NA,NA,NA,NA,NA,NA,NA,NA,NA,NA,84,NA,NA,NA
"51","WAJIR","WAJIR NORTH","SubCounty",5288,419,168,NA,NA,246,NA,NA,NA,NA,NA,NA,NA,NA,NA,NA,34,NA,NA,NA
"52","WAJIR","WAJIR SOUTH","SubCounty",11735,174,48,NA,NA,76,NA,NA,NA,NA,NA,NA,NA,NA,NA,NA,71,NA,NA,NA
"53","WAJIR","WAJIR WEST","SubCounty",8568,159,44,NA,NA,58,NA,NA,NA,NA,NA,NA,NA,NA,NA,NA,239,NA,NA,NA
"54","MANDERA","MANDERA","County",62639,13594,5735,NA,1129,7331,NA,NA,NA,NA,2250,1257,3566,2312,NA,1804,3601,1484,753,NA
"55","MANDERA","MANDERA WEST","SubCounty",8737,2082,1257,NA,109,846,NA,NA,NA,NA,87,132,211,202,NA,506,302,268,50,NA
"56","MANDERA","BANISA","SubCounty",14983,5040,2480,NA,561,2653,NA,NA,NA,NA,788,641,1082,671,NA,740,1103,562,285,NA
"57","MANDERA","KOTULO","SubCounty",6881,179,114,NA,43,92,NA,NA,NA,NA,42,39,67,52,NA,24,35,25,19,NA
"58","MANDERA","LAFEY","SubCounty",7352,304,189,NA,31,117,NA,NA,NA,NA,39,23,63,41,NA,31,54,34,18,NA
"59","MANDERA","MANDERA CENTRAL","SubCounty",8042,310,211,NA,111,187,NA,NA,NA,NA,104,105,137,112,NA,100,186,102,101,NA
"60","MANDERA","MANDERA EAST","SubCounty",7078,2466,572,NA,156,1623,NA,NA,NA,NA,706,176,1145,681,NA,200,1101,272,172,NA
"61","MANDERA","MANDERA NORTH","SubCounty",9566,3213,912,NA,118,1813,NA,NA,NA,NA,484,141,861,553,NA,203,820,221,108,NA
"62","MARSABIT","MARSABIT","County",39167,1933,NA,NA,NA,1619,NA,NA,72,NA,NA,NA,NA,NA,NA,NA,NA,405,NA,NA
"63","MARSABIT","LOIYANGALANI","SubCounty",4891,54,NA,NA,NA,51,NA,NA,NA,NA,NA,NA,NA,NA,NA,NA,NA,43,NA,NA
"64","MARSABIT","MARSABIT CENTRAL","SubCounty",4727,1447,NA,NA,NA,1219,NA,NA,62,NA,NA,NA,NA,NA,NA,NA,NA,256,NA,NA
"65","MARSABIT","MARSABIT NORTH","SubCounty",6193,98,NA,NA,NA,90,NA,NA,1,NA,NA,NA,NA,NA,NA,NA,NA,4,NA,NA
"66","MARSABIT","MARSABIT SOUTH","SubCounty",8620,13,NA,NA,NA,11,NA,NA,NA,NA,NA,NA,NA,NA,NA,NA,NA,23,NA,NA
"67","MARSABIT","MOYALE","SubCounty",3823,151,NA,NA,NA,123,NA,NA,5,NA,NA,NA,NA,NA,NA,NA,NA,54,NA,NA
"68","MARSABIT","NORTH HORR","SubCounty",7259,3,NA,NA,NA,1,NA,NA,NA,NA,NA,NA,NA,NA,NA,NA,NA,2,NA,NA
"69","MARSABIT","SOLOLO","SubCounty",3654,167,NA,NA,NA,124,NA,NA,4,NA,NA,NA,NA,NA,NA,NA,NA,23,NA,NA
"70","ISIOLO","ISIOLO","County",24271,1983,NA,NA,NA,1297,NA,351,NA,290,307,NA,1111,1019,NA,NA,364,1086,NA,NA
"71","ISIOLO","GARBATULLA","SubCounty",9264,655,NA,NA,NA,206,NA,99,NA,138,119,NA,491,442,NA,NA,223,390,NA,NA
"72","ISIOLO","ISIOLO","SubCounty",8600,1119,NA,NA,NA,1059,NA,239,NA,143,176,NA,520,494,NA,NA,87,619,NA,NA
"73","ISIOLO","MERTI","SubCounty",6407,209,NA,NA,NA,32,NA,13,NA,9,12,NA,100,83,NA,NA,54,77,NA,NA
"74","MERU","MERU","County",274865,217403,34277,NA,68292,181410,40774,34320,6290,23981,118020,22818,13710,19650,6202,15218,2499,53941,27532,2428
"75","MERU","BUURI EAST","SubCounty",18061,14811,555,NA,12913,14256,1129,1731,2267,607,2189,2572,1268,1667,89,147,240,3439,677,331
"76","MERU","BUURI WEST","SubCounty",14939,11358,191,NA,11231,8916,535,1155,2009,554,1656,2568,918,3423,99,118,119,4760,1440,80
"77","MERU","IGEMBE CENTRAL","SubCounty",31946,25925,1189,NA,5413,22202,2623,1851,184,1982,7755,220,667,426,137,887,253,2101,1710,105
"78","MERU","IGEMBE NORTH","SubCounty",22743,18822,1432,NA,7915,16600,2270,1589,260,580,7450,262,364,208,75,1397,115,1647,1138,79
"79","MERU","IGEMBE SOUTH","SubCounty",21483,14780,1456,NA,1300,11435,2143,1451,207,2368,9459,349,577,812,192,1747,168,3804,2634,131
"80","MERU","IMENTI NORTH","SubCounty",27839,21729,3310,NA,4663,19255,5509,4719,354,2031,15073,1787,2345,2023,1093,1124,321,6282,2981,101
"81","MERU","IMENTI SOUTH","SubCounty",46386,36114,6812,NA,10358,27093,9476,9879,287,4711,31511,8020,3795,6672,389,2378,452,16319,8708,225
"82","MERU","MERU CENTRAL","SubCounty",31894,26113,9618,NA,7965,20800,6304,5575,264,6544,17375,6421,1455,2474,1452,3562,259,9345,4317,159
"83","MERU","TIGANIA CENTRAL","SubCounty",18982,13696,4044,NA,482,10065,2630,1752,166,2040,10529,231,613,687,1438,2783,174,2592,1976,80
"84","MERU","TIGANIA EAST","SubCounty",12186,9790,1004,NA,4543,9004,1723,1027,43,352,3542,136,511,408,30,87,94,1125,636,44
"85","MERU","TIGANIA WEST","SubCounty",28224,24124,4655,NA,1354,21669,6402,3559,244,2206,11439,234,1186,828,1199,977,302,2482,1298,1089
"86","MERU","MERU NATIONAL PARK","SubCounty",3,3,NA,NA,NA,2,NA,NA,NA,NA,NA,1,NA,NA,NA,NA,NA,NA,NA,NA
"87","MERU","MT. KENYA FOREST","SubCounty",179,138,11,NA,155,113,30,32,5,6,42,17,11,22,9,11,2,45,17,4
"88","THARAKA-NITHI","THARAKA-NITHI","County",85767,53730,31848,NA,6312,41827,18303,10425,NA,29144,31892,2102,3745,5674,1012,27262,1158,13507,10232,616
"89","THARAKA-NITHI","IGAMBANG'OMBE","SubCounty",12254,8147,5572,NA,182,5537,1611,630,NA,5612,1673,96,345,140,57,5004,141,888,462,134
"90","THARAKA-NITHI","MAARA","SubCounty",27526,22411,6627,NA,1950,19555,9279,5728,NA,2422,17938,1391,2320,4274,267,1616,321,8614,5469,114
"91","THARAKA-NITHI","MERU SOUTH","SubCounty",19251,15832,1883,NA,4090,14528,6907,3628,NA,255,11559,518,805,1089,125,300,117,3219,4003,52
"92","THARAKA-NITHI","THARAKA NORTH","SubCounty",11402,2660,8316,NA,44,959,170,113,NA,9190,261,40,111,65,360,9350,349,283,150,139
"93","THARAKA-NITHI","THARAKA SOUTH","SubCounty",15330,4678,9450,NA,45,1246,335,325,NA,11665,460,57,163,105,203,10992,230,501,148,177
"94","THARAKA-NITHI","MT. KENYA FOREST","SubCounty",4,2,NA,NA,1,2,1,1,NA,NA,1,NA,1,1,NA,NA,NA,2,NA,NA
"95","EMBU","EMBU","County",130990,109171,22883,NA,31032,89278,27641,20905,NA,30437,55970,8247,8734,8517,1215,12819,1884,27825,17631,NA
"96","EMBU","EMBU EAST","SubCounty",31674,26782,740,NA,13434,23223,9993,6218,NA,209,21651,2601,2578,3137,202,282,277,9108,7359,NA
"97","EMBU","EMBU NORTH","SubCounty",18854,14688,169,NA,6378,11822,4179,5096,NA,139,13757,4260,2289,3214,107,80,127,9773,4749,NA
"98","EMBU","EMBU WEST","SubCounty",21166,16926,443,NA,9283,14872,4414,3725,NA,317,12529,943,1359,1292,242,205,285,4773,3370,NA
"99","EMBU","MBEERE SOUTH","SubCounty",35511,31493,12570,NA,698,24850,5218,3945,NA,20013,3659,274,1664,486,451,4855,724,2431,1064,NA
"100","EMBU","MBEERE NORTH","SubCounty",23785,19282,8961,NA,1239,14511,3837,1921,NA,9759,4374,169,844,388,213,7397,471,1740,1089,NA
"101","EMBU","MT. KENYA FOREST","SubCounty",NA,NA,NA,NA,NA,NA,NA,NA,NA,NA,NA,NA,NA,NA,NA,NA,NA,NA,NA,NA
"102","KITUI","KITUI","County",215322,178635,98030,NA,NA,105815,35623,15210,NA,133390,16923,1330,8600,5648,NA,60988,17724,19725,3959,2711
"103","KITUI","IKUTHA","SubCounty",14236,11519,7331,NA,NA,2705,1269,674,NA,10007,354,82,451,274,NA,4464,1767,1265,135,99
"104","KITUI","KATULANI","SubCounty",10717,10218,1976,NA,NA,8454,2224,1336,NA,5744,845,55,514,299,NA,252,271,937,144,29
"105","KITUI","KISASI","SubCounty",9797,9452,4226,NA,NA,5605,2311,1294,NA,6861,634,78,547,360,NA,556,448,902,120,74
"106","KITUI","KITUI CENTRAL","SubCounty",17146,15951,3334,NA,NA,13599,5857,2060,NA,4553,3958,171,963,610,NA,730,412,2191,1063,105
"107","KITUI","KITUI WEST","SubCounty",15208,14528,4148,NA,NA,13917,3739,1410,NA,7066,2355,89,434,379,NA,430,242,1062,315,35
"108","KITUI","KYUSO","SubCounty",14021,8649,10300,NA,NA,2600,1076,224,NA,10710,319,60,403,293,NA,8956,2412,836,167,650
"109","KITUI","LOWER YATTA","SubCounty",12281,11247,3502,NA,NA,8902,1185,1233,NA,8227,888,100,681,525,NA,691,570,1524,178,87
"110","KITUI","MATINYANI","SubCounty",10531,10104,2111,NA,NA,9620,2966,1327,NA,4150,1623,81,499,335,NA,161,157,1618,260,25
"111","KITUI","MIGWANI","SubCounty",17012,16066,4482,NA,NA,14899,4481,1640,NA,9685,2235,84,631,412,NA,882,510,1245,413,69
"112","KITUI","MUMONI","SubCounty",5646,3538,4499,NA,NA,1549,630,154,NA,4536,110,19,113,68,NA,4403,620,345,38,146
"113","KITUI","MUTITU","SubCounty",9766,7928,5245,NA,NA,482,856,438,NA,6909,403,72,439,338,NA,4657,1193,911,146,51
"114","KITUI","MUTITU NORTH","SubCounty",4303,3889,2244,NA,NA,846,323,108,NA,3265,163,23,149,114,NA,1648,475,469,42,21
"115","KITUI","MUTOMO","SubCounty",19832,18067,11975,NA,NA,3898,2664,1192,NA,15363,581,99,627,482,NA,7983,1967,1618,186,103
"116","KITUI","MWINGI CENTRAL","SubCounty",19371,16328,10483,NA,NA,10494,2220,839,NA,12640,812,114,918,423,NA,6105,1339,1872,324,86
"117","KITUI","MWINGI EAST","SubCounty",15945,10679,10592,NA,NA,1984,606,116,NA,11385,180,45,257,151,NA,9718,2389,1023,84,74
"118","KITUI","NZAMBANI","SubCounty",9189,8618,3224,NA,NA,6075,2743,1113,NA,3606,1308,102,738,465,NA,756,434,1397,226,161
"119","KITUI","THAGICU","SubCounty",2968,311,2127,NA,NA,43,21,7,NA,2394,62,16,38,13,NA,2364,219,48,29,175
"120","KITUI","TSEIKURU","SubCounty",7353,1543,6231,NA,NA,143,452,45,NA,6289,93,40,198,107,NA,6232,2299,462,89,721
"121","MACHAKOS","MACHAKOS","County",231341,211089,22077,NA,12704,194467,60602,37625,NA,55800,60821,5394,16758,9110,NA,4514,4679,40521,9053,NA
"122","MACHAKOS","ATHI RIVER","SubCounty",13071,8395,628,NA,801,7655,1607,1622,NA,1175,1964,741,1747,1466,NA,274,509,3530,755,NA
"123","MACHAKOS","KALAMA","SubCounty",11334,10522,764,NA,457,9915,3801,1891,NA,1015,2476,146,501,387,NA,293,235,1188,213,NA
"124","MACHAKOS","KANGUNDO","SubCounty",23045,22225,841,NA,680,21492,12572,7126,NA,1198,12735,400,2108,1225,NA,204,307,5628,1212,NA
"125","MACHAKOS","KATHIANI","SubCounty",24578,22949,587,NA,4271,21996,8863,4515,NA,1385,11005,1432,2360,580,NA,168,196,6408,2216,NA
"126","MACHAKOS","MACHAKOS","SubCounty",26753,24221,654,NA,4625,23140,8216,4745,NA,1663,8841,1002,2399,1467,NA,207,387,6237,1466,NA
"127","MACHAKOS","MASINGA","SubCounty",30328,27568,6838,NA,516,22682,4641,3705,NA,15211,3725,249,1289,517,NA,1295,900,3138,593,NA
"128","MACHAKOS","MATUNGULU","SubCounty",29763,26874,1154,NA,822,25219,9598,5002,NA,2807,8993,621,2519,1678,NA,230,481,5040,1124,NA
"129","MACHAKOS","MWALA","SubCounty",39928,38432,5503,NA,245,35847,7415,5567,NA,16227,7045,396,1804,872,NA,1025,843,4492,484,NA
"130","MACHAKOS","YATTA","SubCounty",32541,29903,5108,NA,287,26521,3889,3452,NA,15119,4037,407,2031,918,NA,818,821,4860,990,NA
"131","MAKUENI","MAKUENI","County",193531,176503,34867,NA,12328,137972,45628,29899,NA,69800,49487,6382,12906,6773,NA,6607,5887,33585,12286,1564
"132","MAKUENI","KATHONZWENI","SubCounty",15666,13792,5465,NA,50,7183,1179,982,NA,11177,781,106,646,293,NA,989,537,1605,175,220
"133","MAKUENI","KIBWEZI","SubCounty",33820,27902,9449,NA,132,10918,3984,1560,NA,21402,1184,236,1291,396,NA,1582,1597,3302,445,367
"134","MAKUENI","KILUNGU","SubCounty",12881,12264,328,NA,3882,11953,6415,2679,NA,397,8065,1342,1141,706,NA,81,114,3520,2831,62
"135","MAKUENI","MAKINDU","SubCounty",14334,11577,2694,NA,70,6083,1205,1189,NA,8944,476,123,694,203,NA,468,503,1434,152,70
"136","MAKUENI","MAKUENI","SubCounty",26021,24706,4234,NA,750,22675,7769,5789,NA,6568,9637,755,2016,1126,NA,566,912,5365,1871,214
"137","MAKUENI","MBOONI EAST","SubCounty",21461,20622,5991,NA,193,18669,4005,3983,NA,8710,6192,332,1164,713,NA,1174,624,3330,933,194
"138","MAKUENI","MBOONI WEST","SubCounty",22069,21181,1445,NA,4472,20651,9076,5390,NA,1370,11744,1731,2416,1656,NA,417,376,6850,2943,118
"139","MAKUENI","MUKAA","SubCounty",22133,20838,1866,NA,2397,19847,6186,4042,NA,2658,5720,786,1217,847,NA,454,420,2893,1187,46
"140","MAKUENI","NZAUI","SubCounty",25146,23621,3395,NA,382,19993,5809,4285,NA,8574,5688,971,2321,833,NA,876,804,5286,1749,273
"141","NYANDARUA","NYANDARUA","County",140854,114595,1793,NA,119679,59481,1038,3788,2719,4241,3956,64651,3099,43964,NA,NA,NA,74358,3636,NA
"142","NYANDARUA","KINANGOP","SubCounty",23636,13568,35,NA,20282,3784,40,84,85,971,83,15861,118,4652,NA,NA,NA,12808,80,NA
"143","NYANDARUA","NYANDARUA SOUTH","SubCounty",20400,15798,66,NA,18318,5585,35,97,447,379,64,13047,133,8531,NA,NA,NA,13258,90,NA
"144","NYANDARUA","MIRANGINE","SubCounty",14488,12400,62,NA,13109,4788,53,88,47,396,295,6571,223,5355,NA,NA,NA,8003,64,NA
"145","NYANDARUA","KIPIPIRI","SubCounty",21702,17870,108,NA,18566,10808,63,490,642,533,525,10197,458,7854,NA,NA,NA,11311,423,NA
"146","NYANDARUA","NYANDARUA CENTRAL","SubCounty",16111,14729,203,NA,13376,9967,59,328,228,429,550,6477,591,5325,NA,NA,NA,8579,334,NA
"147","NYANDARUA","NYANDARUA WEST","SubCounty",21047,18616,129,NA,16949,9871,55,450,534,925,720,6391,374,5685,NA,NA,NA,9870,868,NA
"148","NYANDARUA","NYANDARUA NORTH","SubCounty",23468,21613,1190,NA,19077,14678,733,2251,736,608,1719,6106,1201,6562,NA,NA,NA,10529,1777,NA
"149","NYANDARUA","ABERDARE NATIONAL PARK","SubCounty",2,1,NA,NA,2,NA,NA,NA,NA,NA,NA,1,1,NA,NA,NA,NA,NA,NA,NA
"150","NYERI","NYERI","County",164229,138426,3354,NA,108919,125889,13597,34618,2536,2311,81891,45430,12864,27917,NA,NA,NA,71714,23622,NA
"151","NYERI","TETU","SubCounty",20387,18703,177,NA,16979,17212,1576,6022,98,258,14230,6799,1781,3421,NA,NA,NA,12240,3769,NA
"152","NYERI","KIENI EAST","SubCounty",23138,17784,813,NA,19154,17620,477,2658,570,647,2222,7932,1876,3518,NA,NA,NA,7667,2154,NA
"153","NYERI","KIENI WEST","SubCounty",21942,18569,1296,NA,18163,16912,532,2522,1342,379,1987,5527,1673,7839,NA,NA,NA,7190,1596,NA
"154","NYERI","MATHIRA EAST","SubCounty",20473,15719,123,NA,9506,13036,1696,3659,74,275,12612,7727,1431,2717,NA,NA,NA,9847,4137,NA
"155","NYERI","MATHIRA WEST","SubCounty",15919,14301,151,NA,13009,13485,2048,3869,72,133,10735,3105,1204,1492,NA,NA,NA,5531,2539,NA
"156","NYERI","NYERI SOUTH","SubCounty",21243,17672,137,NA,13064,15126,1099,5291,92,343,13483,9351,1887,4813,NA,NA,NA,13022,2820,NA
"157","NYERI","MUKURWE-INI","SubCounty",22973,20938,484,NA,5816,19153,4756,6743,116,104,17368,1636,1437,1900,NA,NA,NA,9201,4313,NA
"158","NYERI","NYERI CENTRAL","SubCounty",18108,14736,172,NA,13184,13326,1413,3853,171,172,9254,3345,1574,2216,NA,NA,NA,7009,2294,NA
"159","NYERI","MT. KENYA FOREST","SubCounty",44,3,1,NA,42,18,NA,NA,NA,NA,NA,7,NA,NA,NA,NA,NA,6,NA,NA
"160","NYERI","ABERDARE FOREST","SubCounty",2,1,NA,NA,2,1,NA,1,1,NA,NA,1,1,1,NA,NA,NA,1,NA,NA
"161","KIRINYAGA","KIRINYAGA","County",139866,100197,8880,21557,22133,83440,20215,25556,NA,4285,73990,18370,15866,10460,NA,2643,2049,40338,19104,NA
"162","KIRINYAGA","KIRINYAGA CENTRAL","SubCounty",27890,20599,936,1399,4489,16778,2785,4705,NA,166,17432,6341,3281,3631,NA,320,141,10337,3704,NA
"163","KIRINYAGA","KIRINYAGA EAST","SubCounty",36150,26017,887,1139,9543,22155,8136,7676,NA,277,26011,7674,3589,3515,NA,264,498,14083,7848,NA
"164","KIRINYAGA","KIRINYAGA WEST","SubCounty",27280,22028,1436,1193,2302,19144,4494,7243,NA,299,17617,2966,1803,2284,NA,319,304,7961,4392,NA
"165","KIRINYAGA","MWEA EAST","SubCounty",25729,17855,2136,7991,5477,14361,2989,3226,NA,1530,7892,957,3014,670,NA,498,807,4659,2096,NA
"166","KIRINYAGA","MWEA WEST","SubCounty",22809,13695,3485,9835,322,10999,1811,2705,NA,2013,5037,430,4177,360,NA,1242,299,3296,1064,NA
"167","KIRINYAGA","MT. KENYA FOREST","SubCounty",8,3,NA,NA,NA,3,NA,1,NA,NA,1,2,2,NA,NA,NA,NA,2,NA,NA
"168","MURANG'A","MURANG'A","County",231400,202745,6021,NA,91878,177211,49778,60504,NA,3208,144925,35857,13611,26806,NA,NA,NA,86317,21753,NA
"169","MURANG'A","MURANG'A EAST","SubCounty",21474,19674,1209,NA,4080,18506,6365,5912,NA,288,12802,508,840,1172,NA,NA,NA,3511,2443,NA
"170","MURANG'A","KANGEMA","SubCounty",20585,18294,162,NA,8612,14126,3079,6542,NA,439,13971,7310,989,5146,NA,NA,NA,12736,2770,NA
"171","MURANG'A","MATHIOYA","SubCounty",23395,20339,144,NA,10072,16968,3485,6725,NA,400,15506,4847,1293,3811,NA,NA,NA,11983,1862,NA
"172","MURANG'A","KAHURO","SubCounty",23127,20102,186,NA,6643,17593,5203,7455,NA,123,17333,3864,1336,2921,NA,NA,NA,10963,2047,NA
"173","MURANG'A","MURANG'A SOUTH","SubCounty",37654,34203,2011,NA,12936,31932,12222,9470,NA,681,20062,941,2800,1545,NA,NA,NA,7831,3037,NA
"174","MURANG'A","GATANGA","SubCounty",35429,29265,1388,NA,15923,26024,5932,6959,NA,734,20722,6333,2421,4153,NA,NA,NA,12711,2902,NA
"175","MURANG'A","KIGUMO","SubCounty",31110,26237,345,NA,10591,20959,4411,5784,NA,364,16971,7138,1355,4143,NA,NA,NA,12360,1483,NA
"176","MURANG'A","KANDARA","SubCounty",38624,34630,576,NA,23019,31103,9081,11657,NA,179,27558,4914,2577,3914,NA,NA,NA,14221,5209,NA
"177","MURANG'A","ABERDARE FOREST","SubCounty",2,1,NA,NA,2,NA,NA,NA,NA,NA,NA,2,NA,1,NA,NA,NA,1,NA,NA
"178","KIAMBU","KIAMBU","County",214052,144125,NA,NA,108457,120887,9816,18416,NA,NA,74810,41121,17996,28684,NA,NA,NA,103524,19981,NA
"179","KIAMBU","GATUNDU NORTH","SubCounty",21532,14604,NA,NA,9382,11788,1170,3276,NA,NA,12602,3163,1568,2023,NA,NA,NA,7309,2228,NA
"180","KIAMBU","GATUNDU SOUTH","SubCounty",25074,20819,NA,NA,17143,18372,2420,4625,NA,NA,17800,4400,1837,3373,NA,NA,NA,11440,4949,NA
"181","KIAMBU","GITHUNGURI","SubCounty",29745,23166,NA,NA,16428,18081,1484,2396,NA,NA,16563,7734,3565,4711,NA,NA,NA,16009,3922,NA
"182","KIAMBU","JUJA","SubCounty",15859,7436,NA,NA,2362,6226,1062,1416,NA,NA,2618,1021,1514,1316,NA,NA,NA,3870,1046,NA
"183","KIAMBU","KABETE","SubCounty",15713,8812,NA,NA,5859,7216,231,501,NA,NA,2999,1917,811,1657,NA,NA,NA,8232,808,NA
"184","KIAMBU","KIAMBAA","SubCounty",13339,8788,NA,NA,5605,7620,461,973,NA,NA,4482,1404,1091,1331,NA,NA,NA,6127,1208,NA
"185","KIAMBU","KIAMBU","SubCounty",10505,6657,NA,NA,3172,5238,570,737,NA,NA,4229,835,909,955,NA,NA,NA,3833,1477,NA
"186","KIAMBU","KIKUYU","SubCounty",17693,13449,NA,NA,12438,12733,338,782,NA,NA,3174,2178,1259,2421,NA,NA,NA,8210,1054,NA
"187","KIAMBU","LARI","SubCounty",25602,16282,NA,NA,19240,12158,305,1089,NA,NA,4896,12078,1578,4917,NA,NA,NA,20622,780,NA
"188","KIAMBU","LIMURU","SubCounty",19202,14312,NA,NA,14217,13413,179,540,NA,NA,1617,4908,1344,3755,NA,NA,NA,11999,567,NA
"189","KIAMBU","RUIRU","SubCounty",8590,3554,NA,NA,970,2756,478,689,NA,NA,1423,681,939,885,NA,NA,NA,2367,807,NA
"190","KIAMBU","THIKA EAST","SubCounty",4700,3304,NA,NA,752,3024,620,634,NA,NA,1111,305,651,563,NA,NA,NA,1472,458,NA
"191","KIAMBU","THIKA WEST","SubCounty",6498,2942,NA,NA,889,2262,498,758,NA,NA,1296,497,930,777,NA,NA,NA,2034,677,NA
"192","TURKANA","TURKANA","County",61209,9751,10225,NA,NA,NA,NA,NA,NA,1991,NA,NA,NA,NA,NA,NA,2917,1827,NA,NA
"193","TURKANA","KIBISH","SubCounty",3955,85,24,NA,NA,NA,NA,NA,NA,7,NA,NA,NA,NA,NA,NA,61,46,NA,NA
"194","TURKANA","LOIMA","SubCounty",9743,1732,2167,NA,NA,NA,NA,NA,NA,414,NA,NA,NA,NA,NA,NA,323,201,NA,NA
"195","TURKANA","TURKANA CENTRAL","SubCounty",11229,1392,2122,NA,NA,NA,NA,NA,NA,404,NA,NA,NA,NA,NA,NA,834,198,NA,NA
"196","TURKANA","TURKANA EAST","SubCounty",9618,2695,1922,NA,NA,NA,NA,NA,NA,331,NA,NA,NA,NA,NA,NA,460,272,NA,NA
"197","TURKANA","TURKANA NORTH","SubCounty",6956,53,25,NA,NA,NA,NA,NA,NA,8,NA,NA,NA,NA,NA,NA,62,62,NA,NA
"198","TURKANA","TURKANA SOUTH","SubCounty",10257,2824,1518,NA,NA,NA,NA,NA,NA,607,NA,NA,NA,NA,NA,NA,785,780,NA,NA
"199","TURKANA","TURKANA WEST","SubCounty",9451,970,2447,NA,NA,NA,NA,NA,NA,220,NA,NA,NA,NA,NA,NA,392,268,NA,NA
"200","WEST POKOT","WEST POKOT","County",89828,75323,18754,NA,11316,43812,2126,2942,NA,2193,14413,8146,4808,10145,1140,11759,1035,18662,4006,NA
"201","WEST POKOT","KIPKOMO","SubCounty",14921,13733,4632,NA,686,10477,539,818,NA,297,3029,660,1054,2115,188,2829,106,3501,558,NA
"202","WEST POKOT","POKOT CENTRAL","SubCounty",17573,13864,2097,NA,644,7281,909,613,NA,838,4137,656,1168,1691,372,3822,226,2533,1659,NA
"203","WEST POKOT","POKOT NORTH","SubCounty",20563,17561,7692,NA,285,8915,117,261,NA,488,622,242,432,462,278,1607,486,1313,370,NA
"204","WEST POKOT","POKOT SOUTH","SubCounty",12241,8398,481,NA,7886,4585,181,413,NA,87,1998,4883,1146,4836,63,934,80,5930,743,NA
"205","WEST POKOT","WEST POKOT","SubCounty",24530,21767,3852,NA,1815,12554,380,837,NA,483,4627,1705,1008,1041,239,2567,137,5385,676,NA
"206","SAMBURU","SAMBURU","County",43149,12817,NA,NA,3168,10667,NA,346,93,465,721,1593,2202,2458,NA,51,NA,4487,NA,NA
"207","SAMBURU","SAMBURU CENTRAL","SubCounty",22176,12561,NA,NA,3134,10408,NA,321,89,425,656,1556,2092,2359,NA,49,NA,4291,NA,NA
"208","SAMBURU","SAMBURU EAST","SubCounty",11460,59,NA,NA,17,53,NA,7,2,3,8,13,18,15,NA,2,NA,33,NA,NA
"209","SAMBURU","SAMBURU NORTH","SubCounty",9513,197,NA,NA,17,206,NA,18,2,37,57,24,92,84,NA,NA,NA,163,NA,NA
"210","TRANS NZOIA","TRANS NZOIA","County",140249,125391,9454,NA,15289,88786,10655,22537,1663,1251,55116,8379,9486,7414,2205,12266,NA,43464,7816,NA
"211","TRANS NZOIA","TRANS NZOIA WEST","SubCounty",23540,20733,1886,NA,4606,16029,1823,3479,268,211,9683,1823,2871,1338,337,2178,NA,7093,865,NA
"212","TRANS NZOIA","TRANS NZOIA EAST","SubCounty",36921,34049,1992,NA,3387,22193,1392,4123,360,240,12863,2349,1380,2243,194,3921,NA,12007,1684,NA
"213","TRANS NZOIA","KWANZA","SubCounty",28502,25420,1951,NA,1826,17713,2149,4626,344,274,9958,1377,1374,1018,303,2610,NA,7917,1047,NA
"214","TRANS NZOIA","ENDEBESS","SubCounty",16775,14936,1591,NA,2818,11555,831,1698,196,145,4196,1055,2130,979,99,1547,NA,3922,310,NA
"215","TRANS NZOIA","KIMININI","SubCounty",34511,30253,2034,NA,2652,21296,4460,8611,495,381,18416,1775,1731,1836,1272,2010,NA,12525,3910,NA
"216","UASIN GISHU","UASIN GISHU","County",141547,126577,8982,NA,23950,67257,2675,10382,8148,NA,21501,12737,9092,16729,NA,15684,NA,46064,4704,NA
"217","UASIN GISHU","AINABKOI","SubCounty",17845,15828,743,NA,6235,8536,125,900,1254,NA,1494,2495,1137,3143,NA,1908,NA,6450,266,NA
"218","UASIN GISHU","KAPSERET","SubCounty",16891,13839,741,NA,1983,6530,324,1237,378,NA,3103,1331,1218,2048,NA,642,NA,6079,690,NA
"219","UASIN GISHU","KESSES","SubCounty",24309,22229,1332,NA,8846,12119,184,1411,754,NA,3275,3946,1350,5395,NA,1283,NA,9885,523,NA
"220","UASIN GISHU","MOIBEN","SubCounty",22915,20805,2128,NA,3635,12677,234,1456,3673,NA,2461,2085,1866,2205,NA,6591,NA,6999,515,NA
"221","UASIN GISHU","SOY","SubCounty",33352,30817,2259,NA,1764,15491,689,2845,1658,NA,5141,1744,2003,1870,NA,3382,NA,8758,646,NA
"222","UASIN GISHU","TURBO","SubCounty",26235,23059,1779,NA,1487,11904,1119,2533,431,NA,6027,1136,1518,2068,NA,1878,NA,7893,2064,NA
"223","ELGEYO/MARAKWET","ELGEYO/MARAKWET","County",74881,62633,9624,NA,27205,39126,2276,4123,1369,1744,12325,10555,4105,13775,1772,20353,548,22876,2021,NA
"224","ELGEYO/MARAKWET","KEIYO NORTH","SubCounty",15190,13527,1612,NA,3018,9650,199,791,648,223,2011,1223,934,1346,83,4971,87,3671,253,NA
"225","ELGEYO/MARAKWET","KEIYO SOUTH","SubCounty",21518,18562,2052,NA,8789,11723,682,1443,285,484,3660,4234,1045,5207,1061,4870,123,7646,305,NA
"226","ELGEYO/MARAKWET","MARAKWET EAST","SubCounty",15779,11779,3887,NA,4840,6388,1186,935,194,835,2875,1498,1160,2231,535,5590,225,3840,705,NA
"227","ELGEYO/MARAKWET","MARAKWET WEST","SubCounty",22394,18765,2073,NA,10558,11365,209,954,242,202,3779,3600,966,4991,93,4922,113,7719,758,NA
"228","NANDI","NANDI","County",148887,134408,14875,NA,18045,79216,17146,25641,1766,NA,68158,14764,10084,32316,1343,12788,NA,58494,22885,NA
"229","NANDI","CHESUMEI","SubCounty",26835,23735,1785,NA,3790,11413,1437,3521,261,NA,11721,2941,1297,4512,149,1722,NA,11747,3105,NA
"230","NANDI","NANDI CENTRAL","SubCounty",23951,20895,1667,NA,3236,11961,2319,3917,217,NA,11458,2304,1233,4997,186,1517,NA,10053,3223,NA
"231","NANDI","NANDI EAST","SubCounty",16777,14873,1330,NA,3121,9441,823,1860,293,NA,6017,2296,1482,4761,86,1030,NA,7044,967,NA
"232","NANDI","NANDI NORTH","SubCounty",30073,28171,3704,NA,3452,15124,1645,3919,319,NA,11251,3198,1697,5265,268,3461,NA,9326,4739,NA
"233","NANDI","NANDI SOUTH","SubCounty",31054,27508,2250,NA,3165,18653,8551,9671,249,NA,18816,2843,1958,8390,492,1965,NA,12941,4965,NA
"234","NANDI","TINDERET","SubCounty",20197,19226,4139,NA,1281,12624,2371,2753,427,NA,8895,1182,2417,4391,162,3093,NA,7383,5886,NA
"235","BARINGO","BARINGO","County",100465,80000,13594,NA,12438,49579,5655,7571,1310,3802,18052,5585,5204,11101,4242,27128,1742,23812,3070,NA
"236","BARINGO","BARINGO CENTRAL","SubCounty",15137,13463,2739,NA,877,10087,1815,2185,316,376,6131,441,1036,1401,1609,5873,120,4799,940,NA
"237","BARINGO","BARINGO NORTH","SubCounty",18409,15300,3927,NA,1052,10260,1940,1974,177,1161,5250,433,999,1432,808,10639,190,4096,705,NA
"238","BARINGO","EAST POKOT","SubCounty",9565,3931,1798,NA,95,1330,77,69,126,363,101,84,185,73,53,1114,140,381,80,NA
"239","BARINGO","KOIBATEK","SubCounty",21544,19234,1545,NA,9351,12917,803,1567,275,416,3617,4069,1192,6054,264,3616,104,9339,707,NA
"240","BARINGO","MARIGAT","SubCounty",13596,11044,1391,NA,574,5507,434,614,151,773,1310,188,935,1035,299,2522,948,2355,428,NA
"241","BARINGO","MOGOTIO","SubCounty",13607,11524,1918,NA,199,7043,537,971,210,397,1552,209,503,784,1185,3195,109,2118,186,NA
"242","BARINGO","TIATY EAST","SubCounty",8607,5504,276,NA,290,2435,49,191,55,316,91,161,354,322,24,169,131,724,24,NA
"243","LAIKIPIA","LAIKIPIA","County",90729,70534,5306,NA,38543,53967,2671,8722,3936,1781,7092,7873,6415,10333,NA,1516,740,17753,4706,NA
"244","LAIKIPIA","LAIKIPIA CENTRAL","SubCounty",18787,14816,2719,NA,13179,13626,505,2966,411,506,1332,2518,1711,4090,NA,477,257,5196,1516,NA
"245","LAIKIPIA","LAIKIPIA EAST","SubCounty",13192,8911,208,NA,7815,7554,305,1369,342,421,1144,1017,794,1395,NA,92,79,2797,978,NA
"246","LAIKIPIA","LAIKIPIA NORTH","SubCounty",5898,406,20,NA,168,399,21,37,13,15,27,35,57,65,NA,11,13,111,18,NA
"247","LAIKIPIA","LAIKIPIA WEST","SubCounty",24338,20245,1458,NA,5245,14932,746,1921,930,270,1121,1357,1649,1665,NA,378,219,2610,647,NA
"248","LAIKIPIA","NYAHURURU","SubCounty",28514,26156,901,NA,12136,17456,1094,2429,2240,569,3468,2946,2204,3118,NA,558,172,7039,1547,NA
"249","NAKURU","NAKURU","County",283652,243535,9613,NA,140998,168112,6953,16130,6021,7919,32257,41413,14871,65022,NA,13563,NA,114162,11097,NA
"250","NAKURU","GILGIL","SubCounty",27273,23695,982,NA,15359,21481,1034,2431,329,815,3010,3034,1920,6023,NA,842,NA,9169,1790,NA
"251","NAKURU","KURESOI NORTH","SubCounty",33190,30713,455,NA,23145,10963,80,349,1679,1224,1441,7513,1006,10380,NA,1608,NA,16861,269,NA
"252","NAKURU","KURESOI SOUTH","SubCounty",28030,25349,383,NA,13872,7165,82,338,869,820,2556,7452,709,8082,NA,2006,NA,15071,511,NA
"253","NAKURU","MOLO","SubCounty",26641,23531,556,NA,17167,13884,231,514,230,985,1826,5370,789,7030,NA,995,NA,11244,429,NA
"254","NAKURU","NAIVASHA","SubCounty",33061,23332,321,NA,17061,20884,353,1555,283,745,1548,4381,1850,9444,NA,213,NA,12924,978,NA
"255","NAKURU","NAKURU EAST","SubCounty",8876,5637,157,NA,2520,4448,167,411,171,210,653,739,690,1023,NA,102,NA,2640,277,NA
"256","NAKURU","NAKURU NORTH","SubCounty",28990,24972,751,NA,17040,21763,1544,3217,334,899,7952,3718,2132,5821,NA,396,NA,14113,2954,NA
"257","NAKURU","NAKURU WEST","SubCounty",8752,6573,434,NA,1347,5256,148,420,217,125,705,582,632,845,NA,625,NA,2728,234,NA
"258","NAKURU","NJORO","SubCounty",41771,36788,1019,NA,22196,26751,414,1584,1252,1127,2941,5230,1592,9109,NA,2371,NA,13922,1016,NA
"259","NAKURU","RONGAI","SubCounty",29568,26386,3207,NA,4022,21725,1250,2671,445,427,4627,1533,2292,3777,NA,3271,NA,9197,1043,NA
"260","NAKURU","SUBUKIA","SubCounty",17500,16559,1348,NA,7269,13792,1650,2640,212,542,4998,1861,1259,3488,NA,1134,NA,6293,1596,NA
"261","NAROK","NAROK","County",181706,136075,23325,NA,53966,94779,2634,28542,13437,4439,27875,26070,17566,50324,1268,14622,1302,59672,18862,NA
"262","NAROK","NAROK EAST","SubCounty",19206,15197,74,NA,7917,12116,99,526,2182,803,539,3301,1201,5393,137,70,145,4560,203,NA
"263","NAROK","NAROK NORTH","SubCounty",35447,26210,199,NA,22506,12744,179,630,6556,1382,657,10032,1422,14448,200,201,201,14384,332,NA
"264","NAROK","NAROK SOUTH","SubCounty",40248,32036,4402,NA,13943,26647,463,4407,2261,1393,7903,6729,5766,10892,263,4443,254,12348,3921,NA
"265","NAROK","NAROK WEST","SubCounty",30259,15531,5878,NA,2459,11761,333,5420,1081,473,3484,1279,2508,5786,84,2119,112,5942,2369,NA
"266","NAROK","TRANS MARA EAST","SubCounty",18907,17307,8272,NA,3610,13083,563,12830,487,142,6715,1991,2976,5293,121,2985,109,9404,4507,NA
"267","NAROK","TRANS MARA WEST","SubCounty",37639,29794,4500,NA,3531,18428,997,4729,870,246,8577,2738,3693,8512,463,4804,481,13034,7530,NA
"268","NAROK","MAU FOREST","SubCounty",NA,NA,NA,NA,NA,NA,NA,NA,NA,NA,NA,NA,NA,NA,NA,NA,NA,NA,NA,NA
"269","KAJIADO","KAJIADO","County",97565,37686,NA,NA,12536,33885,2902,4184,NA,1693,7029,3710,10415,5801,NA,NA,2198,12860,2270,NA
"270","KAJIADO","ISINYA","SubCounty",6584,2523,NA,NA,404,2174,157,301,NA,101,537,464,890,896,NA,NA,276,1490,191,NA
"271","KAJIADO","KAJIADO CENTRAL","SubCounty",19641,4546,NA,NA,564,4191,145,352,NA,148,490,387,841,632,NA,NA,398,1007,194,NA
"272","KAJIADO","KAJIADO NORTH","SubCounty",10726,5704,NA,NA,2759,4811,563,729,NA,178,1730,737,1310,1489,NA,NA,135,4024,597,NA
"273","KAJIADO","KAJIADO WEST","SubCounty",23089,5497,NA,NA,2496,5010,478,859,NA,459,1267,504,1217,1310,NA,NA,236,2334,622,NA
"274","KAJIADO","LOITOKITOK","SubCounty",29501,16618,NA,NA,6162,15089,1384,1662,NA,497,2795,1438,5672,1326,NA,NA,856,3581,615,NA
"275","KAJIADO","MASHUURU","SubCounty",8024,2798,NA,NA,151,2610,175,281,NA,310,210,180,485,148,NA,NA,297,424,51,NA
"276","KERICHO","KERICHO","County",150845,132308,40485,NA,19794,92081,6234,18375,4622,1683,70784,14922,13602,35701,NA,39536,NA,81493,23253,NA
"277","KERICHO","BELGUT","SubCounty",23573,18946,5731,NA,2032,11861,740,2250,494,177,13457,2283,1643,6748,NA,6385,NA,14310,3176,NA
"278","KERICHO","BURETI","SubCounty",33285,26776,8122,NA,4325,17444,937,5628,570,452,19812,4134,2032,7771,NA,7740,NA,21269,7819,NA
"279","KERICHO","KERICHO EAST","SubCounty",23273,19606,4168,NA,2526,12640,1189,2314,474,194,11849,1748,2222,5487,NA,7070,NA,12130,2918,NA
"280","KERICHO","KIPKELION","SubCounty",22836,22245,8802,NA,2981,19284,1062,2285,1518,226,10319,2057,2553,3923,NA,6413,NA,11500,1887,NA
"281","KERICHO","LONDIANI","SubCounty",25049,23742,4408,NA,6670,17196,168,823,998,419,3764,4075,1939,5420,NA,3408,NA,11276,739,NA
"282","KERICHO","SOIN SIGOWET","SubCounty",22829,20993,9254,NA,1260,13656,2138,5075,568,215,11583,625,3213,6352,NA,8520,NA,11008,6714,NA
"283","BOMET","BOMET","County",152564,122998,41522,NA,37261,106434,3939,54045,NA,2331,78319,26613,21900,47758,943,28681,940,93744,40551,NA
"284","BOMET","BOMET EAST","SubCounty",26472,22805,6498,NA,6545,20446,629,10368,NA,453,12031,4747,4123,11017,199,4019,154,13802,4385,NA
"285","BOMET","CHEPALUNGU","SubCounty",31910,28697,14169,NA,6660,25691,1036,20833,NA,288,12660,3972,5955,10168,228,2700,334,20038,10184,NA
"286","BOMET","KONOIN","SubCounty",23845,14084,3169,NA,3853,9161,400,2978,NA,270,13084,3468,1934,6315,91,2842,86,14680,7131,NA
"287","BOMET","SOTIK","SubCounty",40497,34994,10748,NA,10699,30378,1329,13267,NA,768,23512,7467,5120,9941,238,11923,208,26060,12167,NA
"288","BOMET","BOMET CENTRAL","SubCounty",29840,22418,6938,NA,9504,20758,545,6599,NA,552,17032,6959,4768,10317,187,7197,158,19164,6684,NA
"289","KAKAMEGA","KAKAMEGA","County",335269,312670,24160,NA,26204,250047,103223,146673,NA,9539,194940,9064,16914,26940,100958,16384,2208,141501,92380,NA
"290","KAKAMEGA","BUTERE","SubCounty",29189,27134,2198,NA,1685,22659,9775,12178,NA,856,15582,556,772,1890,10687,959,171,11618,3473,NA
"291","KAKAMEGA","KAKAMEGA CENTRAL","SubCounty",25461,22353,1206,NA,1331,16846,7107,9844,NA,363,15276,744,1230,2240,9742,903,165,12646,4916,NA
"292","KAKAMEGA","KAKAMEGA EAST","SubCounty",31632,29188,795,NA,1929,24310,7001,10833,NA,585,20403,1154,1321,4052,1938,412,109,12502,7627,NA
"293","KAKAMEGA","KAKAMEGA NORTH","SubCounty",43441,40626,2158,NA,3777,32356,15577,24349,NA,1595,26992,1249,3657,5533,14327,1795,290,21564,26349,NA
"294","KAKAMEGA","KAKAMEGA SOUTH","SubCounty",22218,20603,845,NA,727,17157,4989,7751,NA,459,13898,383,433,1824,2258,1075,86,8066,3186,NA
"295","KAKAMEGA","KHWISERO","SubCounty",23443,21852,1997,NA,852,18067,7481,10871,NA,424,16115,422,696,2648,9433,1380,176,10012,2045,NA
"296","KAKAMEGA","LIKUYANI","SubCounty",24849,23091,1331,NA,1557,16495,2206,7798,NA,277,9907,974,1376,1551,456,1221,182,7921,1375,NA
"297","KAKAMEGA","LUGARI","SubCounty",23281,22152,1793,NA,1862,18536,3918,10186,NA,449,14130,838,1542,1938,2324,2310,127,9634,4813,NA
"298","KAKAMEGA","MATETE","SubCounty",11488,10806,887,NA,1314,8790,2654,5635,NA,458,6456,384,900,1003,2670,804,98,5106,6596,NA
"299","KAKAMEGA","MATUNGU","SubCounty",30321,28872,4093,NA,3752,21894,11983,12315,NA,972,13438,575,1081,743,12769,2183,246,8971,5348,NA
"300","KAKAMEGA","MUMIAS EAST","SubCounty",21549,20364,1729,NA,2211,14861,9245,9828,NA,750,12950,553,871,792,9037,771,162,9833,6678,NA
"301","KAKAMEGA","MUMIAS WEST","SubCounty",19375,18074,3031,NA,1459,14036,7680,8041,NA,511,9860,271,582,822,8081,1331,101,7203,1937,NA
"302","KAKAMEGA","NAVAKHOLO","SubCounty",29022,27555,2097,NA,3748,24040,13607,17044,NA,1840,19933,961,2453,1904,17236,1240,295,16425,18037,NA
"303","VIHIGA","VIHIGA","County",113753,105807,5160,NA,4222,89528,40867,50944,NA,2243,84487,2308,4613,11438,14238,2062,NA,46248,25329,NA
"304","VIHIGA","EMUHAYA","SubCounty",20210,18949,1243,NA,671,15952,8014,9938,NA,345,15553,276,604,1454,2902,559,NA,8444,3788,NA
"305","VIHIGA","VIHIGA","SubCounty",18652,17479,988,NA,760,15281,7724,9811,NA,628,14877,415,1035,1955,5400,400,NA,7942,5077,NA
"306","VIHIGA","SABATIA","SubCounty",25789,24235,958,NA,967,21396,8626,10280,NA,562,19856,618,777,2555,380,318,NA,10952,6417,NA
"307","VIHIGA","LUANDA","SubCounty",20058,18597,1178,NA,713,14273,6315,7874,NA,369,13598,342,946,1514,3421,431,NA,8030,3636,NA
"308","VIHIGA","HAMISI","SubCounty",29042,26545,793,NA,1111,22625,10188,13041,NA,339,20603,657,1251,3960,2135,354,NA,10880,6411,NA
"309","VIHIGA","KAKAMEGA FOREST","SubCounty",2,2,NA,NA,NA,1,NA,NA,NA,NA,NA,NA,NA,NA,NA,NA,NA,NA,NA,NA
"310","BUNGOMA","BUNGOMA","County",280445,262063,28889,NA,40882,222747,72760,102940,7644,20851,160195,11059,19364,17992,93242,27667,2975,96113,57105,2169
"311","BUNGOMA","BUMULA","SubCounty",39540,38051,4807,NA,6096,33223,16773,16223,1004,1814,19850,855,2703,1510,17551,3610,645,11074,4496,462
"312","BUNGOMA","BUNGOMA CENTRAL","SubCounty",31835,30119,4485,NA,4099,27450,8297,12083,1241,4436,20570,864,1723,1065,17003,4904,343,9915,5455,242
"313","BUNGOMA","BUNGOMA EAST","SubCounty",19688,18256,1493,NA,1926,14731,3953,8274,595,1149,11893,512,864,746,6043,2087,184,7232,7810,115
"314","BUNGOMA","BUNGOMA NORTH","SubCounty",20848,19517,1824,NA,1777,15116,4526,7683,454,693,12888,606,825,615,2677,1754,130,6828,6078,94
"315","BUNGOMA","BUNGOMA SOUTH","SubCounty",41443,38314,4726,NA,6361,31823,12916,17632,1084,2372,22809,1227,3173,2177,17721,3707,499,15569,12199,403
"316","BUNGOMA","CHEPTAIS","SubCounty",22457,20639,975,NA,7171,17980,2356,3228,547,952,10749,3274,3462,6569,1909,485,113,8831,697,135
"317","BUNGOMA","KIMILILI","SubCounty",25205,23336,2139,NA,2304,19458,5118,8562,547,1769,15762,874,932,786,6938,2002,267,7785,3861,187
"318","BUNGOMA","MT. ELGON","SubCounty",12376,11157,725,NA,4516,8908,915,1661,215,107,5738,1132,428,1638,281,1384,60,3901,543,47
"319","BUNGOMA","BUNGOMA WEST","SubCounty",22145,21201,2853,NA,2344,19429,6575,7261,461,3689,13195,585,2824,831,9058,2162,338,7965,1001,236
"320","BUNGOMA","TONGAREN","SubCounty",17578,16498,1351,NA,1450,13273,2848,6384,577,289,9655,554,849,667,993,1605,156,5946,1805,91
"321","BUNGOMA","WEBUYE WEST","SubCounty",26624,24971,3511,NA,2836,21356,8483,13949,919,3581,17086,576,1581,1388,13068,3967,240,11067,13160,157
"322","BUNGOMA","MT. ELGON FOREST","SubCounty",706,4,NA,NA,2,NA,NA,NA,NA,NA,NA,NA,NA,NA,NA,NA,NA,NA,NA,NA
"323","BUSIA","BUSIA","County",148257,135790,53701,2206,11163,99743,71591,61973,NA,7815,51930,2572,7945,3335,49979,25825,1638,29615,13949,2109
"324","BUSIA","BUNYALA","SubCounty",12676,9683,7636,969,856,7818,2320,4834,NA,632,1716,262,1075,278,1133,1148,139,2081,542,67
"325","BUSIA","BUSIA","SubCounty",19412,17526,7008,131,1595,12303,7957,7931,NA,768,6163,323,612,669,5096,2696,144,4271,1623,135
"326","BUSIA","BUTULA","SubCounty",26650,25235,12232,189,2246,18400,13465,12450,NA,941,10573,423,776,599,13314,6077,177,5932,1850,143
"327","BUSIA","NAMBALE","SubCounty",19743,18550,3728,190,2030,13547,9373,8284,NA,964,8297,389,1027,450,7043,2707,249,4405,4580,199
"328","BUSIA","SAMIA","SubCounty",19701,18000,12364,95,935,15426,11002,10734,NA,1116,4160,319,979,494,6163,2375,168,3378,717,416
"329","BUSIA","TESO NORTH","SubCounty",23180,21835,4052,126,1499,17479,11893,10092,NA,1763,10942,509,1891,380,9374,4782,320,5081,981,721
"330","BUSIA","TESO SOUTH","SubCounty",26895,24961,6681,506,2002,14770,15581,7648,NA,1631,10079,347,1585,465,7856,6040,441,4467,3656,428
"331","SIAYA","SIAYA","County",194362,181114,99872,1310,9298,132295,59310,67040,NA,15925,60751,2906,10464,10099,47293,18069,1794,49344,8326,3125
"332","SIAYA","SIAYA","SubCounty",44532,41256,24591,602,2188,32778,15539,18212,NA,2070,11557,684,2538,2182,8777,3442,406,11285,1704,235
"333","SIAYA","GEM","SubCounty",38224,36527,13982,151,1719,29190,14553,16761,NA,979,23395,684,1755,3649,10747,2474,264,15097,3212,186
"334","SIAYA","UGENYA","SubCounty",27847,26465,16657,216,2080,22578,11484,12939,NA,957,10350,505,841,1173,9013,3989,198,6350,1218,119
"335","SIAYA","UGUNJA","SubCounty",21054,19948,9736,92,1093,16029,7382,9404,NA,742,8398,400,632,1302,5713,2376,144,7122,1101,112
"336","SIAYA","BONDO","SubCounty",32920,29263,16351,141,1081,15715,4506,4698,NA,3346,3437,433,2444,1068,2748,3296,462,5371,545,218
"337","SIAYA","RARIEDA","SubCounty",29785,27655,18555,108,1137,16005,5846,5026,NA,7831,3614,200,2254,725,10295,2492,320,4119,546,2255
"338","KISUMU","KISUMU","County",147117,126050,66687,10259,8789,62434,37426,30515,NA,22727,38295,2447,13653,9675,24973,14492,2037,34752,17204,2174
"339","KISUMU","KISUMU EAST","SubCounty",16348,12302,5174,695,696,5060,3666,3322,NA,1334,3736,252,1245,877,911,1432,264,3698,1329,161
"340","KISUMU","KISUMU CENTRAL","SubCounty",4157,1925,602,195,207,1015,487,451,NA,219,602,115,440,329,352,346,104,1009,414,39
"341","KISUMU","KISUMU WEST","SubCounty",23207,20287,7307,141,1159,12046,8682,7559,NA,1453,9943,284,1572,1408,4735,1759,203,6149,1126,98
"342","KISUMU","SEME","SubCounty",24014,22284,13750,151,1587,11737,9807,7040,NA,5537,7100,398,1999,1193,9169,3654,261,5457,611,140
"343","KISUMU","MUHORONI","SubCounty",26368,24021,11280,3156,2645,14115,6489,5931,NA,2993,6933,632,2853,2456,1360,2369,315,7053,10460,345
"344","KISUMU","NYANDO","SubCounty",26570,22381,15745,5410,884,7938,2427,1868,NA,6985,2404,366,2628,986,1016,2404,550,4888,1690,1164
"345","KISUMU","NYAKACH","SubCounty",26453,22850,12829,511,1611,10523,5868,4344,NA,4206,7577,400,2916,2426,7430,2528,340,6498,1574,227
"346","HOMA BAY","HOMA BAY","County",193812,179727,68877,1977,21889,111932,58238,47972,NA,16258,56152,3462,15109,23022,61360,18769,2532,53518,25278,3263
"347","HOMA BAY","HOMA BAY","SubCounty",16401,14776,5642,99,1725,9772,4272,3300,NA,1466,3994,325,1741,2416,5257,1614,315,5302,2270,222
"348","HOMA BAY","NDHIWA","SubCounty",40976,39664,8752,337,7601,30245,14918,11860,NA,3376,14761,869,2731,4692,16062,2732,403,14267,17233,328
"349","HOMA BAY","RACHUONYO NORTH","SubCounty",32414,29483,16472,154,1673,14962,7063,4294,NA,5872,4168,350,2742,1340,13057,4247,452,5679,765,1494
"350","HOMA BAY","RACHUONYO EAST","SubCounty",23388,22300,7449,91,2606,14948,8576,10275,NA,840,13021,412,1456,3721,6550,1681,161,8042,1419,125
"351","HOMA BAY","RACHUONYO SOUTH","SubCounty",23419,22164,6122,140,2608,14084,7991,7969,NA,710,9752,355,1281,3930,8186,2352,224,7198,968,152
"352","HOMA BAY","RANGWE","SubCounty",22145,21005,7651,956,3273,12531,9251,6651,NA,1420,5824,576,1863,4123,8898,2167,277,7448,1634,494
"353","HOMA BAY","SUBA NORTH","SubCounty",17645,14975,8722,81,782,7190,1731,1346,NA,1399,2006,198,1726,1044,1431,1711,398,2914,424,333
"354","HOMA BAY","SUBA SOUTH","SubCounty",17424,15360,8067,119,1621,8200,4436,2277,NA,1175,2626,377,1569,1756,1919,2265,302,2668,565,115
"355","MIGORI","MIGORI","County",169958,156039,28039,NA,24080,98634,62251,61576,NA,5511,56025,4584,13375,21117,36245,16599,2541,54924,35791,NA
"356","MIGORI","AWENDO","SubCounty",20101,18804,1635,NA,2896,10379,6215,4837,NA,654,9126,237,849,2975,5604,525,146,7076,10948,NA
"357","MIGORI","KURIA EAST","SubCounty",14610,13830,4301,NA,3013,11393,5016,8034,NA,587,8068,1063,2150,3328,3312,4837,388,7583,1251,NA
"358","MIGORI","KURIA WEST","SubCounty",28212,26535,5863,NA,3580,19450,9870,16302,NA,772,8328,1414,2969,4872,5988,4163,477,11080,1539,NA
"359","MIGORI","NYATIKE","SubCounty",26354,21396,7950,NA,3345,10193,8735,6103,NA,1056,1351,297,2510,691,2705,3151,763,3180,835,NA
"360","MIGORI","RONGO","SubCounty",19910,18699,1415,NA,2691,9499,5982,5519,NA,400,10016,423,919,2977,4629,651,153,7134,8328,NA
"361","MIGORI","SUNA EAST","SubCounty",18705,17353,1537,NA,1937,12196,6177,5950,NA,692,7795,349,1009,2153,4854,619,144,6411,3174,NA
"362","MIGORI","SUNA WEST","SubCounty",17050,15736,2908,NA,3183,9081,9022,5760,NA,459,2270,308,1284,939,2302,1649,194,3974,579,NA
"363","MIGORI","URIRI","SubCounty",25016,23686,2430,NA,3435,16443,11234,9071,NA,891,9071,493,1685,3182,6851,1004,276,8486,9137,NA
"364","KISII","KISII","County",219853,194138,31358,NA,12622,141895,18851,24900,NA,4062,147402,7271,8830,44787,14773,41160,NA,129308,29793,NA
"365","KISII","ETAGO","SubCounty",15099,13639,2610,NA,1430,10198,2505,2205,NA,332,8568,398,746,3010,2328,2774,NA,7313,6911,NA
"366","KISII","GUCHA","SubCounty",15067,13349,1927,NA,750,9267,1388,1971,NA,343,9946,350,404,2085,1300,2233,NA,9132,1979,NA
"367","KISII","GUCHA SOUTH","SubCounty",15386,14291,3434,NA,886,10459,1901,2173,NA,600,9081,342,713,2745,3355,4223,NA,9000,3355,NA
"368","KISII","KENYENYA","SubCounty",23613,20895,2432,NA,1762,15730,1592,3466,NA,257,16501,868,709,3328,488,2815,NA,13128,2646,NA
"369","KISII","KISII CENTRAL","SubCounty",24658,19737,1647,NA,863,13871,1543,2264,NA,250,16889,856,913,5322,237,2300,NA,15368,3695,NA
"370","KISII","KISII SOUTH","SubCounty",22532,19966,2768,NA,917,13488,2614,1875,NA,397,16249,431,600,4684,2929,2662,NA,11945,4139,NA
"371","KISII","KITUTU CENTRAL","SubCounty",20197,16904,2017,NA,644,10689,1865,1987,NA,495,12077,457,814,3959,1377,2922,NA,10197,1618,NA
"372","KISII","MARANI","SubCounty",21857,20035,7851,NA,622,16119,2007,1536,NA,330,15128,599,1250,6551,2129,7854,NA,14200,2218,NA
"373","KISII","MASABA SOUTH","SubCounty",23932,21336,2890,NA,2527,18773,1063,2952,NA,598,16946,1632,1344,6354,110,6510,NA,16125,1259,NA
"374","KISII","NYAMACHE","SubCounty",24952,22570,2258,NA,1614,15565,1202,2874,NA,203,17153,1014,848,4337,136,4559,NA,15026,1115,NA
"375","KISII","SAMETA","SubCounty",12560,11416,1524,NA,607,7736,1171,1597,NA,257,8864,324,489,2412,384,2308,NA,7874,858,NA
"376","NYAMIRA","NYAMIRA","County",110028,89330,10634,NA,7009,73139,6117,13058,6094,1367,73928,6758,6525,27871,2934,24192,NA,71185,11480,803
"377","NYAMIRA","BORABU","SubCounty",10890,8241,1209,NA,1966,7949,525,2263,568,173,6641,1598,1156,3121,142,2587,NA,7244,1470,102
"378","NYAMIRA","MANGA","SubCounty",18096,14971,1566,NA,767,11840,1319,1929,1040,204,13727,909,911,5775,99,4301,NA,13268,2407,129
"379","NYAMIRA","MASABA NORTH","SubCounty",20678,17087,1921,NA,1715,14621,972,2537,1200,304,14128,1207,1043,5775,137,4889,NA,13799,1807,186
"380","NYAMIRA","NYAMIRA NORTH","SubCounty",31900,26777,2931,NA,1510,21226,2210,4019,1326,320,20950,1616,1755,5446,1387,5678,NA,18212,2669,172
"381","NYAMIRA","NYAMIRA SOUTH","SubCounty",28464,22254,3007,NA,1051,17503,1091,2310,1960,366,18482,1428,1660,7754,1169,6737,NA,18662,3127,214
"382","NAIROBI CITY","NAIROBI CITY","County",32258,9867,NA,NA,NA,7610,NA,NA,NA,NA,NA,NA,NA,NA,NA,NA,NA,9573,NA,NA
"383","NAIROBI CITY","DAGORETTI","SubCounty",5691,2319,NA,NA,NA,2029,NA,NA,NA,NA,NA,NA,NA,NA,NA,NA,NA,2057,NA,NA
"384","NAIROBI CITY","EMBAKASI","SubCounty",3224,699,NA,NA,NA,526,NA,NA,NA,NA,NA,NA,NA,NA,NA,NA,NA,704,NA,NA
"385","NAIROBI CITY","KAMUKUNJI","SubCounty",459,95,NA,NA,NA,63,NA,NA,NA,NA,NA,NA,NA,NA,NA,NA,NA,99,NA,NA
"386","NAIROBI CITY","KASARANI","SubCounty",6136,1904,NA,NA,NA,1283,NA,NA,NA,NA,NA,NA,NA,NA,NA,NA,NA,1934,NA,NA
"387","NAIROBI CITY","KIBRA","SubCounty",737,187,NA,NA,NA,152,NA,NA,NA,NA,NA,NA,NA,NA,NA,NA,NA,201,NA,NA
"388","NAIROBI CITY","LANG'ATA","SubCounty",1712,533,NA,NA,NA,414,NA,NA,NA,NA,NA,NA,NA,NA,NA,NA,NA,734,NA,NA
"389","NAIROBI CITY","MAKADARA","SubCounty",639,106,NA,NA,NA,77,NA,NA,NA,NA,NA,NA,NA,NA,NA,NA,NA,92,NA,NA
"390","NAIROBI CITY","MATHARE","SubCounty",735,178,NA,NA,NA,142,NA,NA,NA,NA,NA,NA,NA,NA,NA,NA,NA,147,NA,NA
"391","NAIROBI CITY","NJIRU","SubCounty",10642,2950,NA,NA,NA,2180,NA,NA,NA,NA,NA,NA,NA,NA,NA,NA,NA,2715,NA,NA
"392","NAIROBI CITY","STAREHE","SubCounty",483,158,NA,NA,NA,124,NA,NA,NA,NA,NA,NA,NA,NA,NA,NA,NA,113,NA,NA
"393","NAIROBI CITY","WESTLANDS","SubCounty",1800,738,NA,NA,NA,620,NA,NA,NA,NA,NA,NA,NA,NA,NA,NA,NA,777,NA,NA
